ああす,asu,亜明日
ああと,ato,亜々人
あい,ai,藍
あいいち,aichi,愛一,藍一
あいいちろう,aichirou,愛一朗,愛一郎
あいが,aiga,亜伊雅
あいきち,aikichi,相吉
あいさく,aisaku,愛作,愛策
あいし,aishi,愛史,愛士,愛志
あいじ,aiji,愛司,愛嗣,愛児,愛次,愛治,愛二
あいじろう,aijirou,愛慈郎,愛二郎
あいすい,aisui,愛水
あいすけ,aisuke,愛介,愛助,愛輔
あいせい,aisei,愛正,愛生
あいぞう,aizou,愛三,愛象,愛蔵,愛造
あいたつ,aitatsu,相達
あいたろう,aitarou,愛太郎
あいちろう,aichirou,愛智朗
あいと,aito,愛徒,愛和,藍人
あいどう,aidou,愛童
あいなり,ainari,愛成
あいのすけ,ainosuke,愛之助
あいひこ,aihiko,愛彦
あいひつ,aihitsu,愛弼
あいむ,aimu,愛夢
あいや,aiya,愛矢
あいゆき,aiyuki,愛之
あいろう,airou,亜伊朗
あおき,aoki,蒼輝,碧樹
あいく,aiku,藍久
あおぐ,aogu,仰
あおし,aoshi,青,蒼
あおぞら,aozora,青空
あおと,aoto,碧仁,碧斗
あおひろ,aohiro,青洋
あおまつ,aomatsu,青松
あかし,akashi,赫,朱史,朱志,証,証史,証志,丹,丹史,灯,明,明史,明士,明志,證
あかつき,akatsuki,暁,曉
あかひこ,akahiko,赤彦
あかひと,akahito,赤人
あかる,akaru,明
あがと,agato,吾雅人,彩加人
あがむ,agamu,崇
あきい,aki,秋偉
あきいさ,akisa,明勲
あきいち,akichi,明一
あきうみ,akiumi,央海,暁海,明海
あきお,akio,亜喜央,亜喜夫,亜希生,亜希夫,亜希雄,亜希郎,亜季生,亜紀生,亜紀夫,亜紀雄,亜規生,亜規夫,亜記夫,亜貴雄,亜樹夫,亜木男,旭緒,旭生,旭男,安岐雄,安貴夫,安輝朗,安騎夫,安芸夫,安芸雄,安樹男,映生,映雄,瑛生,央雄,覚男,輝雄,亨夫,暁,暁央,暁星,暁生,暁男,暁夫,暁甫,暁雄,暁朗,暁郎,啓雄,謙雄,顕央,顕生,顕男,顕夫,顕雄,顕郎,光巨,光男,光郎,晃園,晃央,晃希男,晃士,晃緒,晃生,晃大,晃男,晃夫,晃雄,晃朗,晃郎,嗣夫,秋生,秋男,秋夫,秋穂,秋雄,秋郎,商生,彰緒,彰織,彰人,彰生,彰大,彰男,彰夫,彰勇,彰雄,彰朗,彰郎,招夫,昌央,昌夫,昭央,昭生,昭男,昭夫,昭雄,昭陽,昭朗,昭郎,晶生,晶男,晶夫,晶雄,晶朗,晶郎,照郎,祥夫,祥雄,章央,章翁,章史,章緒,章臣,章生,章男,章夫,章雄,章朗,章郎,紹央,紹夫,聡央,聡男,聡伯,聡夫,聡明,知雄,聴郎,哲央,哲生,哲男,哲夫,哲扶,哲雄,彬夫,彬雄,彬朗,朋夫,明央,明欧,明王,明乙,明官,明喜央,明季雄,明紀夫,明輝雄,明巨,明士,明植,明生,明大,明男,明百,明夫,明穂,明雄,明朗,明郎,揚夫,曜生,陽生,陽男,陽夫,陽郎,亮央,亮生,亮男,亮夫,亮雄,亮郎,量夫,玲央,玲雄,礼郎,朗央,朗王,朗生,朗男,朗夫,朗雄,曉生,聰夫,聰郎,韶夫
あきおう,akiou,章央,章王,明應
あきおみ,akiomi,亜希臣,亜樹臣,顕臣,晃臣,昭臣,章臣,明臣,亮臣
あきおり,akiori,明織
あきかず,akikazu,暁一,暁万,暁和,顕一,晃和,秋千,彰一,昭一,昭和,章一,章和,聡一,明一,明和,陽和
あきかつ,akikatsu,昭勝,明克
あききよ,akikiyo,朗清
あきくに,akikuni,啓邦,晃邦,彰邦,昭訓,昭邦,明國
あきさだ,akisada,晃禎,彰貞,明貞,亮定
あきさと,akisato,晃聡,晃里,彰聡,昭郷,章里,明聖,明聡,明伶
あきし,akishi,晃之,全志,明志
あきしげ,akishige,安樹繁,秋成,彰重,彰繁,成臣,聡重,明成,明繁,璋重
あきしょう,akishou,晃章
あきしろ,akishiro,彰城,明城
あきじ,akiji,亜樹治,安芸路,暁児,秋治,彰士,昌二,昭二,章司,章二,明司,明史,明嗣,明士,明二
あきじゅ,akiju,哲樹
あきじろう,akijirou,暁次朗
あきすけ,akisuke,暁典,暁祐,晃典,昭輔,萌輔,璃祐,顯亮
あきすみ,akisumi,明純
あきずみ,akizumi,章純,誠純,明純
あきぞう,akizou,秋造
あきたか,akitaka,亜紀孝,亨岳,暁宜,暁崇,暁生,暁万,空高,顕貴,顕恭,顕敬,顕孝,晃及,晃孝,晃崇,晃隆,秋孝,彰貴,彰教,彰孝,彰高,彰隆,昭毅,昭貴,昭孝,昭高,昭崇,昭隆,章貴,章敬,章孝,章高,章隆,聡宮,彬孝,文貴,明貴,明敬,明孝,明高,明隆,銘教,陽崇,陽豊,亮乙,亮尚,朗孝
あきたけ,akitake,暁威,暁岳,暁丈,秋武,彰威,昭丈,陽武
あきただ,akitada,顕忠,彰但,明忠,亮允,亮忠
あきたつ,akitatsu,秋龍,昭達,明達
あきち,akichi,亜吉
あきちか,akichika,秋親,彰近,晶親,章愛,章近,翠允,明史,亮親
あきつ,akitsu,秋津,昭津
あきつぐ,akitsugu,輝丞,顕嗣,光嗣,晃亜,晃継,晃嗣,晃次,淳世,彰貢,彰二,昭継,昭嗣,昭次,章継,章告,章嗣,章次,明継,明嗣,明次,明二,亮嗣,亮次
あきつな,akitsuna,秋綱,明綱
あきつね,akitsune,彰恒,明恒
あきてつ,akitetsu,明哲
あきてる,akiteru,暁晃,暁照,顕輝,晃輝,晃照,彰輝,彰晃,章輝,章照,聡顕,明輝,明晃,明照,曉輝
あきと,akito,亜希人,亜希斗,亜紀人,亜紀斗,亜貴斗,亜輝人,阿規人,阿樹人,旭人,旭土,映仁,瑛人,瑛斗,鑑人,亨和,郷人,暁士,暁人,暁大,暁斗,暁登,暁到,啓人,慶二,顕人,現人,光人,晃人,晃斗,晃土,豪人,秋人,彰人,彰仁,彰斗,昌人,昭十,昭人,昭仁,昭斗,昭登,晶人,晶仁,照人,章人,章仁,章斗,章登,章門,紹人,成人,壮人,爽人,聡人,哲人,彬人,彬斗,明希人,明人,明仁,明水,明斗,明登,明都,明東,陽人,陽登,亮人,亮斗,亮登,諒人,晟人,曉人
あきとき,akitoki,彰時
あきとし,akitoshi,旭寿,央賢,暁俊,顕寿,顕俊,顕年,晃寿,晃俊,晃年,晃敏,晃利,晃壽,秋寿,秋利,彰俊,彰年,彰敏,彰利,昭紀,昭寿,昭充,昭俊,昭年,昭敏,昭稔,昭利,晶俊,晶年,晶敏,章寿,章年,章敏,章稔,章利,成章,壮健,哲淑,哲俊,哲智,哲年,日俊,彬淑,明紀,明憲,明寿,明俊,明聡,明敏,明稔,明要,明利,陽俊,陽稔,璃斉,亮寿,亮俊,亮年,亮齢,朗利
あきとみ,akitomi,晃富,章富
あきとも,akitomo,旭伴,暁友,啓誠,顕知,顕友,晃丈,秋智,秋朝,秋友,昭知,昭智,昭倫,祥智,章智,章友,紹智,聡伯,明共,明丈,明知,明智,明倫,陽智,亮朋,亮友,朗智
あきとよ,akitoyo,昭豊,哲豊
あきなお,akinao,映有,昂直,晃巨,昭直,明尚,明直,亮直,諒直
あきなが,akinaga,顕永,光永,晃永,彰長,章永,哲永,明永,明長,陽永,瞭永
あきなり,akinari,郷成,暁就,暁誠,顕成,顕生,現成,晃成,晃誠,秋成,秋也,彰也,昭成,昭也,晶成,晶也,章成,章也,哲也,明成,明稔,明也,揚也,陽哉,陽成,陽誠,亮宜,亮成,朗誠,朗也
あきなる,akinaru,明愛
あきのすけ,akinosuke,聰之輔
あきのぶ,akinobu,旭将,旭庸,映信,瑛信,監之,鑑頌,亨暢,暁延,暁喜,暁経,暁信,暁進,暁宣,啓修,健生,謙信,顕伸,顕信,顕正,晃延,晃伸,晃申,晃宣,晃暢,秋順,秋信,秋宣,淳允,淳伸,彰延,彰修,彰伸,彰信,彰宣,彰展,彰布,昌修,昭允,昭延,昭伸,昭信,昭宣,昭暢,昭展,昭亘,晶伸,晶信,晶宣,晶房,照展,章修,章伸,章信,章申,章暢,章展,章敦,章亘,聡寿,聡将,聡伸,聡信,聡申,聡之,哲信,彬修,彬伸,彬宣,明延,明史,明修,明将,明伸,明信,明晋,明宣,明布,明庸,曜宣,陽進,陽展,陽之,亮伸,亮信,亮暢,亮敦,朗伸,晟伸
あきのり,akinori,亜貴憲,旭紀,旭規,旭度,映憲,映典,瑛基,益功,海里,覚範,幹勲,希典,輝紀,輝典,輝徳,享範,暁紀,暁規,暁教,暁憲,暁功,暁昇,暁成,暁生,暁宣,暁則,暁典,暁徳,暁倫,啓紀,啓規,啓訓,啓徳,顕紀,顕規,顕教,顕矩,顕功,顕則,顕智,顕徳,顕範,顕陛,顕法,顕明,公範,晃永,晃雅,晃紀,晃規,晃教,晃敬,晃憲,晃功,晃康,晃式,晃順,晃昇,晃章,晃成,晃則,晃典,晃道,晃徳,晃範,晃律,晃礼,秋紀,秋教,秋則,秋典,秋徳,秋範,彰威,彰基,彰紀,彰規,彰記,彰儀,彰議,彰教,彰訓,彰慶,彰敬,彰経,彰憲,彰孝,彰康,彰臣,彰仁,彰宣,彰則,彰典,彰徳,彰範,彰法,彰理,彰律,彰倫,彰礼,昌則,昌徳,昌伯,昭紀,昭規,昭教,昭慶,昭憲,昭謙,昭考,昭史,昭成,昭宣,昭則,昭智,昭典,昭徳,昭範,昭法,昭稔,晶紀,晶規,晶敬,晶憲,晶則,晶徳,晶範,晶律,晶倫,照宣,照哲,祥則,祥伯,章雅,章介,章寛,章紀,章記,章教,章矩,章訓,章敬,章憲,章功,章史,章寿,章則,章代,章智,章哲,章典,章登,章統,章徳,章之,章範,章文,章律,章倫,章鉉,紹恭,詔範,信憲,晋玄,成列,誠寛,誠礼,宣徳,聡紀,聡規,聡教,聡孝,聡仁,聡則,聡典,聡里,哲毅,哲紀,哲規,哲宜,哲功,哲宗,哲章,哲政,哲宣,哲典,哲徳,哲範,哲律,徹訓,彬紀,彬憲,朋仙,明賀,明寛,明紀,明記,明軌,明教,明矩,明訓,明慶,明憲,明謙,明功,明孝,明周,明昇,明績,明宣,明則,明忠,明哲,明典,明道,明徳,明伯,明範,明文,明法,明誉,明律,明倫,曜土,陽規,陽周,陽則,陽方,了紀,亮紀,亮規,亮宜,亮憲,亮考,亮至,亮宗,亮舟,亮章,亮肖,亮則,亮智,亮典,亮徳,亮範,玲規,玲典,朗紀,朗記,朗慎,朗成,朗典,朗徳,朗法,晟徳,晟範,暉規,曉典
あきは,akiha,陽映
あきはる,akiharu,暁治,晃治,秋春,昭治,昭春,昭晴,章治,章晴,明治,明晴,明大,陽開,亮治,亮晴
あきひ,akihi,映日
あきひこ,akihiko,亜希彦,亜紀彦,亜規彦,亜輝彦,亜樹彦,旭比古,旭彦,安喜彦,安紀彦,安芸彦,映彦,瑛彦,暁比古,暁彦,顕光,顕彦,昂彦,晃彦,秋彦,彰彦,招彦,昌彦,昭比古,昭彦,晶彦,章光,章孫,章彦,成彦,清彦,精彦,爽彦,聡比古,聡彦,哲彦,彬彦,朋彦,明光,明比古,明彦,有希彦,陽彦,亮彦,玲彦,礼彦,朗彦
あきひさ,akihisa,亜生久,安希央,安希久,安紀久,映寿,瑛久,覚久,輝久,暁永,暁央,暁久,暁寿,啓久,啓尚,敬久,顕久,光久,昂久,晃永,晃央,晃久,晃史,晃尚,秋久,秋寿,彰久,彰寿,彰尚,昌久,昭久,昭寿,昭尚,昭仙,昭壽,晶久,照久,祥久,章央,章久,章寿,章尚,章之,紹久,成寿,精寿,聡央,聡久,聡尚,聡之,哲久,哲寿,彬央,明永,明央,明久,明寿,明尚,陽久,亮久,亮寿,亮尚,亮壽,朗久
あきひで,akihide,阿輝英,映秀,紀秀,顕栄,顕秀,晃栄,晃英,晃央,晃豪,晃秀,晃任,嗣豪,秋英,秋秀,彰英,彰秀,昭英,昭秀,晶英,照英,章栄,章英,章秀,聡英,聡秀,聴英,哲英,哲秀,明映,明栄,明英,明秀,陽英,亮栄,亮英,亮秀,玲秀,朗英,朗豪
あきひと,akihito,亜基人,亜希仁,亜季人,旭人,旭仁,映人,映仁,瑛一,瑛仁,覚人,鑑人,輝人,輝仁,義人,亨仁,享仁,暁寛,暁史,暁人,暁仁,啓人,啓仁,敬人,研史,顕史,顕人,晃史,晃士,晃人,晃仁,秋一,秋人,秋仁,淳史,彰一,彰史,彰士,彰人,彰仁,昌人,昭一,昭史,昭儒,昭人,昭仁,昭等,昭民,晶士,晶人,晶仁,照人,祥史,祥士,祥仁,章公,章史,章人,章仁,成仁,誠士,誠人,壮史,壮人,聡人,聡仁,哲史,哲士,哲人,哲仁,彬史,彬人,彬仁,文人,明一,明史,明士,明人,明仁,明兵,盟人,裕人,揚人,陽人,陽仁,亮史,亮人,亮仁,諒人,玲史,玲人,朗史,朗人,朗仁,曉人,皓人
あきひら,akihira,彰平
あきひろ,akihiro,亜紀弘,亜貴弘,旭寛,旭宏,旭弘,旭浩,旭紘,旭博,旭洋,右裕,映博,瑛寛,瑛宏,瑛弘,瑛太,瑛大,瑛雄,瑛皓,央尋,旺裕,開拓,覚博,紀広,輝弘,輝大,輝裕,輝洋,亨浩,享宏,享泰,尭宏,尭大,尭宙,暁央,暁拡,暁寛,暁宏,暁広,暁弘,暁浩,暁泰,暁大,暁博,暁豊,暁裕,暁洋,啓央,啓宏,啓広,啓紘,啓大,啓宙,啓博,啓裕,研裕,謙宏,謙佑,顕啓,顕宏,顕広,顕弘,顕浩,顕紘,顕尋,顕博,顕祐,顕裕,顕洋,吾紀明,光洋,晃央,晃寛,晃啓,晃敬,晃宏,晃広,晃弘,晃浩,晃紘,晃周,晃大,晃展,晃博,晃平,晃弥,晃裕,晃洋,秋寛,秋宏,秋広,秋弘,秋浩,秋尋,秋拓,秋博,秋裕,秋洋,秋廣,淳紘,将洋,彰寛,彰啓,彰敬,彰宏,彰広,彰弘,彰浩,彰紘,彰泰,彰大,彰博,彰比呂,彰弥,彰祐,彰裕,彰洋,彰廣,招完,昌宏,昌広,昌弘,昌浩,昌大,昌裕,昭嘉,昭寛,昭啓,昭光,昭宏,昭広,昭弘,昭浩,昭紘,昭祥,昭仁,昭尋,昭大,昭博,昭彦,昭祐,昭裕,昭洋,昭廣,晶寛,晶啓,晶宏,晶広,晶弘,晶浩,晶太,晶大,晶博,晶悠,晶裕,晶洋,照浩,照大,照裕,祥寛,祥宏,祥博,章央,章寛,章啓,章敬,章公,章宏,章広,章弘,章浩,章紘,章仁,章尋,章泰,章大,章展,章博,章祐,章裕,章洋,章廣,紹寛,紹弘,穣大,晋啓,晋弘,晋大,成敬,成弘,成泰,成宙,成博,成裕,成洋,精浩,誠広,斉弘,壮広,聡啓,聡宏,聡浩,聡大,聡彦,聡裕,聡洋,知弥,知裕,哲寛,哲宏,哲広,哲弘,哲浩,哲大,哲博,哲裕,哲洋,彬寛,彬弘,彬浩,彬大,彬博,彬裕,彬廣,文浩,文博,朋弘,明央,明完,明寛,明啓,明慶,明宏,明広,明弘,明浩,明紘,明丈,明尋,明大,明拓,明典,明博,明彦,明凡,明裕,明洋,明廣,明煕,曜宏,洋彰,陽啓,陽宏,陽広,陽弘,陽浩,陽太,陽大,陽博,陽洋,了浩,亮寛,亮宏,亮広,亮弘,亮浩,亮紘,亮大,亮博,亮明,亮弥,亮裕,亮洋,玲洋,露裕,朗啓,朗広,朗弘,朗浩,朗大,朗博,朗裕,壯洋,暉大,曉泰,曉洋,滉大,皓広,皓博,翔大,聰浩,聰亘,聽宏
あきふさ,akifusa,晃房,朱房,昭成,章房,明房,亮英
あきふみ,akifumi,亜希文,旭史,映史,映文,瑛史,覚章,輝史,暁史,暁文,顕史,晃史,晃文,秋史,秋文,将文,彰史,彰章,彰文,昌史,昭史,昭文,晶史,晶章,晶文,照史,祥文,章史,章文,紹文,詔文,信文,成史,聡史,聡文,哲史,哲章,哲文,彬史,彬文,明史,明典,明文,諭史,揚史,陽史,陽文,亮史,亮文,朗史,暉文,曉文
あきま,akima,諒馬
あきまさ,akimasa,暁修,暁昌,暁正,啓正,顕匡,顕正,晃雅,晃匡,晃将,晃昌,晃正,晃聖,晃誠,彰允,彰雅,彰昌,彰正,彰優,昭昌,昭政,昭正,章雅,章巨,章匡,章公,章将,章昌,章真,章政,章正,章督,成匡,壮優,哲正,哲斉,明将,明昌,明真,明政,明正,明稚,明優,陽正,亮成,亮正,暉昌,曉昌
あきまろ,akimaro,明磨
あきみ,akimi,昌巳,章巳,陽充
あきみち,akimichi,映道,顕真,顕道,晃充,晃道,秋道,彰道,彰路,昭道,章成,章達,章通,章道,哲理,哲路,明道,明倫,亮径,亮道
あきみつ,akimitsu,映光,輝三,暁光,暁充,顕光,顕充,晃光,晃三,晃充,秋光,秋実,秋満,彰充,昌光,昭光,昭泉,昭満,晶光,晶充,章允,章光,章充,章満,聴充,哲光,彬光,彬充,明光,明三,明盛,明満,陽光,亮光,亮実,朗光,朗充
あきみね,akimine,秋嶺,明峰
あきむ,akimu,暁夢
あきむね,akimune,秋宗,明宗
あきむら,akimura,秋村
あきもと,akimoto,晃基,秋元,彰基,章元,明基
あきもり,akimori,秋守,昭守,明盛,明杜
あきや,akiya,亜希也,旭哉,暁哉,暁也,光哉,晃也,秋弥,彰也,昭哉,昭也,晶也,祥也,章也,詳也,誠也,哲哉,彬也,明季哉,明哉,明也,明弥,朗也,晟矢
あきやす,akiyasu,暁康,晃康,晃保,晃靖,彰恭,彰康,彰泰,彰保,晶康,章安,明恭,明康,明保,陽安,炳康
あきゆき,akiyuki,映幸,映行,輝之,暁之,顕行,顕至,顕之,晃幸,晃征,晃之,秋幸,彰幸,彰行,彰志,彰之,昭幸,昭行,昭志,昭如,昭之,晶幸,晶行,晶之,祥之,章行,章之,誠之,聡之,哲之,彬之,明幸,明行,明志,明之,揚行,陽之,亮行,亮之,朗幸,曉幸
あきよし,akiyoshi,亜紀義,旭克,旭芳,瑛芳,輝吉,暁快,暁義,暁慶,暁好,暁宣,暁良,顕愛,顕佳,顕嘉,顕貴,顕義,顕能,光由,晃佳,晃可,晃幹,晃喜,晃義,晃吉,晃圭,晃慶,晃功,晃好,晃幸,晃祥,晃詳,晃整,晃美,晃芳,晃由,晃良,晃令,秋義,秋吉,秋善,秋良,彰佳,彰義,彰慶,彰剛,彰克,彰時,彰祥,彰代史,彰美,彰芳,彰良,昌良,昭悦,昭佳,昭嘉,昭介,昭喜,昭宜,昭義,昭吉,昭慶,昭好,昭孔,昭剛,昭克,昭省,昭祥,昭善,昭全,昭辰,昭徳,昭美,昭彦,昭芳,昭良,晶允,晶祥,晶詳,晶由,照宜,照剛,章伊,章佳,章嘉,章介,章喜,章宜,章義,章吉,章圭,章慶,章賢,章功,章好,章孔,章充,章純,章祥,章善,章之,章能,章由,章良,晋伊,成祥,聡剛,旦佳,哲佳,哲義,哲慶,哲純,哲良,徹佳,文啓,文誉,明佳,明可,明嘉,明快,明幹,明喜,明宜,明義,明吉,明啓,明慶,明敬,明好,明克,明住,明昌,明世司,明善,明禎,明美,明芳,明由,明良,耀義,陽吉,陽芳,陽稔,陽良,了義,亮佳,亮嘉,亮介,亮吉,亮良,亮林,諒佳,朗吉,朗好,朗昌
あきより,akiyori,暁世利,彰偉,信頼,聡由,陽和
あきら,akira,亜喜良,亜希良,亜紀良,亜貴良,亜輝羅,旭,旭良,威,叡,映,映良,瑛,英,央,旺,果,確,覚,監,鑑,輝,亨,享,卿,興,鏡,尭,暁,暁良,啓,慧,敬,景,憲,見,顕,顕晃,顕彰,顕良,現,光,公,昂,晃,晃良,講,高,在,賛,爾,秋良,淳,将,彰,彰夫,彰良,昌,昭,昭良,昭郎,晶,晶良,照,祥,祥良,章,章良,詔,詳,信,審,新,晋,翠,成,正,清明,清朗,精,聖,聖夜,誠,宣,詮,鮮,全,壮,爽,聡,聡良,存,丹,旦,智,暢,聴,直加,哲,哲良,徹,東,頭良,瞳,徳,日明,肇,発,彬,文,文彬,命,明,明貴良,明神,明生,明頼,明良,明朗,盟,靖,諭,有季羅,融,曜,耀,陽,翌,了,亮,亮生,亮良,亮朗,僚,瞭,良,諒,玲,礼,麗,烈,露,朗,倬,敞,晁,晨,晨等,晟,晢,暉,曉,洸来,滉,璋,皎,皓,翔,聰,顯,黎
あきろう,akirou,輝郎,暁郎,晃朗,秋朗,彰朗,昭朗,昭郎,晶郎,明朗,明郎
あきを,akio,朗緒
あくと,akuto,亜久登
あくり,akuri,亜久利
あぐり,aguri,亜久里,阿久利
あぐる,aguru,挙
あけお,akeo,暁生,暁男,暁夫,暁雄,曙夫,明生,明朗
あけくに,akekuni,曙邦
あけし,akeshi,明司,明嗣,明志
あけじろう,akejirou,明治郎
あけと,aketo,曙人,明人
あけのぶ,akenobu,明昇
あけひこ,akehiko,明彦
あけひさ,akehisa,朱久
あけひで,akehide,明秀
あけみつ,akemitsu,曙光,明光
あけゆき,akeyuki,曙行
あけよし,akeyoshi,朱芳,曙義,明義
あける,akeru,暁
あさいち,asaichi,朝一
あさお,asao,亜佐夫,浅男,浅夫,浅雄,朝生,朝男,朝夫,朝雄,朝郎,麻生,麻男,麻夫,麻雄,晨夫
あさかず,asakazu,朝一,朝和
あさき,asaki,阿佐樹,浅輝,朝喜,朝希,朝紀,朝記,朝輝,朝樹,麻樹
あさきち,asakichi,朝吉
あさし,asashi,朝士,麻志
あさじ,asaji,朝治,麻司
あさた,asata,麻太
あさたろう,asatarou,朝太郎,麻太郎
あさてる,asateru,朝輝
あさと,asato,亜郷,亜佐人,亜沙人,亜聡,阿里,安里,元人,浅人,朝人,日人,麻人,麻斗,麻登
あさとし,asatoshi,朝斗志
あさなお,asanao,朝尚
あさなり,asanari,朝成
あさのぶ,asanobu,朝薫,朝信
あさのり,asanori,麻記
あさはる,asaharu,朝春
あさひ,asahi,阿佐飛,阿沙陽,旭,朝飛
あさひこ,asahiko,阿佐彦,浅彦,朝彦,麻比古,麻比児,晁彦
あさひと,asahito,朝仁
あさひろ,asahiro,麻弘,麻大
あさふみ,asafumi,朝史
あさむ,asamu,麻夢
あさや,asaya,朝也,麻哉,麻矢
あしお,ashio,葦夫
あした,ashita,晨
あすお,asuo,亜州男
あすき,asuki,明日希,明日樹
あすた,asuta,明日太
あすと,asuto,明日人
あすなり,asunari,明日成
あずさ,azusa,梓
あずま,azuma,吾寸磨
あせい,asei,亜世,亜成,亜星,亜生,亜精,亜聖,亜誠,阿聖
あたう,atau,与
あたか,ataka,亜啓
あたる,ataru,允,央,充,中,当,陽
あだん,adan,亜弾
あつあき,atsuaki,厚哲
あついち,atsuichi,篤一
あつえ,atsue,厚衛
あつお,atsuo,亜津夫,圧雄,温生,温男,温夫,温雄,温朗,功雄,厚生,厚男,厚夫,厚保,厚雄,厚朗,実雄,充生,充穂,充雄,淳士,淳生,淳男,淳夫,淳雄,淳郎,昌生,崇雄,篤央,篤臣,篤生,篤男,篤夫,篤雄,篤朗,篤郎,惇夫,惇雄,敦央,敦乙,敦重,敦緒,敦生,敦男,敦夫,敦勇,敦雄,敦朗,敦郎,熱生
あつおき,atsuoki,篤興
あつおみ,atsuomi,貴臣,厚臣,淳臣
あつか,atsuka,篤翔
あつき,atsuki,温紀,幹樹,貴記,暁希,功起,厚基,厚紀,厚輝,厚樹,充紀,充記,充輝,淳喜,淳基,淳希,淳揮,淳毅,淳紀,淳記,淳貴,淳輝,淳樹,純輝,純樹,昌樹,忠貴,徳毅,篤磯,篤喜,篤基,篤希,篤毅,篤紀,篤貴,篤輝,篤宜,篤己,篤樹,篤生,惇起,惇輝,敦磯,敦喜,敦基,敦岐,敦希,敦揮,敦紀,敦規,敦記,敦貴,敦己,敦哉,敦樹,敦生,熱気,豊己,有継
あつくに,atsukuni,篤邦,敦邦
あつご,atsugo,敦吾
あつし,atsushi,亜津司,亜津志,亜通志,亜都志,握,渥,渥司,渥史,渥士,安通志,逸,温,温司,温史,温士,温志,温思,温資,幹志,毅,貴司,貴史,貴士,貴志,享志,京史,京士,京志,京之,暁司,敬史,敬士,功司,功史,功嗣,功士,功次,厚,厚使,厚司,厚史,厚嗣,厚士,厚志,厚至,厚視,厚次,厚匠,厚仁,厚生,厚之,厚吏,孝司,孝史,孝嗣,孝志,宏志,皇史,剛史,充司,充史,充士,充志,充至,充俊,充之,重志,春史,春男,淳,淳司,淳史,淳嗣,淳士,淳始,淳志,淳至,淳視,淳詞,淳詩,淳慈,淳仁,淳之,淳巳,淳矢,純,純史,純士,醇,昌司,昌史,昌嗣,昌士,昌市,昌志,真司,真史,真志,専,暖,忠,忠司,衷志,展,徳,徳志,徳之,督,篤,篤伺,篤司,篤史,篤嗣,篤士,篤志,篤思,篤支,篤祉,篤至,篤詞,篤諮,篤賜,篤次,篤示,篤識,篤誠,篤積,篤之,篤吏,惇,惇司,惇史,惇嗣,惇士,惇志,惇之,敦,敦央,敦司,敦史,敦嗣,敦士,敦市,敦志,敦施,敦氏,敦至,敦視,敦詞,敦詩,敦誌,敦資,敦賜,敦只,敦之,敦睦,敦巳,敦吏,熱,熱志,濃,農,農史,農之,法司,豊司,豊史,睦,睦史,睦志,明津司,有志,陸,陸史,陸志,亮,亮志,亘,侑史,眞史,諄
あつしげ,atsushige,淳成,淳繁,忠薫,篤重,篤茂,敦成
あつじ,atsuji,温司,温次,厚司,充治,篤志,篤次,篤二,敦嗣,敦二
あつじろう,atsujirou,淳次朗
あつた,atsuta,敦太
あつたか,atsutaka,厚隆,淳孝,淳尚,淳誉,淳隆,篤敬,篤孝,敦貴,敦孝,敦誉,敦隆,豊貴
あつただ,atsutada,敦忠
あつたみ,atsutami,篤民
あつたろう,atsutarou,篤太郎,敦太郎
あつつね,atsutsune,篤恒
あつてる,atsuteru,享輝,厚輝,敦央,敦輝
あつと,atsuto,厚人,充人,淳人,督人,篤人,篤努,惇人,敦乙,敦人
あつとし,atsutoshi,温敏,貴紀,貴智,厚寿,厚俊,厚敏,厚利,孝俊,充俊,重毅,淳智,淳敏,淳利,篤俊,篤敏,篤利,惇俊,敦俊,敦利
あつとも,atsutomo,厚友,敦智,敦朋,敦友,陸文
あつなお,atsunao,温直,厚尚,篤直,敦尚
あつなが,atsunaga,淳永
あつなり,atsunari,貴誠,功成,厚成,淳成,昌成,篤成,敦也
あつの,atsuno,篤乃
あつのぶ,atsunobu,温信,厚伸,厚信,充伸,充展,淳伸,淳信,淳展,篤延,篤伸,篤信,篤宣,敦信,敦暢,敦之,敦庸,陸照
あつのり,atsunori,温教,温則,貴考,京律,功憲,功徳,厚紀,厚憲,厚宣,厚則,厚典,厚徳,厚範,宏宗,充紀,充教,充敬,充功,充宣,充則,充範,充律,充倫,淳紀,淳教,淳矩,淳考,淳仁,淳則,淳智,淳徳,淳範,淳文,昌憲,篤紀,篤宜,篤慶,篤憲,篤功,篤識,篤宣,篤則,篤典,篤徳,篤伯,篤範,篤法,篤礼,敦位,敦紀,敦規,敦敬,敦憲,敦功,敦史,敦慎,敦宣,敦則,敦智,敦典,敦統,敦徳,敦範
あつはる,atsuharu,圧治
あつひこ,atsuhiko,安津彦,貴彦,厚彦,充彦,重光,淳光,淳比古,淳彦,純彦,昌彦,暖彦,篤彦,敦比古,敦彦,睦彦
あつひさ,atsuhisa,温久,貴文,厚寿,宏寿,淳久,淳寿,篤寿,敦久,富久
あつひで,atsuhide,淳英,篤英,篤秀,敦秀
あつひと,atsuhito,厚人,厚仁,充人,重人,淳人,淳仁,昌士,篤一,篤史,篤人,篤仁,敦一,敦人,敦仁,豊人,睦人,睦仁
あつひろ,atsuhiro,温広,貴裕,京宏,京洋,敬洋,厚宏,厚広,厚弘,厚浩,厚仁,厚博,厚裕,厚洋,厚廣,充寛,充宏,充弘,淳寛,淳啓,淳公,淳宏,淳広,淳弘,淳浩,淳博,淳裕,淳洋,純寛,昌啓,昌広,昌弘,徳弘,篤寛,篤啓,篤敬,篤宏,篤広,篤弘,篤浩,篤大,篤博,篤弥,篤裕,篤洋,篤廣,惇弘,惇大,惇洋,敦寛,敦啓,敦宏,敦広,敦弘,敦浩,敦紘,敦大,敦博,敦裕,敦洋,敦廣,睦裕
あつふみ,atsufumi,充史,充文,淳史,淳文,篤史,篤文,惇記,敦郁,敦史,敦士,敦章,敦文
あつぶみ,atsubumi,篤史
あつま,atsuma,温真,篤真,篤麿
あつまさ,atsumasa,温雅,厚雅,厚真,充政,淳雅,淳真,篤将,篤昌,篤政,篤正,篤誠,篤優,敦雅,敦理,豊昌
あつまろ,atsumaro,貴麿,重麿
あつみ,atsumi,温実,敬省,厚見,厚己,厚臣,充仁,淳雅,淳己,淳視,淳実,淳親,淳巳,篤三,篤実,篤巳,敦海,敦己,敦実,敦充,敦生,敦巳,豊実
あつみち,atsumichi,敦道
あつむ,atsumu,亜摘,集,崇,積,総,侑
あつむね,atsumune,篤宗
あつもり,atsumori,敦守,敦盛
あつや,atsuya,亜津也,温也,貴哉,貴也,厚哉,厚也,厚弥,淳哉,淳也,純也,昌也,暖也,篤哉,篤也,篤弥,惇也,惇弥,敦哉,敦也,敦弥,睦哉
あつやす,atsuyasu,篤靖
あつゆき,atsuyuki,温幸,貴之,京是,厚幸,厚行,厚之,宏介,充行,淳幸,淳行,淳之,忠幸,篤幸,篤行,篤之,敦幸,敦行,敦章,敦如,敦之,惇行
あつよし,atsuyoshi,貴佳,厚喜,厚義,厚善,孝佳,宏成,充佳,淳佳,淳嘉,淳幹,淳喜,淳義,淳仁,淳善,淳禎,淳芳,淳与志,督益,篤佳,篤義,篤慶,篤好,篤斉,篤靖,篤良,惇由,敦伊,敦嘉,敦喜,敦義,敦好,敦孔,敦省,敦宣,敦由,敦良,穆義
あつより,atsuyori,貴之
あつろう,atsurou,温朗,厚朗,厚郎,充朗,充郎,淳朗,淳郎,篤朗,篤郎,惇郎,敦朗,敦郎
あづみ,azumi,愛積,安積
あとき,atoki,亜都生
あとむ,atomu,亜斗武,亜斗夢,亜杜武,亜登武,亜登夢,亜土夢,亜富,吾吐夢,吾渡夢,跡夢,与夢
あど,ado,亜土,愛土
あはと,ahato,亜羽人
あひこ,ahiko,亜彦
あひと,ahito,有人
あぶ,abu,亜武
あまと,amato,天人,天仁
あまね,amane,周,普,遍
あまひこ,amahiko,天彦
あむと,amuto,亜夢斗
あもん,amon,亜門
あやいちろう,ayaichirou,綾一郎
あやお,ayao,絢雄,綾夫,綾雄,彩夫,章夫,礼夫,礼朗
あやかず,ayakazu,綾一,英千
あやき,ayaki,綾己,彩樹,文喜,文紀,文貴,文樹,理己,理樹,綺基
あやし,ayashi,絢士
あやしろう,ayashirou,綾士郎
あやた,ayata,文太
あやたか,ayataka,綾貴,彩貴,文隆
あやたね,ayatane,文胤
あやたろう,ayatarou,礼太郎
あやと,ayato,亜耶人,絢人,絢斗,綾人,綾斗,郁人,彩人,彩仁,史人,文人,文登,理人,礼人,礼門
あやなお,ayanao,礼尚
あやのり,ayanori,絢則,綾則,郁恭,恵徳,文紀,文教,文憲,理教,理仁,礼智,礼徳
あやひこ,ayahiko,綾彦,文彦,礼彦
あやひさ,ayahisa,礼尚
あやひと,ayahito,英仁,彩仁,文人
あやひろ,ayahiro,文博,礼博
あやふみ,ayafumi,礼文
あゆお,ayuo,鮎夫
あゆし,ayushi,歩史
あゆた,ayuta,鮎太,歩太
あゆち,ayuchi,亜由智,愛由知
あゆと,ayuto,鮎人,歩人
あゆひこ,ayuhiko,亜由彦,鮎彦
あゆふみ,ayufumi,歩史
あゆま,ayuma,歩真
あゆみ,ayumi,渉,歩
あゆむ,ayumu,鮎夢,渉,道,歩,歩生,歩夢
あゆろう,ayurou,鮎郎
あらお,arao,新生
あらき,araki,新輝,新樹
あらし,arashi,荒矢,嵐,嵐士
あらた,arata,亜羅多,改,革,更,荒太,新,新太,新大,新朝
あらと,arato,荒人,新人,新都
あらひと,arahito,新人
あらや,araya,荒野
あらん,aran,亜嵐,亜蘭,阿蘭
ありあき,ariaki,有明
ありあつ,ariatsu,有淳
ありお,ario,有生,有夫
ありかつ,arikatsu,有勝
ありくに,arikuni,有国
ありしげ,arishige,有滋,有重,有成
ありずみ,arizumi,有純
ありたか,aritaka,在隆,有貴,有孝,有隆
ありたつ,aritatsu,有立
ありちか,arichika,有哉,有史,有誓
ありつね,aritsune,有恒
ありと,arito,愛利人,作都,有人,有登,有途,有都
ありとし,aritoshi,有俊,有年,有敏,有利
ありとも,aritomo,有智,有朝,有朋,有倫
ありのぶ,arinobu,有伸,有信,有展
ありのり,arinori,有則,有徳,有礼
ありひこ,arihiko,存彦,有彦
ありひで,arihide,有秀
ありひと,arihito,存人,也仁,有人,有仁
ありひろ,arihiro,在浩,存弘,存理,有玄,有宏,有広,有弘,有浩,有紘,有尋,有泰,有博,有洋
ありふみ,arifumi,存史,有史
ありほ,ariho,有穂
ありま,arima,在真
ありまさ,arimasa,在昌,在正,有雅,有将,有晶,有真,有政,有正,有理
ありみ,arimi,有己
ありみち,arimichi,在道,有道,有倫
ありみつ,arimitsu,在光,有光,有充
ありもち,arimochi,有望
ありもと,arimoto,在源,有基
ありやす,ariyasu,在康,有保
ありゆき,ariyuki,存之,有之
ありよし,ariyoshi,在仁,有巧,有善,有良
あるて,arute,有天
あると,aruto,亜留人,有人,有斗,有留斗
あるひろ,aruhiro,在弘
あるま,aruma,亜留馬,歩真,有馬
あわし,awashi,淡
あんご,ango,安吾,晏伍
あんじ,anji,安治
あんや,anya,安哉
いいち,ichi,偉一,威一,亥一
いいちろう,ichirou,伊一郎,威一朗,威一郎,維一郎,亥一郎
いえあき,ieaki,家明
いえお,ieo,宇雄
いえしげ,ieshige,家茂
いえただ,ietada,家直
いえなが,ienaga,家永,家長
いえのり,ienori,家典,家範
いえひさ,iehisa,家久
いえひと,iehito,家人
いえひろ,iehiro,家浩
いえまさ,iemasa,家昌,家正
いえやす,ieyasu,家康
いおじ,ioji,依於二
いおすけ,iosuke,五百助
いおと,ioto,維音
いおみ,iomi,伊臣
いおり,iori,伊織
いおん,ion,衣音
いきお,ikio,壱岐夫
いく,iku,育,郁,行
いくえい,ikuei,育栄,郁栄,郁英
いくお,ikuo,以久男,伊久夫,伊久雄,伊功雄,威久雄,為久雄,亥久男,育央,育生,育造,育男,育夫,育雄,育朗,育郎,郁央,郁生,郁男,郁夫,郁扶,郁穂,郁雄,郁朗,郁郎,郁應,幾男,幾夫,幾雄,幾朗,幾郎,功夫,行生,行夫,行雄,行郎,征生,征男,征夫,征郎,生翁,生緒,生男,生夫,生雄
いくが,ikuga,郁雅
いくし,ikushi,育司,育史,育祉,郁志,行司,生史
いくしげ,ikushige,育茂
いくじ,ikuji,育次,育二,郁治,郁二,郁之
いくすけ,ikusuke,育亮
いくぞう,ikuzou,育三,郁三,幾三,幾蔵
いくた,ikuta,育太,育大,生太
いくたか,ikutaka,育孝,郁孝,郁高
いくたけ,ikutake,幾武
いくただ,ikutada,生忠
いくたろう,ikutarou,育太朗,育太郎,郁太郎,幾太郎
いくだい,ikudai,育大
いくつぐ,ikutsugu,育嗣
いくてる,ikuteru,育輝
いくと,ikuto,育人,育土,郁人,行人,征人,生人,生仁,生登
いくとし,ikutoshi,郁敏
いくとも,ikutomo,郁智
いくのすけ,ikunosuke,郁之介
いくのぶ,ikunobu,育伸
いくのり,ikunori,育憲,育典,育徳,育範,郁徳,生憲,生則,生典
いくはる,ikuharu,育治,郁治,郁晴
いくひこ,ikuhiko,伊久彦,育彦,郁彦
いくひさ,ikuhisa,育央,育久,郁久,幾久,生久
いくひで,ikuhide,育英,育秀,郁英,郁秀
いくひと,ikuhito,育士,育人,郁仁
いくひろ,ikuhiro,育宏,育広,育弘,育大,育洋,郁宏,郁広,郁大,郁博,郁洋,幾大,行宏,征宏,生広,生洋
いくふみ,ikufumi,育史,育文,郁文
いくへい,ikuhei,育平,郁平
いくほ,ikuho,育歩
いくま,ikuma,以久馬,伊久真,伊久磨,伊久麻,偉久真,威久馬,惟久磨,維久磨,育真,育馬,育磨,郁真,郁馬,郁摩,郁磨,郁麻,郁万,幾久真,幾馬,行馬,生真,生馬,生磨,生麻,生麿
いくまさ,ikumasa,育将,育正
いくまろ,ikumaro,生麿
いくみ,ikumi,育海,育己,育湖,育三,育実,育生,育巳,育弥,育良,郁己,郁后,郁水,郁生,郁未,郁巳,郁弥,活実,幾実,行実,行未,生海,生実,生民,戦巳
いくみつ,ikumitsu,郁光,郁充,郁満
いくむ,ikumu,育夢
いくや,ikuya,育哉,育也,育弥,育矢,育朗,郁哉,郁也,郁冶,郁弥,郁矢,幾哉,幾也,行哉,征也,生哉,生也
いくやす,ikuyasu,郁康
いくよし,ikuyoshi,育義,生芳
いくら,ikura,育良
いくり,ikuri,郁李,郁里
いくる,ikuru,郁留,生瑠
いくろう,ikurou,伊久郎,育朗,育郎,郁朗,郁郎,活郎,幾朗,幾郎,生朗,生郎
いくを,ikuo,育男
いけごろう,ikegorou,池五郎
いごう,igou,偉剛
いさ,isa,以佐,以左,威佐,衣佐
いさお,isao,以佐男,伊佐央,伊佐緒,伊佐男,伊佐夫,伊佐雄,伊佐郎,伊左央,伊左生,伊左雄,伊三男,伊三夫,伊三雄,偉佐夫,偉佐雄,威佐夫,慰佐男,維左夫,亥佐雄,亥三雄,亥早夫,一三大,魁夫,勲,勲央,勲生,勲男,勲夫,勲勇,勲雄,軍雄,厳央,公保,功,功翁,功生,功男,功夫,功扶,功雄,功朗,功郎,効,巧,祥男,績,績雄,猪佐雄,勇,勇翁,勇臣,勇人,勇生,勇男,勇夫,勇雄,勇郎,有功,力,力男,烈,錬男,勳
いさき,isaki,功樹
いさく,isaku,伊佐久,伊作,威佐久,威佐司,威策,維作,維策
いさし,isashi,衣左士,功至
いさじ,isaji,功次
いさと,isato,勲人,功人,勇人
いさな,isana,勇魚
いさなり,isanari,功成
いさのぶ,isanobu,勇信
いさひこ,isahiko,勇彦
いさぶろう,isaburou,伊三郎
いさみ,isami,伊佐海,伊佐実,伊佐美,伊佐未,伊差美,伊三美,伊早巳,委佐美,敢充,勲視,功,功実,功望,勇,勇深,勇美,勇巳
いさみつ,isamitsu,功光
いさむ,isamu,偉,威佐武,一支武,敢,勲,勲武,勲夢,五三六,功,功武,豪,証,戦,猪佐武,武,諭,勇,勇武,勇務,雄,力
いさや,isaya,伊佐也,潔也,功也,勇哉,勇也,勇矢
いさよし,isayoshi,尉佐義,功幸
いさを,isao,功,功雄
いざや,izaya,伊佐也,勲矢
いしぞう,ishizou,石蔵
いしん,ishin,維新
いすけ,isuke,伊助,伊佑,維介,亥祐
いずほ,izuho,出帆,出穂
いずみ,izumi,伊純,委清,泉,和泉
いずる,izuru,出
いせい,isei,伊盛
いせお,iseo,伊勢夫,伊勢郎
いせじ,iseji,伊勢治
いせぞう,isezou,伊勢三
いぜん,izen,伊然
いそお,iso,磯夫,五十雄,礒男
いそかず,isokazu,五十一
いそきち,isokichi,磯吉,五十吉,礒吉
いそじ,isoji,五十二
いそじろう,isojirou,磯二郎
いそた,isota,磯太
いそひろ,isohiro,五十洋
いそへい,isohei,磯平
いそみち,isomichi,勤道
いそよ,isoyo,五十誉
いそろく,isoroku,五十六
いぞう,izou,偉三,猪三
いたり,itari,至
いたる,itaru,格,行,至,至格,周,造,達,達暢,致,暢,徹,到,迪
いち,ichi,以知,以智,偉千,一,壱
いちあき,ichiaki,一彬,一明
いちい,ichi,一威
いちう,ichiu,一宇
いちえ,ichie,市衛
いちお,ichio,一生,一男,一帆,一雄,壱水,市雄
いちき,ichiki,一貴,一樹,市記
いちぎ,ichigi,一義
いちご,ichigo,一護
いちさぶろう,ichisaburou,市三郎
いちじ,ichiji,一司,一志,一次,市次
いちじゅ,ichiju,一樹
いちすけ,ichisuke,一助
いちぞう,ichizou,一三,一造,市造
いちた,ichita,伊智太,一太
いちたか,ichitaka,一貴
いちたろう,ichitarou,一太朗,一太郎,市太郎
いちつら,ichitsura,一貫
いちなり,ichinari,一成
いちのしん,ichinoshin,一ノ進
いちはる,ichiharu,壱治
いちひこ,ichihiko,一彦,市彦
いちひろ,ichihiro,委千弘,一寛,一弘
いちまつ,ichimatsu,市松
いちや,ichiya,伊知哉,一也,一弥,一矢,一彌,市弥
いちゆう,ichiyu,一右,一悠
いちろう,ichirou,以知朗,以知郎,伊千郎,伊知朗,伊知郎,伊智朗,伊智郎,偉知朗,偉智朗,威知郎,威智郎,意知朗,意知郎,維知郎,一朗,一郎,壱朗,逸郎,市朗,市牢,市郎
いちろうた,ichirouta,一郎太
いっかん,ikkan,一寛
いっき,ikki,一旭,一希,一旗,一毅,一気,一紀,一貴,一起,一軌,一輝,一樹,一城,壱生,逸樹
いっけい,ikkei,一慶,一敬,一桂
いっこう,ikkou,一興,一光,一公,一功,一向,一孔,一孝,一宏,一幸,一広,一弘,一晃,一浩,一紅,一耕,一考,一行,一高,一剛,逸巧
いっこく,ikkoku,一鴻,一穀
いっさく,issaku,一作,一索
いっしゅう,isshu,一秀,一秋,一舟
いっしょう,isshou,一照,一省
いっせい,issei,一斎,一勢,一征,一成,一政,一星,一晴,一正,一清,一生,一盛,一精,一聖,一声,一誠,一誓,一静,一斉,一晟,壱成,壱晟,逸世,逸成,逸政,逸星,逸生,奕成
いっせき,isseki,一石
いっそう,issou,一聡
いった,itta,一太
いってつ,ittetsu,一哲,一徹
いっとう,ittou,一刀,一統
いっとく,ittoku,一徳
いっぺい,ippei,一兵,一平,壱平,逸平
いっぺいた,ippeita,一平太
いっぽ,ippo,一歩,一輔
いつお,itsuo,伊津夫,威津雄,郁男,一緒,一生,一雄,壱雄,溢夫,逸央,逸生,逸男,逸夫,逸穂,逸雄,逸朗,逸郎,乙生,厳雄,五月生,五月男,五男,五津雄,五夫,五雄,勉雄
いつおみ,itsuomi,逸臣
いつき,itsuki,伊津貴,伊都貴,委津希,一葵,一喜,一希,一稀,一紀,一記,一輝,一騎,一桔,一月,一主,一樹,一槻,一来,壱輝,逸岐,逸記,逸貴,逸樹,逸城,逸生,逸氣,乙幾,乙記,乙生,乙妃,乙姫,五希,五紀,五月,五樹,五城,五木,伍樹,斎樹,樹,樹希,樹貴,樹木
いつこう,itsukou,逸航,逸高,逸鴻,乙功
いつさぶろう,itsusaburou,逸三朗
いつし,itsushi,一司,一師,一志,逸司,逸史,逸志,厳史,五司
いつじ,itsuji,逸二
いつすけ,itsusuke,五介
いつせい,itsusei,一成,逸勢,逸生
いつぞう,itsuzou,鎰造
いつと,itsuto,逸人
いつなり,itsunari,逸成
いつのぶ,itsunobu,慈信
いつひこ,itsuhiko,逸彦,五彦
いつひで,itsuhide,逸英
いつひろ,itsuhiro,逸弘,逸洋,五博,慈大
いつふみ,itsufumi,一史,逸文
いつま,itsuma,逸馬
いつむ,itsumu,五夢
いつや,itsuya,逸哉,逸也,乙也
いつろう,itsurou,逸朗,逸郎,厳朗,聿朗
いつを,itsuo,五夫
いづき,izuki,伊月
いづひと,izuhito,泉人
いてる,iteru,伊輝
いでや,ideya,出哉
いとき,itoki,糸貴
いときち,itokichi,糸吉
いとひこ,itohiko,弦彦
いどむ,idomu,挑
いなお,inao,伊奈夫
いねお,ineo,稲生
いのきち,inokichi,射之吉
いのすけ,inosuke,伊之佑,伊之祐,威之介
いのる,inoru,祈
いぶき,ibuki,伊吹,伊富岐,伊芙樹,伊武季,伊武樹,依吹,威吹,芽吹
いへい,ihei,伊平
いへえ,ihe,伊兵衛
いほや,ihoya,伊穂也
いまお,imao,伊万夫,今雄
いますけ,imasuke,今輔
いまひで,imahide,今英
いりお,irio,容夫
いりや,iriya,伊利矢,伊理也
いるか,iruka,入鹿
いわお,iwao,以和夫,伊和男,伊和夫,意和雄,巌,巌生,巌夫,巌雄,岩,岩生,岩男,岩夫,岩雄,厳,厳夫,磐雄,巖,巖央,巖男
いわおき,iwaoki,巌興
いわき,iwaki,以和貴,巌城
いわきち,iwakichi,岩吉
いわた,iwata,岩太
いわと,iwato,巌登,岩人
いわね,iwane,巌根
いわひと,iwahito,岩仁
いわまつ,iwamatsu,岩松
いわまる,iwamaru,岩丸
いわろう,iwarou,磐郎
うい,ui,宇意
ういち,uichi,宇一,宇市,羽壱,卯一
ういちろう,uichirou,宇一郎
ういと,uito,宇意人
ういや,uiya,宇為也
ういり,uiri,宇意理
うきち,ukichi,卯吉
うきょう,ukyou,右京,右恭
うけい,ukei,宇敬
うこん,ukon,右近
うさく,usaku,卯作
うさじ,usaji,宇佐司
うさぶろう,usaburou,卯三郎
うしお,ushio,潮,潮生,有志生
うしのすけ,ushinosuke,丑之助
うしほ,ushiho,潮
うしょう,ushou,宇翔
うじあき,ujiaki,氏暁
うじただ,ujitada,氏忠
うじとし,ujitoshi,氏年
うじのり,ujinori,氏経
うじひで,ujihide,氏秀
うじふさ,ujifusa,氏房
うじまさ,ujimasa,氏雅
うじや,ujiya,氏也
うじやす,ujiyasu,氏康
うずひこ,uzuhiko,宇津彦
うた,uta,雅楽
うたじ,utaji,唄司
うたじろう,utajirou,歌治郎
うたろう,utarou,宇太朗
うちゅう,uchu,宇宙
うつわ,utsuwa,器
うど,udo,宇都,宇土
うねお,uneo,采男
うへい,uhei,宇平
うへえ,uhe,宇兵衛
うまたろう,umatarou,馬太郎
うみ,umi,海
うみお,umio,海生,海男,海夫
うみた,umita,海太
うみたろう,umitarou,海太郎
うみと,umito,海人
うみはる,umiharu,海春
うみひこ,umihiko,海彦
うみひと,umihito,海人,海仁
うめお,umeo,梅男,梅夫,梅雄
うめきち,umekichi,梅吉
うめじ,umeji,梅次
うめじろう,umejirou,梅次郎
うめぞう,umezou,梅三,梅造
うめつぐ,umetsugu,梅嗣
うめふみ,umefumi,梅文
うめまつ,umematsu,梅松
うもん,umon,右文,右門
うらひこ,urahiko,浦彦
えい,ei,映,瑛,衛,詠,鋭
えいいち,eichi,叡一,影一,映一,栄一,栄市,永一,永市,瑛一,英一,英壱,英市,衛一,衛市,詠一,鋭以知,鋭一,榮一
えいいちろう,eichirou,映一朗,映一郎,栄一朗,栄一郎,栄壱郎,永一郎,瑛一郎,英一朗,英一郎,衛一良,詠一朗,詠一郎,鋭一郎,恵一朗,榮一郎
えいき,eiki,映樹,栄樹,永起,永輝,永樹,瑛貴,英気,鋭気
えいきち,eikichi,映吉,栄吉,永吉,英吉
えいけん,eiken,英拳
えいこう,eikou,栄光,栄孝,栄耕,英公,英浩,英考,英行,英洸
えいご,eigo,叡吾,栄吾,栄悟,永伍,永吾,永悟,瑛吾,英伍,英吾,英悟,詠吾,詠悟
えいごう,eigou,栄剛,英剛
えいごろう,eigorou,栄吾郎,英五郎
えいさく,eisaku,栄作,栄策,永作,英作,英策,鋭策
えいざぶろう,eizaburou,栄三郎,瑛三朗,英三郎
えいし,eishi,栄司,栄史,栄四,栄士,栄志,栄氏,永司,瑛詞,穎志,英司,英史,英嗣,英士,英志,英詩,英之,詠詩,詠之,鋭史,鋭士,鋭矢,央士
えいしち,eishichi,栄七
えいしょう,eishou,英勝,英生
えいしろう,eishirou,栄司郎,英司郎,英四郎,英士朗,英志郎,鋭司郎,鋭志郎,衞士郎
えいじ,eiji,叡司,叡治,映司,映士,映志,映至,映次,映治,映自,映二,映路,栄伺,栄司,栄史,栄嗣,栄士,栄師,栄志,栄児,栄次,栄滋,栄治,栄爾,栄自,栄樹,栄二,栄路,永意士,永司,永嗣,永志,永児,永慈,永次,永滋,永治,永智,永二,永路,瑛司,瑛史,瑛士,瑛志,瑛詞,瑛児,瑛次,瑛治,瑛二,英伺,英司,英史,英嗣,英士,英師,英志,英詞,英資,英侍,英児,英慈,英次,英滋,英治,英爾,英寿,英樹,英智,英二,英之,英冶,英吏,英路,衛司,衛史,衛詩,衛治,衛二,詠司,詠史,詠嗣,詠士,詠至,詠慈,詠治,詠自,詠二,鋭司,鋭視,鋭児,鋭滋,鋭治,鋭寿,鋭仁,鋭二,榮司,榮治
えいじろう,eijirou,映次郎,映二郎,栄次朗,栄次郎,栄治朗,栄治郎,栄二郎,永次郎,永二朗,永二郎,瑛士郎,瑛次郎,瑛治郎,瑛二郎,英史郎,英士郎,英次朗,英次郎,英治朗,英治郎,英二朗,英二郎,鋭二郎
えいすけ,eisuke,映介,映輔,栄介,栄助,栄典,栄弼,栄輔,栄佑,栄祐,栄亮,永介,永助,永典,永如,永輔,永祐,瑛介,瑛輔,瑛佑,瑛祐,瑛亮,英右,英介,英佐,英資,英助,英典,英補,英輔,英佑,英祐,英亮,衛介,衛資,衛輔,衛亮,鋭介,鋭祐,央補,慧輔
えいせい,eisei,英世,英誠,衛青
えいぞう,eizou,営三,栄三,栄蔵,栄造,栄藏,永三,永造,英三,英蔵,英造,暎三
えいた,eita,栄太,永大,瑛多,瑛太,瑛汰,瑛大,頴太,英多,英太,詠太,鋭太
えいたつ,eitatsu,栄達
えいたろう,eitarou,叡太郎,栄太朗,栄太郎,永太郎,瑛太朗,瑛太郎,英太朗,英太郎,詠太郎
えいち,eichi,叡智,英知
えいと,eito,映人,栄人,栄翔,永人,永斗,泳人,瑛人,瑛登,英偉人,英人,英斗,英渡,英度,詠土,鋭人
えいとく,eitoku,永徳,英徳
えいのすけ,einosuke,映之輔,栄之介,栄之助,栄之輔,永之介,永之助,英之輔,英之亮
えいま,eima,栄馬,鋭馬
えいや,eiya,英也,鋭矢
えいゆう,eiyu,詠有
えいろう,eirou,英朗
えきひさ,ekihisa,益久
えさお,esao,江雄
えさじ,esaji,江差治
えつ,etsu,越
えつあき,etsuaki,悦章
えつお,etsuo,悦央,悦王,悦生,悦男,悦夫,悦雄,越生,越夫,越雄,恵津男,江津雄
えつおう,etsuou,悦央
えつさぶろう,etsusaburou,悦三郎
えつし,etsushi,悦司,悦史,悦士,悦志,悦資,越史
えつじ,etsuji,悦司,悦史,悦嗣,悦志,悦資,悦時,悦次,悦治,悦爾,悦示,悦二,越司,閲次
えつじろう,etsujirou,悦二郎
えつぞう,etsuzou,悦三,悦造
えつた,etsuta,悦太
えつたろう,etsutarou,悦太郎
えつつぐ,etsutsugu,悦従
えつと,etsuto,悦人,越人
えつとし,etsutoshi,悦稔
えつなり,etsunari,越暢
えつのり,etsunori,悦教,悦典
えつはる,etsuharu,悦治,越晴
えつひこ,etsuhiko,悦彦
えつひさ,etsuhisa,悦久
えつひで,etsuhide,越英
えつひと,etsuhito,越仁
えつひろ,etsuhiro,悦啓,悦宏,悦広,悦弘,悦博
えつみ,etsumi,悦規,悦己,悦実
えつや,etsuya,悦哉,悦也,江津也
えつゆき,etsuyuki,悦幸
えつよし,etsuyoshi,悦義
えつろう,etsurou,悦朗,悦郎,越郎,恵津朗
えてつ,etetsu,偉哲
えど,edo,英土
えや,eya,恵弥
えりお,erio,英利生,英利雄
えりつぐ,eritsugu,瑛里嗣
えりと,erito,英里斗,絵里都,衿人,江里都
えりや,eriya,英利也,恵理也,江里也
えんじ,enji,円治,円二,延次,延治,演治,燕士
えんすけ,ensuke,延祐
えんぞう,enzou,円造
えんた,enta,焔太
えんたろう,entarou,円太郎
えんや,enya,延哉,演弥
おう,ou,央,旺,欧,墺
おういち,ouichi,央一,欧一
おういちろう,ouichirou,央一郎,応一郎,旺一郎
おうが,ouga,王河
おうき,ouki,央紀,央貴,央騎,央己,央樹,央生,応樹,欧樹,王樹
おうきち,oukichi,往吉
おうく,ouku,欧来
おうし,oushi,央士
おうじ,ouji,旺司,旺児,旺治,王二
おうじろう,oujirou,応次郎
おうすけ,ousuke,央介,央典,央輔,央祐,往介,応輔,旺甫,旺輔,欧介,欧輔,王介,汪助
おうたろう,outarou,欧太郎
おうと,outo,欧人
おうひこ,ouhiko,欧彦
おうや,ouya,欧也
おおき,oki,央基,央樹,巨樹,大己,大樹
おおし,oshi,央士,欧志
おおじ,oji,央士,央児
おおすけ,osuke,央輔,欧介,大介
おかお,okao,陸生
おきお,okio,興男
おきかず,okikazu,興和
おきすけ,okisuke,興介
おきたか,okitaka,興隆
おきたつ,okitatsu,興辰
おきちか,okichika,興央
おきつぐ,okitsugu,起世
おきつな,okitsuna,興綱
おきと,okito,興人
おきのぶ,okinobu,興伸,興信,超宣
おきのり,okinori,興紀,興徳
おきはる,okiharu,興晴
おきふみ,okifumi,興史
おきまさ,okimasa,興正
おきみち,okimichi,沖道,起道
おきよし,okiyoshi,興幸
おくと,okuto,億人,雄久人
おくひこ,okuhiko,億彦
おさお,osao,修夫,統夫
おさおみ,osaomi,長臣
おさただ,osatada,長禎
おさと,osato,長人
おさなり,osanari,長成
おさのぶ,osanobu,長伸
おさのり,osanori,修徳,長紀,長規,長則,理範
おさひこ,osahiko,修彦,長彦
おさみ,osami,修己,修実,修臣,修身,修水,修巳,長己,長史,長巳
おさみつ,osamitsu,修充
おさむ,osamu,王佐夢,完,紀,経,経武,憲,己,耕,克,宰,司,資,治,治虫,治武,治夢,守,収,宗,修,修武,修矛,習,順,将,穣,伸,成,整,斉,税,摂,惣,総,蔵,大,調,長,長生,長武,鎮,徹,統,董,導,道,督,敦,乃,納,平,磨,靖,吏,理,理武,律,領,倫,廉,論,辨,攝,收,脩,脩武,藏,齊
おさゆき,osayuki,修幸,統之
おすろ,osuro,欧州路
おつろう,otsurou,乙朗
おと,oto,央渡
おといち,otoichi,乙一
おとお,oto,音夫,己雄
おとかず,otokazu,乙一,音一,音和
おとき,otoki,音樹
おときち,otokichi,音吉
おとし,otoshi,乙史
おとじ,otoji,音次,音治
おとじろう,otojirou,乙次郎
おとぞう,otozou,音三
おとはる,otoharu,乙晴,音晴
おとひこ,otohiko,乙彦,音彦
おとひろ,otohiro,音大
おとまる,otomaru,乙丸
おとまろ,otomaro,乙麿
おとや,otoya,音哉,音弥
おとわ,otowa,音羽
おのきち,onokichi,斧吉
おもい,omoi,思
おもたか,omotaka,思孝
おりえ,orie,織衛
おりじ,oriji,折次
おりと,orito,織人
おりべ,oribe,織部
おりみつ,orimitsu,織光
おりゆき,oriyuki,織之
かい,kai,佳怡,塊,快,改,魁,海,界,開,甲斐
かいい,kai,貝怡
かいいち,kaichi,魁一,海一
かいいちろう,kaichirou,絵一郎
かいえい,kaiei,魁栄,海英
かいえん,kaien,海燕
かいおう,kaiou,海王
かいき,kaiki,開紀,開輝
かいこう,kaikou,魁宏,海光
かいご,kaigo,魁梧,開悟
かいさく,kaisaku,魁作,海作,開作
かいし,kaishi,魁士,海士,海市,海志,開士
かいしゅう,kaishu,魁州,海舟
かいしゅん,kaishun,海俊
かいしょう,kaishou,海翔
かいじ,kaiji,快児,快治,魁司,海司,海士,開司
かいじろう,kaijirou,快二郎,海次郎
かいすけ,kaisuke,快輔,海介,開輔,開裕
かいせい,kaisei,快晴,魁星
かいた,kaita,塊太,快太,海太,開太
かいたろう,kaitarou,海太朗,海太郎
かいち,kaichi,嘉一,華一,賀一
かいちろう,kaichirou,佳一郎,嘉一郎,賀一郎
かいと,kaito,快人,快斗,魁人,魁斗,海音,海人,海仁,海全,海斗,海杜,海都,海土,海翔,界人,界斗,皆斗,開人,開登,開土,凱人,凱登
かいどう,kaidou,海道
かいのすけ,kainosuke,甲斐之助
かいへい,kaihei,魁平,海平,界平,開平
かいむ,kaimu,開夢
かいや,kaiya,魁也,海也,開野
かいよう,kaiyou,海洋,海陽
かいり,kairi,魁理
かいりゅう,kairyu,海龍
かいろ,kairo,開路
かいろう,kairou,海郎,開郎
かうえもん,kauemon,嘉右衛門
かおす,kaosu,加於須
かおる,kaoru,馨,薫,芳
かく,kaku,拡,格,確,鶴
かくいち,kakuichi,格一
かくえい,kakuei,角栄,赫英,鶴泳
かくお,kakuo,嘉久男,拡夫,格生,格夫,覚男,覚夫,角雄,茅久生
かくき,kakuki,格紀
かくし,kakushi,格司
かくじ,kakuji,格司,格次,覚司,覚爾,覚二,角治,角二
かくじゅん,kakujun,覚淳
かくすけ,kakusuke,覚介,角輔
かくぞう,kakuzou,角造
かくたろう,kakutarou,格太郎,覚太郎
かくと,kakuto,格人
かくなり,kakunari,角成
かくのしん,kakunoshin,格之紳
かくのすけ,kakunosuke,格之助
かくのぶ,kakunobu,覚信
かくのり,kakunori,角典,閣則
かくはる,kakuharu,覚治
かくひこ,kakuhiko,格彦
かくひさ,kakuhisa,拡久
かくひと,kakuhito,覚仁
かくひろ,kakuhiro,角洋
かくや,kakuya,格哉,格也,覚也
かくろう,kakurou,格朗,格郎,確郎,覚朗,覚郎,角朗
かけい,kakei,夏景
かける,kakeru,駆,駈,走,翔,翔琉
かげあき,kageaki,景昭,景章
かげお,kageo,景雄
かげき,kageki,景樹
かげくに,kagekuni,景邦
かげしげ,kageshige,景重
かげたか,kagetaka,景隆
かげつら,kagetsura,景行
かげと,kageto,景人
かげとし,kagetoshi,景利
かげとも,kagetomo,景智
かげとら,kagetora,景虎
かげなが,kagenaga,景永
かげのぶ,kagenobu,影伸
かげのり,kagenori,景紀,景憲,景則,景範
かげひさ,kagehisa,景央
かげひろ,kagehiro,景厚,景広,景裕
かげふみ,kagefumi,景史
かげまさ,kagemasa,景雅,景正,景方,景理
かげまる,kagemaru,影丸
かげやす,kageyasu,景康,景泰
かげゆき,kageyuki,景幸,景行,景之
かざと,kazato,楓士,風人
かしち,kashichi,嘉七
かしわ,kashiwa,可士和
かじろう,kajirou,嘉二郎,茄二郎
かすけ,kasuke,加介,嘉介
かずだか,kazudaka,和隆
かず,kazu,和
かずあき,kazuaki,一亜樹,一旭,一瑛,一覚,一鑑,一輝,一暁,一啓,一顕,一光,一晃,一秋,一彰,一昌,一昭,一晶,一焼,一祥,一章,一成,一精,一聡,一聴,一哲,一徹,一弁,一明,一揚,一陽,一了,一亮,一朗,一曉,一翔,一堯,壱昭,員章,員明,嘉津昭,紀明,敬晃,計彰,計明,憲輝,憲昌,憲明,航陽,算章,主晶,寿旭,寿昭,寿明,寿朗,重成,数輝,数晃,数昭,数章,数明,千晃,千彰,千晶,千聡,千明,知明,知朗,万晶,万明,利彰,利章,和愛,和旭,和映,和瑛,和暁,和顕,和晃,和秋,和彰,和昇,和昌,和昭,和晶,和照,和章,和聡,和旦,和哲,和彬,和朋,和明,和陽,和亮,和諒,和朗,和皓
かずあきら,kazuakira,和暁,和晃
かずあり,kazuari,一有,主在,和存,和有
かずいち,kazuichi,一市,寿一,数一,和一,和壱,和市
かずいちろう,kazuichirou,員一郎
かずうち,kazuchi,一宇
かずうみ,kazumi,一海,和海
かずえ,kazue,一衛
かずお,kazuo,一央,一応,一乙,一匡,一臣,一生,一大,一男,一帆,一夫,一穂,一峰,一雄,一朗,一郎,伽寿生,佳津男,佳津雄,佳都男,加寿夫,加寿勇,加寿雄,加寿郎,嘉寿男,夏寿雄,賀寿夫,賀津夫,賀津雄,紀夫,教郎,計夫,計雄,三夫,主雄,数生,数男,数夫,数雄,千雄,量巨,量生,量雄,和央,和王,和音,和人,和生,和男,和津雄,和夫,和穂,和明,和雄,和良,和朗,和郎
かずおき,kazuoki,一起,一興,和興
かずおみ,kazuomi,一臣,寿臣,和臣
かずかた,kazukata,和堅
かずかつ,kazukatsu,一勝
かずき,kazuki,一葵,一旭,一磯,一幹,一喜,一器,一基,一岐,一希,一幾,一揮,一旗,一期,一機,一毅,一気,一祈,一季,一紀,一規,一記,一貴,一起,一軌,一輝,一騎,一戯,一月,一冴,一樹,一城,一生,一宣,一妃,一姫,一木,一来,一綺,壱紀,佳寿紀,加寿己,加津紀,嘉己,花朱季,紀希,紀樹,計樹,憲季,憲樹,香月,香子希,香寿紀,主幹,主基,主樹,寿岐,寿記,寿輝,寿樹,収紀,十希,重樹,順己,数基,数紀,数規,数記,千喜,千紀,千記,千貴,千起,千輝,千騎,知毅,知樹,知生,万喜,万貴,万輝,万樹,利紀,利樹,良記,良樹,量基,量揮,量規,量樹,量暉,和幹,和喜,和基,和岐,和希,和揮,和機,和毅,和気,和季,和紀,和規,和記,和貴,和起,和軌,和輝,和騎,和宜,和久,和欣,和己,和樹,和城,和粋,和生,和巳,和来,和暉
かずきち,kazukichi,一吉
かずきよ,kazukiyo,一潔,一清,一皖,和清
かずくに,kazukuni,一訓,一国,一邦,一國,和邦
かずさだ,kazusada,和貞
かずさと,kazusato,和郷
かずさね,kazusane,和実
かずし,kazushi,一司,一史,一嗣,一士,一市,一志,一至,一詩,一滋,一心,一清,一之,員司,佳崇司,教史,教詞,計志,寿士,寿志,数史,知史,知嗣,法志,万志,量史,和司,和史,和嗣,和士,和子,和志,和至,和視,和之
かずしげ,kazushige,一滋,一樹,一重,一成,一誠,一篤,一繁,一茂,壱重,紀成,圭成,憲成,数成,良重,良鎮,和以,和栄,和薫,和恵,和滋,和樹,和重,和成,和誠,和繁,和茂,和誉
かずしろ,kazushiro,一城,和城
かずじ,kazuji,一路,和次
かずすえ,kazusue,一季
かずすけ,kazusuke,一輔,一祐,師輔,和介,和輔
かずすみ,kazusumi,一純
かずそう,kazusou,和三
かずた,kazuta,一太,賀寿多,和太
かずたか,kazutaka,一栄,一毅,一貴,一巨,一喬,一敬,一賢,一孝,一高,一剛,一爵,一峻,一崇,一生,一尊,一太,一鷹,一琢,一登,一峰,一祐,一誉,一隆,壱崇,計孝,主臣,寿崇,順貴,千貴,知剛,百敬,万尚,雄貴,陸翔,量崇,量隆,和乙,和岳,和貴,和丘,和教,和啓,和敬,和孝,和香,和高,和剛,和資,和峻,和親,和崇,和嵩,和生,和尊,和卓,和堂,和誉,和隆,萬隆
かずたけ,kazutake,一岳,一剛,一武,和威,和剛,和丈,和武
かずただ,kazutada,一匡,一忠,和正,和忠
かずたね,kazutane,計胤,和種
かずたみ,kazutami,一民
かずちか,kazuchika,一央,一慶,一哉,一親,一睦,一力,千睦,和愛,和允,和恭,和近,和真,和親,和睦
かずちよ,kazuchiyo,一千代
かずつぐ,kazutsugu,一次,和継,和嗣
かずつね,kazutsune,一経,和恒
かずてる,kazuteru,一央,一輝,一光,一晃,一昭,一照,数輝,万輝,和輝,和晃,和照
かずと,kazuto,一人,一仁,一澄,一達,一徹,一兎,一斗,一渡,一登,一途,一都,一冬,一刀,一東,一桃,一統,一如,一任,一翔,壱和,員人,応百,加寿人,嘉寿人,起生,計寿人,計人,憲人,司都,寿人,宗人,数人,数斗,万人,麗人,和外,和絃,和士,和人,和仁,和澄,和斗,和登,和都,和土,和門,壽人
かずとう,kazutou,一刀,一任
かずとき,kazutoki,和時
かずとし,kazutoshi,一敬,一豪,一寿,一十四,一十士,一俊,一駿,一人之,一迅,一世,一聡,一智,一年,一敏,一平,一甫,一稔,一利,一壽,嘉利,起季,計年,計利,憲記,憲俊,航哉,数繁,千稔,量俊,和憲,和哉,和歳,和寿,和宗,和秀,和俊,和聡,和智,和徒使,和年,和敏,和稔,和勇,和利,和齢,和壽,和聰
かずとみ,kazutomi,一臣,一富,三富,万富,和臣,和富
かずとも,kazutomo,一寛,一公,一衡,一十百,一真,一知,一智,一朝,一朋,一友,一僚,一倫,計友,万知,万朝,利友,量智,和知,和智,和同,和伴,和朋,和友,和倫
かずとよ,kazutoyo,一豊,教豊,寿豊,数豊,和豊
かずとら,kazutora,一虎,和虎
かずなお,kazunao,一直,上直,和尚,和直
かずなが,kazunaga,一永,一修,一長,計永,和永
かずなり,kazunari,一功,一済,一周,一就,一尚,一成,一生,一誠,一斉,一鳴,一也,一有,員成,加津也,九成,計成,憲成,寿成,数成,倭徳,和雅,和貴,和功,和孝,和作,和就,和順,和尚,和成,和生,和誠,和斉,和績,和平,和也,壽成
かずなる,kazunaru,一成
かずね,kazune,主峰
かずのぶ,kazunobu,一允,一喜,一薫,一史,一修,一将,一伸,一信,一進,一誠,一宣,一暢,一展,憲信,千信,千暢,万布,良暢,和延,和史,和伸,和信,和申,和宣,和暢,和展,和敦,弌信
かずのり,kazunori,一賀,一学,一基,一紀,一規,一記,一騎,一儀,一議,一教,一矩,一訓,一圭,一慶,一憲,一謙,一公,一功,一孔,一行,一至,一詞,一式,一舟,一祝,一祥,一紹,一乗,一成,一宣,一則,一智,一哲,一典,一登,一統,一徳,一納,一伯,一範,一文,一陛,一法,一了,一倫,一路,壱訓,起則,慶教,計徳,憲昇,憲法,憲令,主典,寿紀,寿典,寿徳,寿誉,宗士,宗徳,重謙,重典,人範,仁法,数憲,数則,数典,数徳,千義,千典,千礼,知学,知典,知徳,法徳,豊規,万展,利成,利典,良典,量統,和以,和位,和永,和寛,和紀,和規,和記,和儀,和宜,和義,和教,和矩,和訓,和慶,和敬,和経,和憲,和謙,和賢,和功,和孝,和告,和載,和史,和至,和宗,和準,和慎,和生,和仙,和宣,和則,和智,和哲,和典,和徳,和納,和伯,和範,和文,和法,和稔,和祐,和誉,和里,和律,和倫,和礼,數知
かずはる,kazuharu,一治,一春,一晴,一陽,寿治,数春,多明,和治,和春,和晴,和陽
かずひ,kazuhi,一妃,一飛,一陽,和陽
かずひお,kazuhio,和広
かずひこ,kazuhiko,一比古,一彦,員彦,加寿彦,嘉津彦,計彦,効彦,寿彦,数彦,多彦,利彦,量彦,和久,和日児,和比古,和彦
かずひさ,kazuhisa,一久,一桐,一寿,一尚,一悠,一壽,壱久,員久,教久,教尚,兼久,憲久,主尚,数久,数寿,千久,量久,和永,和央,和久,和恭,和恒,和剛,和寿,和尚,和宣,和悠,和壽
かずひち,kazuhichi,和七
かずひで,kazuhide,一栄,一英,一衡,一豪,一次,一秀,寿成,千英,万英,和英,和幸,和秀
かずひと,kazuhito,一介,一史,一人,一仁,一斉,一等,壱仁,員史,賀寿仁,計人,計仁,憲人,師仁,寿人,寿仁,宗人,数人,千人,千仁,多仁,冬人,二仁,万史,万人,量仁,和一,和翁,和史,和士,和人,和仁,和民,壽人
かずひら,kazuhira,万平,和平
かずひろ,kazuhiro,一宇,一央,一拡,一寛,一勲,一啓,一敬,一景,一湖,一公,一孔,一宏,一広,一弘,一浩,一紘,一豪,一寿,一拾,一丈,一尋,一太,一泰,一大,一拓,一宙,一展,一博,一普,一祐,一裕,一容,一庸,一洋,一陽,一廣,員郭,員寛,員弘,員大,佳弘,嘉司弘,教博,計拡,計浩,兼広,憲弘,憲泰,憲洋,吾祐,三寛,司浩,師浩,師博,主泰,主大,主裕,寿宏,寿浩,寿太,寿泰,寿裕,宗大,重博,昭浩,数広,数弘,数浩,数博,数洋,千浩,千尋,千拓,千博,千裕,千洋,多宏,知寛,知宏,知広,法浩,万弘,万浩,万博,万裕,万洋,有広,雄大,量宏,量広,量弘,量大,量裕,麗弘,和央,和完,和寛,和啓,和敬,和公,和宏,和広,和弘,和浩,和紘,和庄,和丈,和仁,和尋,和太,和泰,和大,和拓,和典,和伯,和博,和比朗,和凡,和祐,和裕,和洋,和廣,收啓,萬世
かずびろ,kazubiro,和広
かずふこ,kazufuko,和彦
かずふさ,kazufusa,一総,一寅,和房
かずふみ,kazufumi,一郁,一史,一典,一二三,一文,一歩,員文,憲史,三史,主文,寿文,数史,多史,和郁,和史,和典,和文
かずへい,kazuhei,和平
かずほ,kazuho,一帆,一歩,和穂
かずま,kazuma,一真,一誠,一馬,一摩,一磨,一麻,一万,一眞,壱馬,佳瑞馬,夏主馬,紀摩,計摩,計磨,憲真,憲磨,主真,主馬,寿真,寿磨,数真,数馬,数磨,数麻,政摩,千馬,知真,知磨,万真,万馬,雄真,雄馬,利真,亮寿馬,和慎,和真,和誠,和篤,和馬,和摩,和磨,和麻,和麿,和眞
かずまさ,kazumasa,一允,一雅,一格,一匡,一薫,一賢,一公,一剛,一純,一勝,一将,一昌,一真,一仁,一征,一成,一政,一正,一聖,一誠,一優,一祐,一理,一諒,一將,員匡,員正,佳寿優,教雅,教仁,計雅,計理,憲征,憲政,憲正,効正,司将,寿栄,寿昌,寿正,宗将,数昌,数正,千雅,千匡,千正,千誠,万雅,万政,利真,利眞,量雅,和雅,和匡,和賢,和勝,和将,和昌,和真,和仁,和征,和成,和政,和正,和聖,和誠,和斉,和荘,和大,和督,和優,和祐,收真
かずます,kazumasu,一益
かずまる,kazumaru,和丸
かずまろ,kazumaro,一麿,和麻呂
かずみ,kazumi,一己,一視,和三,和巳
かずみき,kazumiki,一幹,和幹
かずみち,kazumichi,一学,一径,一慶,一充,一達,一通,一途,一道,一倫,一路,右京,数充,量道,和通,和道,和倫,和礼,和路
かずみつ,kazumitsu,一允,一光,一充,一満,計光,寿光,数光,和光,和晃,和貢,和充,和満
かずみね,kazumine,一峰,一嶺,主峰,和峰
かずむ,kazumu,一武,一夢,和夢
かずむね,kazumune,一旨,一宗,一心,一統,和宗
かずもと,kazumoto,一幹,一基,一元,一素,一太,一芳,量元,量資,和基,和元,和志,和寿,和扶
かずもり,kazumori,一守,一盛,計守,和守,和盛
かずや,kazuya,一哉,一八,一也,一弥,一矢,一彌,員也,佳寿也,佳津也,佳都也,加寿哉,加寿也,嘉寿也,夏寿也,賀津也,起也,計也,憲哉,憲也,航八,航也,航弥,三也,師也,主哉,寿哉,寿也,寿弥,寿矢,将也,数哉,数也,数弥,千也,千弥,知哉,知也,万弥,雄也,利哉,利也,良也,量也,和哉,和生,和八,和夫,和也,和耶,和弥,和矢,和彌
かずやす,kazuyasu,一安,一恭,一康,一泰,一保,一靖,一昶,憲康,寿康,多尉,和安,和恭,和康,和泰,和保,和靖
かずゆき,kazuyuki,一往,一介,一亨,一幸,一行,一志,一主,一将,一遂,一征,一雪,一徹,一道,一如,一之,一悠,一由,一侑,壱幸,員幸,員行,員之,加寿幸,加津之,嘉之,計行,計征,兼幸,兼之,克之,主行,寿幸,寿行,寿将,寿章,宗征,十行,昭之,数元,数幸,数行,千幸,千之,般之,利行,利之,良幸,良将,量幸,量行,量之,和介,和勧,和亨,和享,和恭,和教,和敬,和孝,和幸,和行,和志,和順,和将,和晋,和是,和征,和生,和雪,和致,和之,和勇貴,和由記,和祐己,和礼,和路,和侑,弌之
かずよ,kazuyo,員世
かずよし,kazuyoshi,一佳,一嘉,一賀,一款,一歓,一喜,一毅,一儀,一義,一吉,一欽,一啓,一圭,一慶,一敬,一厳,一功,一好,一剛,一克,一慈,一純,一承,一昌,一祥,一仁,一世氏,一善,一泰,一代氏,一禎,一能,一美,一芳,一由,一誉士,一利,一良,壱克,教義,計嘉,計賀,計宜,計芳,憲宣,憲督,憲由,主善,寿嘉,宗克,宗頼,数義,数実,数芳,数良,千貴,千義,千幸,知寛,知秀,万義,万慶,利佳,利嘉,量良,和愛,和悦,和佳,和可,和嘉,和快,和幹,和喜,和儀,和宜,和義,和吉,和圭,和恵,和慶,和敬,和賢,和功,和好,和孝,和幸,和剛,和克,和賛,和志,和資,和純,和祥,和詳,和世氏,和是,和正,和詮,和善,和代氏,和致,和禎,和徳,和督,和美,和芳,和睦,和由,和与志,和良
かずより,kazuyori,一順,一頼,和順,和頼
かずろう,kazurou,憲郎,風朗,和朗,和郎
かずわき,kazuwaki,一和喜
かずんど,kazundo,一人,和人
かせい,kasei,佳静,可靖,嘉誠,夏生,夏静,家成,華倩,華菁
かせつ,kasetsu,嘉捷,華雪
かせや,kaseya,火星也
かせん,kasen,佳萱
かぜお,kazeo,風男
かぜつぐ,kazetsugu,風次
かぜまる,kazemaru,風丸
かたあき,kataki,範聡
かたし,katashi,堅,堅司,彼多志
かたのり,katanori,豊典
かたや,kataya,賢也
かたよし,katayoshi,豊嘉
かたる,kataru,語
かちとみ,kachitomi,勝富
かちとも,kachitomo,勝友
かちのり,kachinori,勝則
かちはる,kachiharu,勝春
かつ,katsu,活,且,克,勝,将
かつあき,katsuaki,一昭,活明,且明,功章,克暁,克顕,克光,克公,克晃,克秋,克彰,克昌,克昭,克晶,克章,克成,克哲,克彬,克明,克耀,克朗,勝輝,勝暁,勝晃,勝豪,勝秋,勝商,勝彰,勝昌,勝昭,勝晶,勝章,勝明,勝陽,勝亮,力昭,和昭
かつあり,katsuari,勝在
かつい,katsui,加津維,克衣
かついち,katsuichi,且一,克一,克已千,勝一
かついちろう,katsuichirou,克一郎,勝一朗,勝一郎
かつうみ,katsumi,克海,勝海
かつえい,katsuei,健英,克栄,克衛,勝栄,勝英,勝榮
かつえき,katsueki,克益
かつお,katsuo,佳津男,加津生,加津雄,賀津男,賀津雄,活夫,活雄,渇雄,功雄,克生,克男,克夫,克雄,克朗,克郎,勝央,勝緒,勝生,勝男,勝夫,勝雄,勝郎,捷男,雄生
かつおき,katsuoki,勝起,勝興
かつおみ,katsuomi,克臣,勝臣
かつき,katsuki,佳都紀,佳都樹,桂城,功貴,甲樹,克喜,克基,克希,克毅,克紀,克規,克記,克貴,克起,克輝,克騎,克己,克樹,克城,克生,勝喜,勝毅,勝気,勝紀,勝貴,勝起,勝輝,勝己,勝樹,勝城,勝生,勝木,勉己,剋貴
かつきよ,katsukiyo,克清,勝清
かつくに,katsukuni,勝邦
かつさぶろう,katsusaburou,勝三郎
かつし,katsushi,伽津士,賀津志,括史,活史,活志,桂史,桂志,健史,克司,克史,克嗣,克士,克師,克志,克支,克至,克之,鹿連士,勝司,勝史,勝嗣,勝士,勝市,勝志,勝祉,勝至,勝示,勝之,勉史
かつしげ,katsushige,活茂,且薫,克栄,克樹,克重,克成,克篤,克繁,克茂,勝栄,勝重,勝成,勝茂
かつじ,katsuji,一二,伽津二,活治,且嗣,且治,克司,克史,克志,克至,克児,克次,克治,克自,克二,克之,勝司,勝児,勝次,勝治,勝示,勝自,勝地,勝二,勝兒,和治
かつじろう,katsujirou,克次朗,克次郎,克二郎
かつすけ,katsusuke,克介,克輔,克祐,勝介,勝祐,勝亮
かつぞう,katsuzou,活三,克三,勝三,勝蔵,勝造
かつたか,katsutaka,且貴,且高,功卓,豪峰,克栄,克貴,克敬,克孝,克隆,勝貴,勝敬,勝孝,勝高,勝嵩,勝任,勝隆
かつたけ,katsutake,克武,雄偉
かつただ,katsutada,功忠,克忠
かつたろう,katsutarou,活大郎,勝太朗,勝太郎
かつつぐ,katsutsugu,克次
かつてる,katsuteru,克輝,勝輝,勝照
かつと,katsuto,活人,克人,克斗,勝人,勝登
かつとき,katsutoki,克時
かつとし,katsutoshi,一敏,一利,加津俊,賀津俊,活寿,且稔,健聖,賢俊,功敏,克紀,克寿,克俊,克聡,克知,克斗志,克年,克敏,克稔,克利,克理,勝紀,勝哉,勝寿,勝俊,勝智,勝登志,勝年,勝敏,勝稔,勝利,勝壽,捷敏,捷利,包敏,雄歳,雄俊,亮賢,力俊
かつとみ,katsutomi,勝臣
かつとも,katsutomo,且知,克大,克知,克智,克朋,克友,克有,勝具,勝友
かつとよ,katsutoyo,克豊,勝豊
かつなお,katsunao,克尚,克直,勝直
かつなが,katsunaga,勝永
かつなり,katsunari,郁津業,活成,且成,克就,克尚,克成,克生,克也,克有,勝済,勝成,勝也
かつのすけ,katsunosuke,克之介,勝之介,勝之助
かつのぶ,katsunobu,一誠,一暢,活伸,克允,克延,克史,克修,克将,克伸,克信,克宣,克暢,克展,克亘,勝允,勝伸,勝信,勝宣,勝之,勝睦,雄庸
かつのり,katsunori,一智,活則,且敬,且憲,且悟,且典,且徳,且法,桂巨,桂典,健成,賢昇,賢則,功考,功周,功典,克紀,克規,克記,克宜,克教,克矩,克訓,克憲,克功,克至,克宗,克昇,克成,克宣,克則,克哲,克典,克徳,克之,克範,克法,克理,克倫,勝紀,勝規,勝義,勝教,勝憲,勝謙,勝功,勝孝,勝至,勝識,勝宗,勝順,勝慎,勝仁,勝仙,勝宣,勝則,勝代,勝智,勝哲,勝典,勝土,勝統,勝徳,勝伯,勝範,勝文,勝法,勉昇,雄紀,和士,和則,和典,和徳
かつはる,katsuharu,一治,克治,克春,克晴,克青,克敏,勝治,勝春,勝晴,勝方
かつひこ,katsuhiko,佳津彦,加津彦,嘉津彦,活彦,桂彦,賢彦,功彦,恒彦,克比古,克彦,勝比古,勝彦,捷彦,優彦,雄彦,和彦
かつひさ,katsuhisa,活寿,且久,功久,克永,克久,克寿,克尚,克亘,勝央,勝久,勝寿,勝尚,捷久,遂央,旦寿,雄央,雄久,雄寿,雄文
かつひで,katsuhide,甲英,克栄,克英,克秀,克日出,勝英,勝豪,勝秀,達英,雄秀
かつひと,katsuhito,活人,且人,強仁,健仁,功士,克一,克士,克人,克仁,克比人,勝史,勝人,勝仁,勉士,雄史,雄人,雄仁
かつひら,katsuhira,勝啓,勝平
かつひろ,katsuhiro,一宏,一広,一裕,賀津宏,活弘,活博,且裕,且洋,桂寛,桂宏,桂浩,功浩,功博,功裕,功洋,克嘉,克寛,克巨,克啓,克敬,克宏,克広,克弘,克浩,克周,克仁,克泰,克大,克拓,克宙,克展,克博,克比呂,克祐,克裕,克洋,克朗,克廣,勝寛,勝啓,勝湖,勝公,勝宏,勝広,勝弘,勝浩,勝紘,勝太,勝泰,勝大,勝拓,勝宙,勝博,勝比呂,勝彦,勝佑,勝裕,勝洋,勝廣,勝洸,捷洋,旦広,裕弘,雄広,雄弘,雄大,雄裕,力裕,和寛,和宏,和広,和衡,和裕
かつふみ,katsufumi,一史,克史,克典,克文,勝史,勝文,勉史
かつへい,katsuhei,克平
かつま,katsuma,一真,克真,克馬,克磨,克麻,勝真,勝馬,勝磨,雄眞
かつまさ,katsumasa,且将,且昌,且政,克維,克雅,克格,克匡,克勝,克将,克昌,克晶,克真,克征,克政,克正,克全,克当,克優,克祐,克眞,勝雅,勝匡,勝将,勝昌,勝政,勝正,勝優,勉聖,優匡,力正
かつまる,katsumaru,勝丸
かつまろ,katsumaro,勝麿,旦麿
かつみ,katsumi,加津美,嘉積,活海,活水,且美,且巳,桂実,桂巳,功実,克海,克己,克三,克視,克実,克省,克臣,克身,克美,克未,克巳,克已,勝海,勝見,勝己,勝克,勝三,勝視,勝実,勝臣,勝身,勝美,勝巳,勝已,和績,和巳,和弥
かつみち,katsumichi,勝通
かつみつ,katsumitsu,勝光
かつむね,katsumune,克宗,勝宗
かつもと,katsumoto,且元,賢元,克基,克元,克征,勝基,勝元,勝泉
かつもり,katsumori,桂守,甲守,克守,克衞,勝護,勝守,勝盛,捷護
かつや,katsuya,一矢,加津也,夏津也,賀津也,活也,且弥,敢也,健也,功也,功弥,香津也,豪哉,豪也,豪耶,克哉,克也,克耶,克弥,克矢,克彌,勝哉,勝也,勝耶,勝弥,勝矢,勝彌,雄哉,雄也,雄矢,亮矢,和哉,和也,和矢
かつやす,katsuyasu,克安,克康,克泰,克保,勝安,勝康,勝保,勝靖,雄康
かつゆき,katsuyuki,加津之,活幸,且敬,且幸,且行,賢孝,功行,功之,克介,克敬,克幸,克行,克志,克至,克晋,克征,克致,克如,克之,克赴,克鵬,克礼,克歴,勝幸,勝行,勝至,勝征,勝雪,勝通,勝道,勝之,勝普,捷之,勉之,雄以,雄五,雄幸,雄之,和幸
かつよし,katsuyoshi,一祥,一良,可都由,嘉津芳,活由,且好,且祥,且善,桂由,功佳,功義,功能,功良,巧悦,克伊,克栄,克悦,克佳,克嘉,克賀,克介,克喜,克宜,克義,克吉,克欣,克圭,克好,克俊,克承,克昌,克祥,克仁,克善,克能,克美,克芳,克由,克予志,克良,勝栄,勝佳,勝嘉,勝喜,勝貴,勝儀,勝義,勝吉,勝圭,勝慶,勝功,勝好,勝祥,勝宣,勝善,勝典,勝美,勝芳,勝由,勝誉,勝良,積善,雄愛,雄祥,和嘉,和義,和賢
かつより,katsuyori,克頼,克和,勝頼
かつら,katsura,桂
かつる,katsuru,加津留
かつろう,katsurou,克朗,克郎,勝朗,勝郎,捷朗
かつわか,katsuwaka,勝若
かづあき,kazuaki,一暁,和昭,和明
かづお,kazuo,一生,一男,一夫,一雄,佳津男,佳津夫,加津男,加津夫,嘉津生,賀津雄,和央,和男
かづおり,kazuori,一織
かづき,kazuki,一喜,一希,一貴,一起,一輝,一樹,一生,佳津紀,佳津輝,香都紀,利希,和樹
かづし,kazushi,一志,和史,和志
かづしげ,kazushige,一成
かづたか,kazutaka,一貴,一孝,一隆,万隆,和孝
かづてる,kazuteru,一照
かづと,kazuto,一人,和人
かづとし,kazutoshi,一寿,和敏,和稔
かづとも,kazutomo,一友
かづなり,kazunari,一成
かづのり,kazunori,和寛,和則
かづひこ,kazuhiko,一彦,佳津比古,佳津彦,架津彦,和彦
かづひさ,kazuhisa,和久
かづひと,kazuhito,一仁
かづひろ,kazuhiro,一弘,一浩,一裕,一洋,賀津宏,千弘,多宏,和弘,和大,和博
かづま,kazuma,一真,嘉津馬,桂津馬,和真
かづまさ,kazumasa,一雅,和昌,和正
かづみ,kazumi,一実,佳寿実,佳積,佳津見,加津己,和海,和己,和巳
かづみつ,kazumitsu,一光
かづもと,kazumoto,和幹
かづや,kazuya,一哉,一也,加津也,嘉律哉,和哉,和也
かづゆき,kazuyuki,員行,和幸
かづよし,kazuyoshi,一義,一良,香津吉,万剛,和慶
かてん,katen,夏天
かどひと,kadohito,圭人
かどひろ,kadohiro,圭浩
かどふみ,kadofumi,圭史
かなう,kanau,叶
かなえ,kanae,鼎
かなた,kanata,叶太,哉太,奏多,奏太,奏汰,奏大,彼方
かなつぐ,kanatsugu,教次
かなと,kanato,海夏人,哉音,奏人,要人
かなとし,kanatoshi,要年
かなはる,kanaharu,華奈東
かなめ,kaname,要,要人
かなや,kanaya,要也
かなる,kanaru,夏南留
かねあき,kaneaki,兼昭,兼明,謙彰,謙昭
かねお,kaneo,金男,金雄,兼生,兼男,周大,周男,周夫,周郎,鉦夫,鉦雄,鐘男
かねおみ,kaneomi,兼臣
かねき,kaneki,鐘樹
かねきち,kanekichi,兼吉
かねさだ,kanesada,兼定
かねし,kaneshi,金司,金志
かねしげ,kaneshige,兼茂,周繁
かねすけ,kanesuke,兼資,兼輔
かねたか,kanetaka,兼貴,兼孝,兼昂,兼高,光隆,周孝,周高
かねただ,kanetada,金忠
かねちか,kanechika,兼慶
かねつぐ,kanetsugu,金次,兼継,兼嗣
かねと,kaneto,兼人,要人
かねとし,kanetoshi,兼敏,兼稔,兼利,謙俊,周敏
かねとも,kanetomo,兼智
かねなり,kanenari,金成
かねのぶ,kanenobu,兼伸,兼宣,周允,包信
かねのり,kanenori,兼紀,謙徳,鐘典
かねはる,kaneharu,兼治,兼春,周玄
かねひこ,kanehiko,錦彦,兼彦
かねひさ,kanehisa,金久,兼久,兼寿,周久
かねひで,kanehide,錦秀,謙秀
かねひと,kanehito,金士,兼人,兼仁,謙人
かねひら,kanehira,兼平
かねひろ,kanehiro,金宏,金浩,兼広,兼弘,兼明,兼裕,謙弘,周宏,周広,鐘浩
かねふさ,kanefusa,金英,包房
かねまさ,kanemasa,兼雅,兼昌,兼正
かねまる,kanemaru,兼丸
かねみ,kanemi,銀実
かねみち,kanemichi,兼径,兼途
かねみつ,kanemitsu,金光,兼光,兼充,謙光
かねもと,kanemoto,金基
かねもり,kanemori,兼盛,鐘守
かねやす,kaneyasu,兼泰,兼保
かねゆき,kaneyuki,金幸,兼幸,兼行,兼之,謙之,周行,鐘幸,鉄之,務征
かねよし,kaneyoshi,金嘉,銀能,兼義,兼芳,兼良,周新,周良,鐘義
かのう,kanou,協
かのり,kanori,可典
かはな,kahana,佳花,香英
かはる,kaharu,嘉春,香春
かぶと,kabuto,加太,彼武人
かへい,kahei,嘉平,珂平
かむい,kamui,加夢意
かめお,kameo,亀男
かめじろう,kamejirou,亀二郎
かめたろう,kametarou,亀太郎
かやお,kayao,伽矢男,茅男,茅野夫
かやき,kayaki,茅矢樹
かやと,kayato,夏野登,香人,彼野人
かよじ,kayoji,佳代治
かりた,karita,刈太
かりゅう,karyu,夏竜
かると,karuto,彼留斗
かるど,karudo,夏留土
かるほ,karuho,軽保
かれむ,karemu,佳礼夢
かわじ,kawaji,河路
かをる,kaoru,郁,馨
かん,kan,勘,完,寛,幹,換,敢,桓,歓,漢,環,緩,艦,莞,貫,鑑
かんいち,kanichi,冠一,勘一,完一,寛一,幹一,敢一,敢市,歓一,艦一,貫一
かんいちろう,kanichirou,勘一郎,寛一郎,幹一郎,貫一郎
かんきち,kankichi,貫吉
かんくろう,kankurou,幹九郎
かんご,kango,勘吾,完吾,完梧,完剛,寛伍,寛吾,寛悟,寛梧,莞吾,貫吾,貫梧,貫護
かんさい,kansai,寛斎
かんざぶろう,kanzaburou,勘三郎
かんざん,kanzan,観山
かんし,kanshi,寛司
かんしゅん,kanshun,貫俊
かんしろう,kanshirou,貫志朗,貫志郎
かんじ,kanji,乾治,勘司,勘治,勘二,勘弐,勧司,勧持,完司,完史,完士,完志,完至,完侍,完次,完治,完爾,完二,寛司,寛史,寛志,寛次,寛治,寛示,寛仁,寛二,寛之,幹司,幹史,幹嗣,幹士,幹志,幹児,幹滋,幹治,幹爾,幹二,幹冶,敢史,敢士,敢児,敢二,敢之,歓司,歓士,歓人,環志,莞爾,莞二,貫司,貫志,貫治,貫爾,貫示,貫二,貫之,皖司
かんじゅうろう,kanjurou,冠充郎,寛十郎
かんじろう,kanjirou,勘治郎,勘二郎,完治郎,完二郎,寛次郎,観二郎,貫次郎
かんすけ,kansuke,勘介,勘助,勘輔,完介,完輔,寛介,幹右,敢右,敢介,観介,貫介,貫佑
かんぞう,kanzou,寛三,幹三,幹造,鑑三
かんた,kanta,勘太,勧太,寛太,寛大,幹太,敢太,歓太,漢太,肝太,莞太,観大,貫太
かんたろう,kantarou,勘太朗,勘太郎,完太郎,寛太朗,寛太郎,寛大郎,幹太郎,敢太郎,柑太郎,漢太郎,莞太郎,貫太朗,貫太郎,貫大郎
かんだい,kandai,寛大
かんてつ,kantetsu,貫哲
かんと,kanto,冠人,勘人,完人,寛人,幹人,敢人,歓土,貫人,貫登,閑人,甲人
かんび,kambi,莞美
かんぺい,kampei,勘平,寛平,貫平
かんや,kanya,乾也,侃也,勘也,完哉,完也,寛也,幹也,幹弥,敢也,莞也,貫也
がい,gai,雅意,雅亥,凱,涯
がいし,gaishi,凱士,外士
がいと,gaito,凱人,凱登
がいへい,gaihei,凱平
がく,gaku,画句,賀久,雅久,雅句,覚,学,岳,岳久,楽,學,峩休
がくえい,gakuei,学英,岳永,額栄
がくお,gakuo,学男
がくき,gakuki,学機
がくし,gakushi,学史,学志,岳司,岳史,岳士,岳志
がくしゅう,gakushu,学修
がくじ,gakuji,学司,学志,学爾,学自,学二,学之,岳司,岳児,岳次,岳治,岳二
がくてつ,gakutetsu,学哲
がくと,gakuto,学人,学登,岳十,岳人,岳斗
がくひこ,gakuhiko,学彦
がくひと,gakuhito,岳史
がくへい,gakuhei,岳平
がくや,gakuya,学也,学弥,岳也
がくよう,gakuyou,岳陽
がくろう,gakurou,岳郎
がじろう,gajirou,蛾次郎
がろ,garo,我路
がん,gan,雁
がんじ,ganji,巌爾,巌示,玩次,元史,元治
がんた,ganta,巌太,元太
きいち,kichi,葵一,嘉一,喜一,喜市,基一,基市,希一,机一,期一,毅一,季意知,紀一,規一,記一,貴一,貴市,起一,起市,輝一,樹一,其一,暉一
きいちろう,kichirou,葵一郎,喜一朗,喜一郎,喜市郎,基一郎,希一朗,希一郎,幾一朗,幾一郎,毅一朗,毅一郎,紀一朗,紀一郎,規一郎,貴一朗,貴一郎,貴市朗,起一郎,軌一郎,輝一郎,樹一郎
きいつ,kitsu,季逸
きお,kio,樹夫
きおい,kioi,祈生,紀生,亀生,木生
きおう,kiou,希欧,紀央,貴央,貴王
きおと,kioto,貴音
きくいちろう,kikuichirou,喜久一郎
きくお,kikuo,喜久生,喜久男,喜久夫,喜久雄,希久央,希久夫,紀久生,紀久男,紀久夫,紀久雄,規矩雄,記久男,貴久男,貴久夫,貴久雄,亀久夫,菊生,菊男,菊夫,菊雄,樹久生
きくおみ,kikuomi,菊臣
きくごろう,kikugorou,菊五郎
きくしろう,kikushirou,菊紫朗
きくじ,kikuji,喜久治,幾久次,規久治,菊嗣,菊治
きくじろう,kikujirou,菊次郎,菊二郎
きくぞう,kikuzou,喜久三
きくと,kikuto,菊人
きくとし,kikutoshi,輝久利
きくのすけ,kikunosuke,喜久之介
きくのり,kikunori,紀久典,菊則
きくはる,kikuharu,喜久治,喜久晴,貴久治,菊春
きくひさ,kikuhisa,菊久
きくひろ,kikuhiro,菊博
きくへい,kikuhei,喜久平
きくまる,kikumaru,菊丸
きくまろ,kikumaro,喜久麿
きくや,kikuya,喜久哉,輝空也
きくろう,kikurou,喜久郎,菊郎
きさく,kisaku,木作
きさじ,kisaji,喜佐路
きさぶろう,kisaburou,喜三郎
きざえもん,kizaemon,喜左衛門
きざし,kizashi,兆,萌
きしお,kishio,喜志男,喜志雄,貴志夫,貴志雄
きしおみ,kishiomi,喜至臣
きしかず,kishikazu,貴志和
きしや,kishiya,岸也
きしゅう,kishu,喜秀,希舟,規修
きしょう,kishou,喜昭,希昌,希翔,毅正,紀祥,紀章,貴勝,貴松,貴祥,起匠,輝匠,輝昇
きしろう,kishirou,喜四郎,喜志郎,貴士郎,貴志郎,輝志郎,騎士郎
きしん,kishin,希晋,紀信,貴信,貴真,輝心,吉心
きじゅう,kiju,喜重
きすお,kisuo,紀壽夫
きすけ,kisuke,輝介,諒介
きせい,kisei,起盛,輝生
きせひこ,kisehiko,紀世彦
きぞう,kizou,喜三
きたえ,kitae,鍛
きたる,kitaru,来
きたろう,kitarou,喜多朗,喜太郎,希太郎,幾多郎,紀太郎
きちお,kichio,吉男,吉雄
きちごろう,kichigorou,吉五郎
きちさぶろう,kichisaburou,吉三郎
きちじ,kichiji,吉司,吉次
きちすけ,kichisuke,吉助
きちぞう,kichizou,吉蔵
きちたろう,kichitarou,吉太郎
きちと,kichito,吉人
きちのすけ,kichinosuke,吉之介,吉之助
きちます,kichimasu,吉益
きちや,kichiya,記知也
きちろう,kichirou,喜一郎,吉朗,吉郎
きっぺい,kippei,輝平,吉平
きつぐ,kitsugu,樹承
きぬあき,kinuaki,絹明
きねひこ,kinehiko,甲子彦
きのすけ,kinosuke,喜之助
きはち,kihachi,喜八
きはちろう,kihachirou,喜八郎,貴八郎
きひろ,kihiro,希宏,季弘
きふみ,kifumi,喜文,希文,紀史,樹文
きぶん,kibun,毅文
きへい,kihei,喜兵,喜兵衞,喜平,紀平,輝平,樹平
きへいじ,kiheiji,喜平治
きみあき,kimiaki,貴美昭,君晃,君明,侯明,公映,公暁,公顕,公晃,公秋,公彰,公昭,公晶,公章,公彬,公明,公亮,公朗,主明,仁暁
きみあつ,kimiatsu,公厚,公篤
きみいち,kimichi,公一
きみお,kimio,王夫,喜三男,喜三夫,喜三雄,喜美男,喜美夫,喜美雄,喜美郎,基美男,基美夫,基美雄,基巳雄,希美夫,希美雄,紀三男,紀美男,紀美夫,紀美雄,紀巳男,規実男,規明夫,貴美男,貴美夫,貴美雄,君男,君夫,君雄,公央,公応,公生,公大,公男,公美雄,公夫,公巳夫,公雄,公良,公朗,公郎,樹実雄,樹美郎,仁男,仁夫,仁勇,仁雄
きみかげ,kimikage,公景
きみかず,kimikazu,君和,公一,公和,仁一,仁和
きみかつ,kimikatsu,喜実勝,公克
きみかづ,kimikazu,公一
きみくに,kimikuni,公国
きみしげ,kimishige,公成,公繁
きみじ,kimiji,公寿
きみたか,kimitaka,王崇,王隆,公威,公毅,公貴,公敬,公孝,公考,公高,公崇,公尊,公飛,公隆,仁敬,仁孝,仁隆,帝孝
きみたけ,kimitake,公威,公健,公丈
きみただ,kimitada,王直
きみちか,kimichika,公近,公親
きみちよ,kimichiyo,君千代
きみつぐ,kimitsugu,公胤,公乙,公継,公嗣
きみてる,kimiteru,君輝,公輝,仁光,仁照
きみと,kimito,王徳,公人,公登
きみとし,kimitoshi,君俊,公紀,公寿,公俊,公敏,公稔,公利,公壽,仁哉,仁俊
きみとみ,kimitomi,公臣
きみとも,kimitomo,王丈,公知,公友
きみな,kimina,公菜
きみなお,kiminao,公直
きみなが,kiminaga,公詠
きみなり,kiminari,王成,公就,公成,公也,仁成
きみのすけ,kiminosuke,公之輔
きみのぶ,kiminobu,公延,公伸,公信,公宣,公亘
きみのり,kiminori,匡徳,君憲,君典,公雅,公紀,公規,公教,公芸,公憲,公順,公宣,公則,公典,公徳,公伯,公範,公文,公法,公律,后律,皇紀,仁紀,仁教
きみはる,kimiharu,君治,君春,公治,公春,公晴,公冶,仁治,仁晴,仁陽
きみひこ,kimihiko,王彦,喜美彦,喜巳彦,貴美彦,君彦,侯彦,公比古,公彦,仁彦,正彦
きみひさ,kimihisa,公久,公寿,公尚
きみひで,kimihide,公英,公秀
きみひと,kimihito,王士,王人,王仁,記美仁,君人,君仁,公士,公人,公仁,皇士,皇人,仁人
きみひろ,kimihiro,王宏,喜美広,喜美博,希巳浩,記見浩,君宏,君弘,君尋,君裕,侯宏,公央,公寛,公啓,公敬,公宏,公広,公弘,公浩,公祥,公仁,公尋,公泰,公大,公博,公比呂,公裕,公洋,公廣,皇宏,樹美洋,仁寛,仁啓,仁宏,仁浩,仁泰,仁大,仁博,仁裕
きみふさ,kimifusa,公房
きみふみ,kimifumi,公史
きみまさ,kimimasa,公雅,公将,公正
きみみち,kimimichi,公道
きみもつ,kimimotsu,公望
きみもと,kimimoto,公元
きみもり,kimimori,公司,仁守
きみや,kimiya,喜未也,公哉,公也,仁也
きみやす,kimiyasu,君康,君保,公快,公康,公泰,公保,公靖,仁康
きみゆき,kimiyuki,公孝,公幸,公行,公志,公之,主幸
きみよし,kimiyoshi,王良,輝実吉,公佳,公賀,公喜,公宜,公義,公欣,公慶,公敬,公祥,公善,公美,公芳,公由,公良,皇功,仁彦
きやた,kiyata,城也太
きゅう,kyu,丘,救,究
きゅういち,kyuichi,久一,球一,究一
きゅういちろう,kyuichirou,久一郎
きゅうきち,kyukichi,久吉
きゅうご,kyugo,球吾
きゅうじ,kyuji,久治,久二,球児,九児
きゅうじろう,kyujirou,久二郎,究次郎
きゅうぞう,kyuzou,久三,久蔵
きゅうた,kyuta,丘太,久太,球太
きゅうたろう,kyutarou,久太郎
きゅうと,kyuto,球人
きゅうのすけ,kyunosuke,究之介
きゅうま,kyuma,求馬
きゅうや,kyuya,久也,久弥,球也,玖哉
きゆう,kiyu,輝有,輝雄,樹勇
きゆういち,kiyuichi,久市
きょう,kyou,馨,亨,享,匡,喬,強,恭
きょういち,kyouichi,杏一,亨一,享一,享壱,京一,競一,協一,匡一,匡乙,喬一,境一,強一,恭一,恭壱,恭市,教一,郷一,響一,暁一
きょういちろう,kyouichirou,享一朗,享一郎,京一郎,匡一朗,匡一郎,喬一郎,恭一郎,恭市郎
きょうご,kyougo,亨吾,亨悟,享吾,京吾,匡吾,卿吾,喬悟,恭吾,恭悟,教悟,鏡伍,響吾,経護
きょうざぶろう,kyouzaburou,恭三郎
きょうし,kyoushi,京司,京志,恭史
きょうしろう,kyoushirou,京四郎,京士郎,協四郎,恭志郎
きょうじ,kyouji,亨治,享司,享児,享治,享二,京司,京志,京次,京治,京二,共治,協司,協児,協治,匡史,匡治,喬司,喬史,強次,強二,恭司,恭史,恭嗣,恭士,恭志,恭児,恭慈,恭次,恭治,恭爾,恭二,教司,教治,教二,郷史,響二,敬司,敬二,経示
きょうじろう,kyoujirou,享仁郎,京二郎,恭次朗
きょうすけ,kyousuke,杏介,杏輔,杏亮,亨介,亨輔,亨祐,亨亮,享介,享佐,享助,享輔,享佑,享祐,享亮,京介,京助,京輔,京佑,京祐,匡介,匡輔,匡祐,匡亮,喬介,喬佑,喬亮,強輔,恭育,恭介,恭功,恭資,恭助,恭丞,恭典,恭補,恭輔,恭佑,恭祐,恭亮,恭涼,恭侑,教介,教助,郷介,郷佑,鏡介,響介,響輔,暁祐,慶輔,香介,亮介
きょうせい,kyousei,京生,共生,恭正,恭生,恭聖,興生
きょうぞう,kyouzou,享三,享造,京三,強造,恭三,恭造,教三
きょうた,kyouta,杏太,挙大,亨太,享太,京太,京大,協太,匡太,喬太,強太,恭太,恭大,教太,郷太,響太,茎太,今日太,曉太
きょうたろう,kyoutarou,京太朗,京太郎,協太郎,強太郎,恭太郎
きょうのすけ,kyounosuke,京之介,匡之介,恭之介,恭之助
きょうひさ,kyouhisa,恭久
きょうへい,kyouhei,杏平,亨平,享兵,享平,京兵,京平,共平,協平,匡平,喬兵,喬平,強平,恭坪,恭丙,恭兵,恭平,教平,興平,郷平,響平,暁平,今日平
きょうま,kyouma,恭真,恭馬
きょうまる,kyoumaru,京丸
きょうや,kyouya,京哉,京也,匡也,恭也,恭弥,恭矢,教哉,響哉,響也
きょうれん,kyouren,杏蓮
きよあき,kiyoaki,喜代明,恭章,潔昭,潔明,澄明,清旭,清輝,清暁,清顕,清晃,清彰,清昭,清晶,清照,清章,清壮,清爽,清彬,清明,清揚,清亮,清朗,精晃,聖暁,聖晃,聖章,聖明,靖章,陽章,廉明
きよいち,kiyoichi,喜代一,清一
きよいちろう,kiyoichirou,清一郎
きよういち,kiyouichi,恭一
きよお,kiyo,清夫,清雄,斉夫,廉夫
きよおき,kiyoki,清起
きよおみ,kiyomi,清臣
きよかず,kiyokazu,喜代一,喜代数,毅一,規世和,貴代和,貴誉一,潔一,潔和,晴計,清一,清運,清種,清寿,清良,清和,聖一,聖和
きよかつ,kiyokatsu,喜代克,喜代勝,清且,清克,清勝
きよかね,kiyokane,清兼
きよき,kiyoki,澄樹,清樹
きよきみ,kiyokimi,清公
きよし,kiyoshi,喜義,喜吉,喜好,喜祥,喜世士,喜世志,喜代司,喜代嗣,喜代志,喜芳,喜由,喜良,喜與志,基悦,基嘉,基幹,基義,基善,基誉史,希佳,希吉,希賢,希好,希仁,希世志,希芳,希与志,機良,季由,季良,紀喜,紀義,紀世志,紀代志,紀芳,紀陽士,紀良,規悦,規義,規良,記吉,記好,貴義,貴志,貴識,貴祥,貴世史,貴世志,貴代志,貴芳,貴良,貴良志,起世志,輝義,輝圭,輝美,宜良,吉世嗣,巨史,享司,恭司,恭史,恭嗣,圭史,潔,潔史,潔志,潔守,潔之,潔吏,健,樹慶,樹寿,樹昌,樹良,淳,淳司,淳史,純,章代司,浄,浄志,粋史,澄,澄司,澄志,晴,清,清司,清史,清嗣,清士,清志,清視,清織,清日,清之,清良,精,精士,精志,聖,聖仕,聖司,聖史,聖士,聖志,聖詞,聖進,聖之,聖也,斉史,白志,磨史,靖,靖士,陽,陽司,陽芳,廉,皖司
きよしげ,kiyoshige,清重,清成,清茂
きよしろう,kiyoshirou,清士郎,清志郎
きよじ,kiyoji,喜代次,喜代治,紀代二,起代二,清司,清次,清治,清路
きよすけ,kiyosuke,清介,清輔
きよずみ,kiyozumi,清純
きよせい,kiyosei,清誠
きよた,kiyota,喜代太,清太
きよたか,kiyotaka,喜代孝,喜代隆,貴孝,貴代孝,貴隆,圭貴,圭崇,潔貴,潔孝,淳太,清允,清栄,清毅,清貴,清宜,清巨,清享,清恭,清敬,清孝,清高,清剛,清尚,清崇,清嵩,清生,清尊,清太,清能,清峰,清雄,清誉,清隆,精孝,聖岳,聖貴,聖敬,聖孝,聖高,聖剛,聖峻,聖尚,聖崇,聖峰,聖隆,聖和,磨貴,磨享,磨孝,麿孝
きよたけ,kiyotake,清岳,清健,清豪,清丈,清竹,清武,聖岳,聖武
きよただ,kiyotada,清正,清忠
きよたつ,kiyotatsu,清達,清竜
きよたね,kiyotane,清種
きよちか,kiyochika,清睦,聖近,聖史,聖凡
きよつぐ,kiyotsugu,喜代継,喜代次,起容嗣,清継,清司,清嗣,清次,清紹,清世,磨嗣
きよつな,kiyotsuna,清綱
きよてる,kiyoteru,清輝,清光,清晃,清照,清明,聖輝,磨輝
きよと,kiyoto,瑛士,喜代人,喜代登,紀世人,貴世人,潔人,淑人,浄人,澄人,清史,清人,清水,清登,清都,清門,精人,聖人,陽斗,亮人,廉人
きよとし,kiyotoshi,喜代俊,喜代敏,京俊,清俊,清敏,清利,聖俊,聖年,陽智
きよとみ,kiyotomi,清臣
きよとも,kiyotomo,貴世友,清智,清朝,清伴,清友,聖智
きよとよ,kiyotoyo,清豊
きよなお,kiyonao,清修,清直
きよなか,kiyonaka,清仲
きよなり,kiyonari,淳也,粋成,清就,清成,清也,聖也,陽也
きよのぶ,kiyonobu,希与伸,享伸,恭宣,浄信,澄伸,清延,清伸,清信,清宣,清暢,清展,清布,聖伸,聖信,聖展
きよのり,kiyonori,喜代範,起代則,潔紀,潔範,潔法,澄憲,清寛,清紀,清規,清軌,清訓,清憲,清功,清則,清智,清典,清統,清徳,清範,清文,清法,聖宜,聖準,聖宣,聖典,聖徳,聖範,聖了
きよはる,kiyoharu,喜代治,喜代春,喜代晴,紀晴,淳晴,清治,清春,清晴,清明,清陽,清流,清令,聖治,聖晴,陽春,亮晴,淨晴
きよひこ,kiyohiko,喜世彦,喜代彦,希代彦,紀世彦,紀代彦,潔彦,浄彦,清比古,清彦,精彦,聖日己,聖彦
きよひさ,kiyohisa,喜代寿,希世久,恭久,潔尚,清久,清寿,清尚,精久,聖久,静久
きよひで,kiyohide,喜吉英,喜代秀,享英,圭秀,清英,清秀,聖英
きよひと,kiyohito,幾代士,巨人,潔一,潔人,清史,清人,清仁,聖人,聖仁,磨仁,陽仁,麗仁,廉仁
きよひろ,kiyohiro,喜代宏,希世弘,記世大,享祐,圭宏,圭広,淳広,浄宏,清寛,清啓,清公,清宏,清広,清弘,清浩,清大,清博,清裕,清洋,清廣,精宏,精洋,聖宏,聖広,聖弘,聖浩,聖周,聖大,聖博,聖裕,聖皓,靖浩,陽弘
きよふみ,kiyofumi,喜代文,輝吉文,潔史,潔文,健史,清史,清文,聖史,聖章,聖文,磨史,廉史
きよまさ,kiyomasa,清雅,清匡,清勝,清将,清政,清正,清全,聖将,聖真,聖征
きよまつ,kiyomatsu,喜代松,清松
きよまる,kiyomaru,清丸
きよまろ,kiyomaro,清麿
きよみち,kiyomichi,清通,清道,清祐,清理,精通,聖通
きよみつ,kiyomitsu,喜代光,巨光,清光,清充,清満,聖光
きよもと,kiyomoto,清基,精基
きよもり,kiyomori,清守,清盛
きよやす,kiyoyasu,清恭,清康,清泰,清鎮,清保
きよゆき,kiyoyuki,潔亨,潔行,淳之,清幸,清行,清之,清廉,聖行,聖征,聖雪,聖之
きよよし,kiyoyoshi,聖佳
きりつぐ,kiritsugu,切継
きりと,kirito,基理人,希吏登,桐人
きりま,kirima,桐馬
きりろう,kirirou,桐郎
きろう,kirou,揮郎,紀郎
きろく,kiroku,喜六
きわむ,kiwamu,究,究夢,極
きん,kin,勤,均,欣,欽,琴,謹,金,槿
きんいち,kinichi,勤一,均一,錦一,錦市,欣一,欽一,欽市,謹一,金一
きんいちろう,kinichirou,欣一郎,欽一郎
きんご,kingo,均吾,錦吾,錦悟,欣吾,欽吾,謹吾,謹悟,金五,金吾,金悟
きんごろう,kingorou,金五郎
きんざぶろう,kinzaburou,金三郎
きんし,kinshi,金司
きんしろう,kinshirou,錦四郎,錦士郎,欣四郎,金四郎
きんじ,kinji,錦司,錦寿,欣伺,欣司,欣嗣,欣士,欣始,欣志,欣慈,欣次,欣治,欣道,欣二,欽司,欽士,欽治,欽示,欽二,琴二,謹司,謹志,謹爾,謹二,金司,金嗣,金次,金治,金二,公二
きんじろう,kinjirou,錦次郎,欣治郎,金次郎,金治郎,金二郎
きんすけ,kinsuke,欣介,金助
きんぞう,kinzou,欣三,欽三,欽造
きんた,kinta,金太
きんたろう,kintarou,金太郎
きんと,kinto,錦斗
きんのすけ,kinnosuke,欽之助,金之介,金之助
きんや,kinya,勤哉,勤也,均也,錦也,錦弥,錦矢,欣哉,欣也,欣弥,欣矢,欽哉,欽也,欽矢,琴也,謹也,金也,金弥,金矢,公也
ぎいち,gichi,儀一,義一
ぎいちろう,gichirou,儀一郎,義一郎
ぎしょう,gishou,義昌
ぎじん,gijin,義人
ぎすけ,gisuke,義介
ぎぞう,gizou,義三
ぎたん,gitan,義丹
ぎどう,gidou,義童
ぎょう,gyou,暁
ぎょうしん,gyoushin,堯信
ぎょうぜん,gyouzen,行善
ぎょうよう,gyouyou,暁蓉
ぎょうらい,gyourai,暁蕾
ぎん,gin,吟,銀
ぎんいち,ginichi,銀以智,銀一
ぎんいちろう,ginichirou,銀一郎
ぎんが,ginga,銀河
ぎんしろう,ginshirou,銀志郎
ぎんじ,ginji,銀次,銀二
ぎんじろう,ginjirou,銀次郎,銀治郎,銀二郎
ぎんぞう,ginzou,銀蔵
ぎんた,ginta,吟太,銀太
ぎんとき,gintoki,銀時
ぎんぺい,gimpei,銀兵,銀平
ぎんや,ginya,銀夜
くう,ku,空
くうご,kugo,空悟,空護
くうや,kuya,空也
くおん,kuon,久遠
くきお,kukio,久喜雄
くさひこ,kusahiko,草彦
くすお,kusuo,久壽男,九州男,楠生
くすとし,kusutoshi,楠利
くすのぶ,kusunobu,楠宣
くすひと,kusuhito,楠人
くすまさ,kusumasa,楠雅
くにあき,kuniaki,久仁昭,久仁明,訓昌,訓照,訓章,訓明,郡監,郡晃,国晃,国昭,国章,国文,国明,州晃,城将,城昭,都明,邦旭,邦央,邦暁,邦啓,邦謙,邦顕,邦光,邦晃,邦秋,邦彰,邦昌,邦昭,邦晶,邦章,邦知,邦哲,邦彬,邦明,邦亮,國昭,國章,國明
くにいち,kunichi,都一,邦一
くにいちろう,kunichirou,国一郎,邦一郎
くにえ,kunie,邦栄,邦衛
くにえい,kuniei,邦榮
くにお,kunio,久仁男,久仁夫,久仁雄,久二夫,九二男,九二夫,九二雄,訓生,訓男,訓夫,訓雄,公仁男,国王,国士,国生,国男,国夫,国雄,州央,州生,州男,州雄,城央,城生,城男,地生,地男,都生,都男,都雄,邦央,邦翁,邦緒,邦生,邦相,邦男,邦彦,邦夫,邦穂,邦雄,邦應,有生,圀夫,國生,國男,國夫,國雄
くにおき,kunioki,國興
くにおみ,kuniomi,国臣,邦臣,國臣
くにかず,kunikazu,久二一,訓一,訓和,国一,国数,国和,邦一,邦員,邦寿,邦和
くにかた,kunikata,邦剛
くにかつ,kunikatsu,邦克
くにき,kuniki,久仁紀,国基,国樹,邦記,邦起,邦樹
くにさだ,kunisada,邦貞
くにさと,kunisato,邦里
くにしげ,kunishige,国重,邦栄,邦重,邦成,邦繁,邦茂
くにしろう,kunishirou,邦司郎,邦史郎
くにじ,kuniji,邦司,邦二,圀二
くにじろう,kunijirou,邦次郎
くにすけ,kunisuke,国介,州右
くにぞう,kunizou,国三,国蔵,邦三,邦造
くにた,kunita,邦太
くにたか,kunitaka,訓孝,公仁孝,公崇,公之,国貴,国孝,国隆,州崇,城誉,邦貴,邦敬,邦孝,邦幸,邦高,邦尚,邦崇,邦嵩,邦誉,邦隆,有孝,國貴,國孝,國尊,國隆
くにたけ,kunitake,訓孟,国建,州勇,邦毅,邦武,邦猛
くにただ,kunitada,邦匡
くにたろう,kunitarou,国太郎,邦太郎,國太郎
くにちか,kunichika,訓史,国親,邦愛,邦哉,邦慈,邦親
くにつぐ,kunitsugu,国次,州亜,國嗣
くにつむ,kunitsumu,国積
くにてる,kuniteru,訓英,国輝,邦輝,邦照
くにと,kunito,久仁人,訓士,国人,邦人,邦登,邦門
くにとし,kunitoshi,久仁俊,匡敏,訓稔,国寿,国俊,国年,国敏,国利,州利,城利,邦季,邦寿,邦俊,邦聡,邦年,邦敏,邦稔,邦利,有利,國俊
くにとみ,kunitomi,訓臣,都臣
くにとも,kunitomo,訓司,州智,邦知,邦智,邦朝,邦朋,邦友,國智,國友
くになお,kuninao,邦斉
くになり,kuninari,邦成,邦生
くにのすけ,kuninosuke,国之介
くにのぶ,kuninobu,国信,国宣,国展,邦伸,邦信,邦宣,邦展
くにのり,kuninori,久仁則,国規,国功,国則,国典,国範,邦紀,邦訓,邦憲,邦仁,邦則,邦知,邦典,邦範,邦法,國法
くにはる,kuniharu,訓春,国治,国晴,晋玄,邦永,邦治,邦春,邦晴,邦陽,國治
くにひこ,kunihiko,郁彦,久仁彦,久弍彦,玖仁彦,具仁彦,薫彦,公仁彦,国彦,州彦,晋彦,地彦,都彦,土彦,邦光,邦彦,有彦,和比古,圀彦,國彦
くにひさ,kunihisa,訓久,国央,国久,州永,邦央,邦久,邦尚
くにひで,kunihide,訓英,訓秀,国英,国秀,州秀,邦栄,邦英,邦秀,有秀
くにひと,kunihito,漢仁,久二仁,訓史,訓士,郡仁,国史,国士,国人,国仁,州史,地史,邦人,邦仁,國士,國人,國仁
くにひろ,kunihiro,一泰,久仁弘,久仁浩,久仁洋,久仁廣,匡広,匡弘,匡紘,薫大,訓啓,訓宏,訓広,訓弘,訓浩,訓大,訓裕,公宏,公博,国寛,国敬,国宏,国広,国弘,国浩,国泰,国大,国博,国裕,国洋,国廣,寿広,州啓,州広,州弘,州紘,州博,州裕,州洋,城弘,城裕,晋寛,晋広,晋弘,晋大,晋裕,晋洋,地裕,都弘,都博,都洋,邦衛,邦拡,邦寛,邦啓,邦宏,邦広,邦弘,邦浩,邦紘,邦宗,邦大,邦拓,邦宙,邦博,邦佑,邦祐,邦裕,邦容,邦洋,有広,有洋,國寛,國宏,國弘,國浩,國博,國裕,國廣
くにふさ,kunifusa,邦房
くにふみ,kunifumi,国史,邦文
くにぶみ,kunibumi,国文
くにへい,kunihei,邦陛,國平
くにまさ,kunimasa,久仁昌,訓象,公正,国政,邦雅,邦匡,邦将,邦昌,邦政,邦正,邦全
くにまつ,kunimatsu,国松
くにみ,kunimi,国巳,邦実,邦水
くにみち,kunimichi,邦通,邦道,圀通
くにみつ,kunimitsu,久爾満,訓光,国光,国充,国満,晋光,邦光,邦充,圀光,國光,國三
くにむね,kunimune,邦宗
くにもと,kunimoto,邦元,有基
くにもり,kunimori,国守,邦盛
くにや,kuniya,一哉,薫哉,訓也,国哉,国也,城也,邦哉,邦也
くにやす,kuniyasu,訓康,訓靖,国安,国康,国泰,国靖,晋康,邦安,邦恭,邦康,邦泰,邦保,邦靖,國恭,國康,國泰
くにゆき,kuniyuki,一徹,一之,訓幸,訓之,国幸,国之,城幸,城之,晋之,晋由,都之,邦元,邦幸,邦行,邦征,邦雪,邦之,邦由紀,朗幸,國之
くによし,kuniyoshi,郁善,訓佳,訓義,訓好,訓芳,訓睦,訓良,国悦,国宜,国義,国吉,国泰,国能,国芳,国由,国良,州禎,城好,城旨,晋仁,晋由,晋良,都美,邦允,邦益,邦佳,邦嘉,邦宜,邦義,邦吉,邦好,邦淑,邦祥,邦善,邦之,邦能,邦美,邦彦,邦芳,邦由,邦良,國義,國能
くにより,kuniyori,邦頼
くにろう,kunirou,久仁郎,訓朗,国郎
くまお,kumao,熊男,熊夫
くまたろう,kumatarou,熊太郎
くみお,kumio,久三男,久実男,久美男,組雄
くめお,kumeo,久米男,久米雄
くめぞう,kumezou,久米三
くらうど,kuraudo,蔵人
くらお,kurao,蔵王
くらかず,kurakazu,蔵一
くらきち,kurakichi,蔵吉
くらしげ,kurashige,倉重
くらじ,kuraji,倉司,倉二
くらじろう,kurajirou,蔵二朗
くらた,kurata,蔵太
くらたか,kurataka,蔵貴
くらたろう,kuratarou,倉太郎
くらと,kurato,蔵人,蔵斗,蔵都
くらとし,kuratoshi,庫利
くらひさ,kurahisa,倉久
くらひと,kurahito,蔵人
くらま,kurama,蔵馬
くらや,kuraya,倉也
くらゆき,kurayuki,倉幸
くらよし,kurayoshi,蔵豊
くらろう,kurarou,蔵朗
くらんど,kurando,蔵人
くりひこ,kurihiko,久理彦,紅理彦
くりひと,kurihito,久利人
くると,kuruto,来人
くれお,kureo,來生
くれた,kureta,久礼太
くろう,kurou,久朗,久郎
くろうど,kuroudo,蔵人
くんいちろう,kunichirou,勲一郎,薫一郎
くんじ,kunji,勲司,勲二,薫司,薫児,薫二,訓司,訓士,訓志,訓字,訓次,訓治
くんた,kunta,君太,薫太
くんたろう,kuntarou,薫太朗
くんぺい,kumpei,勲平,君平,薫平,訓平
ぐらん,guran,久蘭
ぐん,gun,群
ぐんじ,gunji,群治,群冶,軍司,軍次,軍治,軍二,郡治
けい,kei,佳,馨,啓,圭,契,形,径,恵,慶,慧,憩,掲,敬,景,桂,渓,系,経,継,茎,蛍,計,顕,肇,勁,奎,彗,惠,溪,瓊,螢
けいいち,keichi,佳一,佳市,馨一,希一,京一,啓一,啓市,圭一,圭壱,圭市,径一,恵一,恵市,慶一,慶市,慧一,憩一,敬一,敬市,景一,景市,桂一,桂史,桂市,渓一,系一,経一,継一,計一,肇一,彗一,惠一,惠市
けいいちろう,keichirou,佳一朗,佳一郎,芥一朗,馨一郎,京一郎,郷一郎,啓一朗,啓一郎,啓市郎,圭一朗,圭一郎,圭市郎,契一郎,径一郎,恵一朗,恵一郎,慶一朗,慶一郎,慧一郎,敬一朗,敬一郎,景一朗,景一郎,桂一朗,桂一郎,桂市郎,経一郎,継一郎,計一郎,惠一朗,惠一郎
けいえ,keie,恵瑛
けいえい,keiei,啓衛,恵瑛,恵英,慧瑛,慧英
けいえつ,keietsu,啓悦,敬悦
けいお,keio,啓生,桂男
けいがく,keigaku,啓学
けいき,keiki,佳輝,鏡樹,啓喜,啓基,啓季,啓記,啓貴,啓樹,圭喜,圭希,圭紀,圭規,圭樹,圭生,恵紀,恵規,慶喜,慶紀,慶輝,慶樹,敬喜,敬規,敬記,敬貴,敬己,敬樹,景輝,景樹,桂輝,桂樹,継輝,計記
けいきち,keikichi,啓吉,圭吉,恵吉,慶吉,敬吉
けいこう,keikou,啓興,恵康,慶光,慶孝
けいご,keigo,佳吾,京吾,境悟,啓一伍,啓五,啓伍,啓午,啓吾,啓悟,啓護,圭五,圭伍,圭吾,圭悟,恵吾,恵悟,慶五,慶伍,慶吾,慶悟,慧伍,慧吾,慧悟,敬伍,敬吾,敬悟,景吾,景悟,桂伍,桂吾,桂悟,桂碁,桂護,計吾,惠五,惠吾
けいごう,keigou,啓郷,啓剛,惠剛
けいさく,keisaku,馨作,啓作,圭作,圭策,恵作,慶作,慧作,敬作,桂作
けいさぶろう,keisaburou,啓三郎,惠三郎
けいざぶろう,keizaburou,啓三郎,恵三郎,勁三郎
けいし,keishi,佳司,佳史,佳志,京之,啓司,啓史,啓嗣,啓士,啓志,啓思,啓旨,啓至,啓資,啓示,啓之,圭司,圭史,圭志,圭詩,圭之,契嗣,恵司,恵史,恵市,恵志,恵視,恵示,恵之,慶司,慶史,慶嗣,慶士,慶志,慧史,慧芝,慧之,敬司,敬史,敬士,敬志,敬思,敬詞,敬資,敬芝,敬之,景史,景士,景詩,桂司,桂史,桂嗣,桂志,桂詩,渓伺,渓史,経史,経志,計司,計士,計志,肇志,惠司,惠史
けいしちろう,keishichirou,慶七郎
けいしゅう,keishu,境秀,慶秀,敬秋
けいしゅん,keishun,圭駿,恵春,景春
けいしょう,keishou,啓彰,啓昇,啓聖,啓翔,圭賞,恵粧,恵正,慶生,慧将,慧丞,敬勝,敬章,敬正,敬翔,景晶,景祥,景翔,惠證
けいしろう,keishirou,佳司郎,啓司郎,啓史郎,啓四郎,啓士朗,啓士郎,啓志郎,圭司郎,圭史朗,圭史郎,圭四郎,圭士郎,圭志朗,恵司朗,恵司郎,恵史郎,恵四郎,慶史郎,慶四郎,慶士郎,敬仕郎,敬史郎,敬四郎,敬志朗,敬志郎,景士郎,景思郎,桂史郎,計史朗
けいしん,keishin,啓心,啓真,圭信,圭真,圭臣,圭進,恵信,慶信,慶真,慶津,慧真,敬進,敬眞,景伸,桂辛,継真
けいじ,keiji,佳司,佳史,佳志,佳次,佳治,佳二,馨司,馨児,馨滋,京司,京嗣,京滋,京二,啓圭,啓司,啓史,啓嗣,啓士,啓志,啓至,啓詞,啓資,啓児,啓時,啓次,啓滋,啓治,啓爾,啓示,啓自,啓仁,啓二,啓之,啓冶,啓路,圭司,圭史,圭嗣,圭士,圭志,圭児,圭次,圭滋,圭治,圭爾,圭示,圭知,圭二,圭路,契二,径司,径至,径冶,恵司,恵史,恵嗣,恵士,恵至,恵児,恵慈,恵次,恵滋,恵治,恵仁,恵二,慶司,慶嗣,慶士,慶志,慶事,慶児,慶慈,慶次,慶治,慶二,慶弐,慶吏,慶路,慧治,慧爾,慧二,敬司,敬史,敬嗣,敬士,敬諮,敬慈,敬次,敬滋,敬治,敬示,敬二,敬之,景司,景嗣,景士,景至,景侍,景次,景示,景仁,景二,桂司,桂史,桂嗣,桂士,桂至,桂次,桂治,桂仁,桂二,渓二,系治,経司,経至,継司,継次,継治,継二,計治,計仁,計二,計之,警士,鶏治,肇司,肇冶,惠司,惠士,惠至,惠次,惠治,惠二
けいじゅ,keiju,京樹,啓寿,啓樹,圭寿,圭樹,恵寿,恵樹,恵壽,慶寿,慶樹,敬寿,景樹,桂樹,桂崇
けいじゅん,keijun,啓順,恵淳,恵純,恵順,慶順,敬順
けいじろう,keijirou,佳治郎,馨史郎,馨二郎,京治郎,啓次良,啓次朗,啓次郎,啓治朗,啓治郎,啓二朗,啓二郎,圭司郎,圭史郎,圭嗣郎,圭次朗,圭次郎,圭治郎,圭二朗,圭二郎,恵次郎,恵二郎,慶司朗,慶司郎,慶次朗,慶次郎,慶治郎,慶二郎,慧志郎,慧二郎,敬次郎,敬治郎,敬仁郎,敬二朗,敬二郎,桂二朗,桂二郎,惠次郎
けいじん,keijin,啓仁,恵仁,継仁
けいすけ,keisuke,佳右,佳介,佳恭,佳資,佳助,佳将,佳昌,佳典,佳甫,佳輔,佳佑,佳祐,佳裕,佳亮,馨介,京輔,匡祐,啓允,啓右,啓介,啓恭,啓佐,啓哉,啓資,啓修,啓助,啓将,啓昌,啓丞,啓典,啓督,啓之,啓輔,啓佑,啓友,啓祐,啓裕,啓亮,圭允,圭右,圭介,圭希,圭恭,圭佐,圭左,圭哉,圭資,圭助,圭将,圭相,圭典,圭督,圭之,圭甫,圭輔,圭佑,圭祐,圭裕,圭翼,圭亮,圭良,契介,契助,契輔,契祐,径右,恵右,恵介,恵佐,恵資,恵助,恵将,恵丞,恵典,恵輔,恵佑,恵祐,恵亮,慶右,慶介,慶哉,慶丞,慶典,慶如,慶輔,慶佑,慶祐,慶亮,慧右,慧介,慧甫,慧輔,慧佑,慧祐,慧亮,敬右,敬介,敬救,敬資,敬助,敬典,敬陪,敬伴,敬補,敬輔,敬佑,敬友,敬祐,敬亮,景介,景助,景補,景輔,景佑,景祐,景亮,桂右,桂介,桂哉,桂助,桂典,桂甫,桂輔,桂佑,桂祐,桂亮,渓介,渓輔,渓佑,経介,経典,経輔,経祐,継介,計介,計丞,計輔,計祐,奎輔,奎佑,奎亮,惠介,惠佑,慶助
けいずい,keizui,啓瑞
けいせい,keisei,啓世,啓成,啓生,啓誠,圭成,圭生,恵晴,恵生,慶征,慶生,慧聖,敬生,景星,景晴,景正,桂生,桂誓,系生,経世
けいせつ,keisetsu,恵雪
けいぜん,keizen,啓全,敬善
けいそう,keisou,慶双
けいぞう,keizou,佳三,馨三,京三,京蔵,啓三,啓蔵,啓造,啓二,啓藏,圭三,圭蔵,圭造,珪三,恵三,恵奏,恵蔵,恵造,慶三,慶壮,慶蔵,慶造,敬三,敬蔵,敬造,景三,桂三,桂蔵,系三,計三,惠三,惠造
けいた,keita,佳太,佳汰,佳大,馨太,京太,啓丈,啓多,啓太,啓汰,啓泰,啓大,圭多,圭太,圭汰,契太,径大,恵多,恵太,恵大,慶多,慶太,慶大,慧太,慧大,敬多,敬太,敬汰,敬大,景太,景大,桂多,桂太,桂大,渓太,渓大,系太,経太,継太,茎太,計太,鯨太,賢太,勁太,惠多,惠太,惠大
けいたろう,keitarou,佳太郎,京太郎,啓多郎,啓太朗,啓太郎,啓大良,圭太朗,圭太郎,圭大郎,恵太朗,恵太郎,慶太朗,慶太郎,慧太朗,敬太朗,敬太郎,敬大郎,景多郎,景太朗,景太郎,桂太朗,桂太郎,渓太郎,蛍太郎,軽太郎,鶏太郎,惠太郎
けいだい,keidai,啓大,慶大
けいてん,keiten,啓典
けいと,keito,啓人,啓斗,啓渡,圭人,恵音,恵人,恵斗,恵杜,恵登,恵都,恵土,慶糸,慶人,慧人,慧斗,敬人,景斗,景都,桂人,桂斗,桂土,渓音
けいとく,keitoku,啓徳,慶篤,敬徳
けいのしん,keinoshin,圭之進
けいのすけ,keinosuke,啓之介,圭乃右,圭之介,圭之助,慶之介,慶之助,慶之輔,敬之介,景之介,渓之介,経之介,肇之輔
けいはち,keihachi,啓八,圭八
けいほう,keihou,圭峰,慧峰
けいま,keima,圭真,圭馬,契馬,桂馬
けいめい,keimei,啓明
けいや,keiya,佳也,馨也,啓也,啓矢,圭哉,圭也,圭弥,恵也,恵弥,慶哉,慶也,慶弥,慧哉,敬也,景也,桂矢,渓哉
けいゆう,keiyu,啓右,啓祐,圭佑,圭祐,恵祐,恵雄,慶祐,慶裕,渓遊,継佑
けいり,keiri,景理
けいりゅう,keiryu,佳龍,啓隆
けいれん,keiren,桂蓮
けん,ken,絢,鎌,乾,挙,件,倹,健,兼,剣,堅,建,憲,拳,献,研,謙,賢,顕,妍,娟,腱,虔,顯,騫
けんいち,kenichi,絢一,鎌一,乾一,監一,健一,健壱,健市,兼一,剣一,剣壱,堅一,堅市,建一,憲一,憲壱,憲市,拳一,権一,犬一,献一,研一,研壱,研市,絹一,見一,謙一,謙市,賢一,賢逸,賢市,顕一,顯一
けんいちろ,kenichiro,健一郎
けんいちろう,kenichirou,鎌一郎,乾一郎,健一朗,健一郎,兼一郎,兼市郎,剣一郎,堅一朗,堅一郎,建一朗,建一郎,憲一朗,憲一郎,憲市朗,憲市郎,懸一朗,権一郎,研一朗,研一郎,見一郎,謙一朗,謙一郎,謙市郎,賢一朗,賢一郎,顕一朗,顕一郎
けんえつ,kenetsu,謙悦
けんおう,keno,拳王
けんか,kenka,健華
けんき,kenki,健記,健貴,健樹,兼己,建樹,研紀,賢基,賢輝,妍希
けんきち,kenkichi,健吉,兼吉,堅吉,建吉,憲吉,研吉,謙吉,賢吉,顕吉,虔吉
けんきちろう,kenkichirou,賢吉朗
けんこう,kenkou,健弘,兼好
けんご,kengo,鎌吾,乾吾,挙吾,件吾,健伍,健午,健吾,健悟,健護,健后,兼伍,兼吾,兼悟,兼豪,剣伍,剣吾,剣悟,剣光,堅吾,堅悟,堅豪,建互,建吾,憲巨,憲伍,憲吾,憲悟,拳吾,拳悟,権悟,献吾,研伍,研吾,研悟,見悟,謙庫,謙五,謙互,謙伍,謙吾,謙悟,賢五,賢伍,賢吾,賢悟,賢剛,遣吾,遣悟,顕吾,顕悟
けんごろう,kengorou,健吾朗
けんさく,kensaku,健作,健策,兼作,堅昨,建作,建策,建索,憲作,憲策,憲索,拳作,研作,見作,謙作,賢作,賢策,顕作
けんさぶろう,kensaburou,賢三朗
けんざぶろう,kenzaburou,健三朗,健三郎,兼三朗,憲三郎,拳三朗,権三郎,謙三郎,賢三郎,顕三郎
けんし,kenshi,健司,健史,健士,健志,健至,健真,健之,剣士,堅士,堅志,建史,建志,建視,憲司,憲史,憲嗣,憲士,憲志,憲至,憲資,憲治,権司,献史,研司,研史,研士,研志,研之,謙史,謙嗣,謙士,謙志,謙之,賢司,賢史,賢志,顕士,顕志,顕資
けんしゅん,kenshun,謙舜
けんしょう,kenshou,健勝,健匠,健将,健昭,健祥,健章,健翔,兼将,兼生,兼翔,憲昌,憲昭,憲章,憲正,憲生,研章,謙翔,賢勝,賢昭,賢照,賢祥,賢正,賢生,顕彰,顕照,顕正,耕碩
けんしろう,kenshirou,健史朗,健史郎,健士朗,健士郎,健志朗,健志郎,健旨郎,剣志郎,堅志郎,建志郎,憲史郎,憲志朗,憲志郎,憲之朗,拳志朗,研史郎,研志郎,謙史朗,謙士朗,謙志朗,謙志郎,賢司朗,賢史朗,賢史郎,賢士郎,賢志郎,賢之朗,顕史郎
けんしん,kenshin,健伸,健心,健新,健真,健進,剣心,剣慎,堅真,建伸,建新,建青,憲伸,憲臣,権信,研信,研進,見真,見眞,謙信,謙心,謙臣,賢信,賢真,賢親,賢進,賢辰,顕伸,顕信,顕臣
けんじ,kenji,絢司,絢士,乾史,乾治,挙次,健吉,健司,健史,健嗣,健四,健士,健師,健志,健氏,健至,健詞,健資,健児,健慈,健持,健時,健次,健滋,健治,健爾,健示,健自,健実,健寿,健樹,健人,健仁,健二,健之,健冶,健吏,健路,健弍,兼伺,兼司,兼史,兼嗣,兼士,兼志,兼児,兼次,兼治,兼蒔,兼二,剣司,剣嗣,剣士,剣次,剣璽,堅司,堅嗣,堅志,堅至,堅侍,堅持,堅次,堅治,堅二,堅之,建司,建史,建志,建詞,建侍,建児,建次,建治,建爾,建寿,建仁,建二,建之,建冶,建路,憲伺,憲司,憲史,憲嗣,憲士,憲始,憲志,憲資,憲侍,憲児,憲慈,憲次,憲治,憲爾,憲璽,憲寿,憲樹,憲尚,憲仁,憲二,憲路,憲兒,懸自,拳司,検二,権史,献士,献志,献児,献次,献治,献二,研司,研史,研士,研志,研児,研次,研治,研爾,研自,研仁,研地,研二,研路,見二,見之,謙司,謙史,謙始,謙志,謙至,謙詞,謙児,謙慈,謙次,謙治,謙爾,謙示,謙仁,謙二,謙之,賢司,賢史,賢嗣,賢士,賢志,賢至,賢視,賢誌,賢児,賢慈,賢持,賢次,賢滋,賢治,賢爾,賢示,賢寿,賢晋,賢人,賢仁,賢知,賢二,賢之,賢冶,賢兒,軒司,遣二,鍵司,顕司,顕史,顕嗣,顕士,顕志,顕児,顕慈,顕次,顕治,顕二,顕之,繭士,顯治,顯二
けんじゅ,kenju,健樹
けんじろう,kenjirou,健児郎,健次朗,健次郎,健治朗,健治郎,健二朗,健二郎,兼志郎,兼治郎,兼二朗,兼二郎,剣次郎,堅次郎,堅二朗,堅二郎,建司朗,建次郎,建治郎,建二郎,憲司朗,憲司郎,憲史郎,憲次郎,憲治郎,憲二郎,研士郎,研次郎,研治郎,研二郎,謙次郎,謙治郎,謙二朗,謙二郎,謙路郎,賢司郎,賢次朗,賢次郎,賢治朗,賢治郎,賢二朗,賢二郎,顕次朗,顕次郎,顕治郎,顕二郎
けんじん,kenjin,健仁,憲人
けんすけ,kensuke,絢介,絢祐,乾介,健右,健介,健資,健助,健丞,健典,健弼,健扶,健甫,健輔,健佑,健友,健祐,健裕,健亮,兼介,兼資,兼昌,兼典,兼督,兼輔,兼佑,剣介,堅介,堅輔,建介,建典,建輔,建祐,建亮,憲右,憲介,憲資,憲助,憲典,憲輔,憲佑,憲祐,憲亮,研介,研助,研輔,研祐,研亮,見輔,謙右,謙介,謙助,謙典,謙輔,謙佑,謙祐,賢介,賢佐,賢助,賢昌,賢丞,賢相,賢典,賢輔,賢佑,賢祐,賢亮,顕介,顕典,顕輔,顕祐,顕良
けんせい,kensei,健成,健正,健生,健誠,建成,建誠,憲正,憲生,憲聖,研世,研勢,研晴,研盛,研精,研誠,賢成,賢星,賢正,賢生,賢聖,賢誠,顕生,顕誠
けんぞう,kenzou,鎌三,倹三,健三,健蔵,健造,健藏,兼三,兼造,剣蔵,堅三,堅造,建三,建蔵,建造,建藏,憲三,憲蔵,憲造,権三,研三,研蔵,研造,謙三,謙蔵,謙造,賢三,賢宗,賢蔵,賢造,賢藏,顕三,顕造,験蔵
けんた,kenta,絢太,乾太,健多,健太,健汰,健大,兼多,兼太,兼大,剣太,堅太,堅大,建太,憲太,拳多,拳太,拳汰,権太,研太,謙太,謙大,賢太,賢汰,賢大,顕太,顕大
けんたか,kentaka,健昂,賢貴
けんたろう,kentarou,絢太郎,絢大郎,鎌多郎,乾太郎,健多郎,健太朗,健太郎,健大朗,健大郎,兼太朗,兼太郎,剣太朗,剣太郎,堅太朗,堅太郎,建太朗,建太郎,憲多朗,憲太朗,憲太郎,権太郎,犬太郎,献太郎,研太朗,研太郎,研大郎,謙多郎,謙太朗,謙太郎,謙大郎,賢太朗,賢太郎,賢汰朗,賢大郎,顕太朗,顕太郎,顯太郎
けんと,kento,絢人,絢斗,健人,健仁,健斗,健登,兼士,兼人,剣士,剣人,剣斗,堅士,堅人,堅斗,堅登,建人,建斗,憲人,憲斗,拳人,拳斗,権人,献人,献斗,研人,研斗,謙人,謙斗,謙登,賢幹,賢史,賢十,賢人,賢斗,賢登,賢利,顕人,顕与,腱斗
けんとく,kentoku,賢徳
けんど,kendo,堅土
けんどう,kendou,謙道
けんのすけ,kennosuke,健之介,健之助,健之典,健之輔,健之祐,剣之介,剣之助,堅之介,堅之助,建之介,建之助,憲乃輔,憲之介,権之助,謙之介,謙之助,謙之輔,賢之助
けんぱち,kempachi,剣八
けんぶん,kembun,建文
けんほう,kenhou,剣鋒
けんま,kenma,謙馬,賢馬
けんみ,kenmi,健巳
けんめい,kenmei,憲明,謙明,賢明
けんや,kenya,絢哉,絢也,乾也,健哉,健也,健冶,健弥,健矢,健彌,兼也,兼矢,剣也,堅哉,堅也,堅弥,堅矢,建也,憲哉,憲也,憲弥,拳也,権也,研哉,研也,研弥,研矢,謙哉,謙也,謙弥,賢哉,賢也,賢弥,賢矢,顕哉,顕也,顕弥
けんゆう,kenyu,健勇,健祐,健雄,兼祐,建佑,憲雄,研悠,謙有,賢勇,賢有,賢祐,賢雄,顕雄
けんゆき,kenyuki,堅之
けんよう,kenyou,堅洋,憲洋
けんりゅう,kenryu,健龍,建龍,賢隆,賢龍,顕隆
けんりょう,kenryou,健亮,健良,憲良,謙良,賢亮,顕亮
けんろう,kenrou,健朗,健郎,建郎,憲郎,研朗,研郎,謙郎,賢朗,賢郎
げん,gen,巌,元,厳,幻,弦,源,玄,現,絃,言,陳,彦
げんいち,genichi,元一,弦一,源一,玄一,現一,彦一
げんいちろう,genichirou,元一朗,元一郎,弦一郎,源一郎,玄一郎
げんえい,genei,玄英
げんき,genki,元葵,元喜,元基,元希,元毅,元気,元紀,元規,元記,元貴,元起,元軌,元輝,元樹,元生,元氣,元熙,弦器,弦季,弦紀,弦輝,弦樹,源喜,源紀,源輝,源樹,玄基,玄希,玄揮,玄毅,玄季,玄紀,玄規,玄記,玄貴,玄輝,玄樹,玄生,玄来,絃光,彦毅,彦淇
げんきち,genkichi,元吉
げんこう,genkou,元幸
げんご,gengo,元吾,厳吾,幻吾,弦吾,源五,源吾,源悟,玄悟,言悟,彦吾
げんし,genshi,元志,弦志,玄志,現之,彦至
げんしょう,genshou,源祥,源章,玄祥,玄聖
げんしろう,genshirou,元史朗,元史郎,元四郎,厳志郎,源四郎,玄士郎
げんしん,genshin,元信,源伸,源新,玄臣
げんじ,genji,元司,元士,元至,元滋,元治,元二,原児,源司,源氏,源次,源治,源二,玄司,玄次,玄治,玄二,現慈
げんじゅうろう,genjurou,幻十郎
げんじろう,genjirou,元二郎,源次郎,源二郎,玄二郎
げんすけ,gensuke,弦介,源介,玄介,玄将
げんせい,gensei,元成,玄成
げんぞう,genzou,元三,源三,源蔵,源造,玄三,玄造
げんた,genta,巌太,元太,元大,弦太,源太,玄太,玄大,現太,彦太
げんたろう,gentarou,巌太郎,元太郎,弦太郎,源太郎,玄太郎,現太郎,言太郎
げんと,gento,元人,元翔,弦人,弦登,源人,源門,玄人,彦人
げんとく,gentoku,元徳,玄徳,玄督
げんどう,gendou,玄道
げんのすけ,gennosuke,源之助,玄之助
げんぱち,gempachi,弦八
げんぶ,gembu,玄武
げんべえ,gembe,源兵衛
げんぽう,gempou,源峰
げんま,genma,玄磨
げんめい,genmei,元明
げんや,genya,元哉,元也,元弥,厳也,弦也,弦矢,源哉,源也,玄哉,玄也,玄弥
げんゆう,genyu,元祐,元裕,元雄,弦右,源昴,玄佑,玄祐,玄遊
げんりゅう,genryu,元龍,厳龍
こいちろう,koichirou,小一郎
こぅいち,kouichi,公一
こう,kou,輝,興,交,倖,光,公,功,効,孝,宏,工,巧,幸,庚,康,弘,恒,攻,昂,晃,浩,港,甲,皇,硬,紘,耕,考,航,衡,鋼,高,虹,洸,滉,煌,皓
こういく,kouiku,公郁
こういち,kouichi,亨一,興一,交市,光一,光市,公一,功一,好一,好壱,孔一,孝一,孝市,宏一,巧一,幸一,幸市,広一,康一,弘一,恒一,恒壱,攻一,昂一,晃一,晃市,浩一,浩壱,甲一,皇一,稿一,紘一,綱一,耕一,考一,航一,行一,行市,講一,貢一,貢市,鉱一,鋼一,剛一,嵩一,岬一,廣一,晄一,洸一,洸市,滉一,皓一,耿一,鎬一
こういちろう,kouichirou,興一朗,興一郎,光一朗,光一郎,公一朗,公一郎,功一朗,功一郎,厚一朗,厚一郎,好一朗,好一郎,孔一廊,孝一朗,孝一郎,宏一朗,宏一郎,宏市郎,巧一郎,幸一朗,幸一郎,幸市朗,幸市郎,広一朗,広一郎,康一朗,康一郎,弘一朗,弘一郎,恒一郎,昂一郎,晃一朗,晃一郎,更一郎,杭一郎,江一郎,浩一朗,浩一郎,甲一郎,紘一朗,紘一郎,紘市郎,綱一郎,耕一朗,耕一郎,耕市郎,考一郎,航一郎,行一郎,貢一郎,香一郎,高一郎,鴻一郎,剛一朗,剛一郎,亘一郎,廣一郎,洸一郎
こういつ,kouitsu,幸逸
こうえ,koue,幸衛
こうえい,kouei,光栄,公栄,紅英
こうえつ,kouetsu,光悦,公悦,孝悦,宏悦,康悦,弘悦,浩悦,耕悦,剛悦
こうが,kouga,黄河,光我
こうき,kouki,享希,興喜,興基,興希,興毅,興季,興起,興輝,仰希,光喜,光基,光希,光揮,光毅,光季,光稀,光紀,光規,光記,光貴,光起,光輝,光騎,光己,光樹,光生,公喜,公基,公希,公毅,公紀,公規,公貴,公輝,公己,公哉,公樹,公城,公姫,功喜,功基,功紀,功規,功記,功貴,功起,功輝,功樹,功生,厚毅,厚貴,厚輝,好稀,好紀,好樹,孔貴,孔樹,孝喜,孝基,孝希,孝毅,孝季,孝紀,孝規,孝記,孝貴,孝輝,孝己,孝晃,孝樹,孝生,宏磯,宏岳,宏喜,宏基,宏希,宏機,宏毅,宏紀,宏規,宏記,宏貴,宏起,宏輝,宏樹,工機,工城,巧希,巧紀,巧生,幸喜,幸器,幸基,幸希,幸揮,幸機,幸毅,幸祈,幸紀,幸規,幸記,幸貴,幸起,幸輝,幸宜,幸樹,幸城,幸生,幸典,幸暉,広毅,広紀,広記,広輝,広己,広樹,康喜,康基,康希,康揮,康毅,康気,康紀,康記,康貴,康起,康輝,康樹,康生,康熙,弘喜,弘基,弘毅,弘紀,弘規,弘記,弘貴,弘起,弘輝,弘晃,弘樹,弘城,弘靖,恒喜,恒基,恒希,恒貴,恒輝,恒樹,昂紀,昂規,昂貴,昂軌,昂輝,昂樹,昂生,晃喜,晃基,晃希,晃毅,晃季,晃紀,晃規,晃貴,晃輝,晃芸,晃己,晃樹,晃生,江毅,洪基,浩喜,浩基,浩希,浩揮,浩毅,浩気,浩紀,浩規,浩貴,浩輝,浩己,浩樹,浩生,甲基,甲樹,皇稀,皇輝,皇樹,紘基,紘希,紘輝,紘己,紘樹,綱紀,綱記,綱貴,耕喜,耕基,耕希,耕季,耕紀,耕規,耕起,耕輝,耕吉,耕己,耕樹,耕生,耕暉,考希,考樹,航基,航希,航機,航季,航貴,航起,航輝,航己,航樹,航生,行毅,行貴,行輝,貢樹,鋼紀,香希,香貴,香己,香樹,香城,香姫,高紀,高記,高貴,高輝,高樹,剛樹,皐貴,虹輝,亘希,亘紀,亘輝,廣毅,廣記,昊輝,昴生,洸葵,洸喜,洸希,洸揮,洸貴,洸起,洸輝,洸己,洸樹,滉基,滉希,滉幾,滉稀,滉貴,滉己,滉樹,滉生,皓喜,皓基,皓毅,皓貴,皓輝,皓己,皓生,耿輝
こうきち,koukichi,功吉,孝吉,宏吉,幸吉,広吉,康吉,弘吉,恒吉,晃吉,浩吉,紘吉,耕吉
こうきちろう,koukichirou,功吉郎
こうけん,kouken,光賢,光顕,功兼,宏賢,幸建,幸謙,広建,晃顕,耕憲,考建,剛賢
こうこう,koukou,広高
こうさい,kousai,昴采
こうさく,kousaku,興作,興策,光作,公作,公策,功作,孝作,宏作,幸作,広作,広策,康作,康策,弘作,弘策,恒作,昂作,晃作,洪作,浩作,皇作,紘作,耕作,耕策,考作,航作,貢作,貢策,洸作
こうさぶろう,kousaburou,厚三郎,康三郎,浩三郎,耕三郎
こうざぶろう,kouzaburou,功三郎,孝三郎,幸三郎,広三郎,康三郎,浩三郎,耕三郎,皓三郎
こうし,koushi,亨之,興史,興志,倖士,光司,光史,光嗣,光志,公司,公史,公志,功士,功志,効史,厚志,孔志,孝司,孝史,孝士,孝志,孝至,宏志,幸司,幸史,幸嗣,幸士,幸志,康史,康志,弘士,恒史,恒士,恒志,昂士,昂志,晃史,晃士,晃志,晃至,浩司,浩史,浩志,浩至,浩之,甲志,皇史,紘史,綱史,耕司,耕史,耕嗣,耕士,耕志,耕至,耕資,考史,航史,航士,貢史,貢士,貢志,高史,高志,鴻志,滉之,皓史,皓士
こうしち,koushichi,孝七,浩七
こうしゅう,koushu,康修,弘修
こうしゅん,koushun,光俊,幸駿,広俊,弘峻,恒俊,洪俊,鴻春,廣俊
こうしょう,koushou,光翔,公祥,公章,孝昇,幸祥,広翔,康勝,弘将,弘祥,恒昌,晃彰,晃昭,晃章
こうしろう,koushirou,興史郎,光司郎,光史郎,光士郎,光志朗,光志郎,光思郎,光詩郎,公司郎,公史郎,公四郎,公士郎,公志郎,功史郎,厚史朗,厚士朗,孝四郎,宏史郎,宏士郎,宏之郎,幸司朗,幸司郎,幸史朗,幸史郎,幸四朗,幸四郎,幸士郎,幸志朗,幸志郎,幸至郎,広志郎,康司郎,康史郎,康四郎,康士郎,康志郎,弘士郎,恒史郎,恒士郎,昂志朗,昂志郎,晃士朗,浩史朗,浩史郎,浩四朗,浩四郎,浩士郎,浩志郎,浩資朗,浩之郎,甲子朗,甲子郎,甲志郎,紘士郎,耕史郎,耕志郎,耕至郎,耕資郎,高史郎,高志郎,鴻史郎
こうしん,koushin,功伸,幸伸,甲臣
こうじ,kouji,拡志,拡至,輝治,輝二,亨史,亨治,亨二,享史,喬司,教司,興司,興史,興嗣,興志,興至,興時,興次,興治,興知,興二,仰志,庫嗣,虎氏,交司,候磁,候二,倖史,倖巳,光継,光司,光史,光嗣,光士,光志,光至,光詞,光児,光慈,光次,光滋,光治,光示,光仁,光二,光虹,光冶,光路,公伺,公司,公史,公嗣,公士,公志,公詞,公資,公児,公慈,公持,公次,公滋,公治,公爾,公璽,公示,公寿,公仁,公待,公二,公路,公兒,功司,功史,功嗣,功士,功志,功至,功侍,功児,功時,功次,功治,功示,功知,功二,功之,功路,効稚,厚司,厚志,厚次,厚滋,厚治,厚自,厚二,向史,后司,好司,好史,好志,好児,好次,好治,好人,好二,孔司,孔史,孔士,孔治,孔二,孝司,孝史,孝嗣,孝士,孝始,孝志,孝至,孝児,孝慈,孝時,孝次,孝治,孝爾,孝示,孝寿,孝仁,孝二,孝路,孝兒,宏司,宏史,宏嗣,宏士,宏志,宏氏,宏至,宏詞,宏児,宏時,宏次,宏滋,宏治,宏爾,宏樹,宏尚,宏仁,宏二,宏弐,宏之,宏吏,宏路,巧至,巧治,巧爾,巧二,幸司,幸史,幸嗣,幸士,幸師,幸志,幸至,幸詞,幸資,幸児,幸慈,幸持,幸次,幸滋,幸治,幸寿,幸仁,幸二,幸路,広司,広嗣,広士,広志,広至,広慈,広持,広次,広治,広二,広之,庚司,康司,康史,康嗣,康士,康始,康志,康氏,康至,康詞,康資,康児,康慈,康次,康滋,康治,康爾,康仁,康二,康之,康冶,康吏,弘司,弘史,弘嗣,弘士,弘志,弘至,弘児,弘次,弘滋,弘治,弘爾,弘仁,弘智,弘二,弘靖,弘路,恒司,恒史,恒嗣,恒士,恒志,恒至,恒児,恒慈,恒次,恒治,恒爾,恒地,恒二,抗二,攻治,昂司,昂嗣,昂士,昂志,昂児,昂治,昂二,昂路,晃伺,晃司,晃史,晃嗣,晃士,晃志,晃至,晃児,晃次,晃治,晃爾,晃示,晃自,晃仁,晃知,晃二,晃之,晃路,江司,江史,洪志,洪二,浩司,浩史,浩嗣,浩士,浩志,浩至,浩誌,浩資,浩児,浩慈,浩次,浩治,浩爾,浩示,浩自,浩潤,浩仁,浩知,浩二,浩弐,浩之,浩武,浩路,甲児,甲治,甲二,甲兒,皇司,皇児,皇治,皇二,皇冶,硬士,硬仁,紅司,紘司,紘史,紘嗣,紘士,紘志,紘次,紘治,紘爾,紘二,綱司,綱士,綱志,綱二,耕司,耕史,耕嗣,耕士,耕志,耕至,耕資,耕児,耕慈,耕次,耕治,耕示,耕自,耕生,耕二,耕之,耕路,考司,考史,考志,考次,考治,考二,航司,航史,航士,航志,航児,航慈,航治,航自,航地,航二,航路,行司,行嗣,行志,行至,行児,行慈,行二,行冶,講次,講治,貢司,貢史,貢士,貢志,貢次,貢治,郊士,鉱司,鉱嗣,鉱次,鉱治,鉱二,鋼治,鋼二,香次,香治,香爾,香二,香之,高司,高嗣,高士,高志,高至,高次,高治,高自,鴻志,鴻治,剛司,剛史,剛士,剛志,剛児,剛次,剛治,剛人,剛二,剛兒,豪志,告司,告二,崇治,征士,虹児,虹二,隆二,亙児,亘司,亘史,亘嗣,亘志,亘児,亘二,廣司,廣治,廣辞,廣二,洽治,洸司,洸滋,洸二,滉嗣,滉二,皓司,皓史,皓嗣,皓視,皓次,皓治,皓二,皓之,與治
こうじゅ,kouju,輝樹,光寿,光樹,光壽,公珠,公樹,功樹,孝樹,孝壽,宏樹,幸寿,幸樹,広樹,康寿,晃樹,皇樹,香樹,高樹
こうじゅん,koujun,光淳,光純,光巡,公潤,公順,孝純,宏純,浩淳,浩準,浩純
こうじろう,koujirou,興次郎,興二郎,光志朗,光次朗,光次郎,光治良,光治郎,光二郎,公次郎,公治郎,公二朗,公二郎,功次朗,功次郎,功治郎,功二朗,功二郎,厚次郎,厚二郎,孝次郎,孝治郎,孝二朗,孝二郎,宏次朗,宏次郎,宏治郎,宏二朗,宏二郎,工次郎,工二朗,幸司朗,幸司郎,幸次朗,幸次郎,幸治朗,幸治郎,幸二朗,幸二郎,広二朗,広二郎,康司郎,康士郎,康次郎,康治郎,康仁郎,康二朗,康二郎,弘志郎,弘次郎,弘治郎,弘二朗,弘二郎,弘之郎,恒司郎,昂二朗,昂二郎,晃士朗,晃志郎,晃次郎,晃治郎,江二郎,浩司郎,浩士朗,浩次郎,浩二朗,浩二郎,浩路朗,甲慈朗,甲治郎,甲寿郎,紘次朗,紘次郎,紘二朗,紘二郎,耕司郎,耕次郎,耕治郎,耕自朗,耕二朗,耕二郎,貢二郎,亘次郎,廣次朗,洸次郎,洸二朗
こうじん,koujin,耕人
こうすけ,kousuke,杏介,拡介,拡輔,亨介,亨祐,匡介,匡亮,興右,興佐,興輔,興佑,興祐,興亮,交右,倖助,光右,光介,光助,光将,光伴,光扶,光甫,光輔,光佑,光祐,光亮,光脩,公介,公哉,公助,公典,公伴,公輔,公佑,公祐,公裕,公翼,公亮,公脩,功介,功恭,功資,功将,功昌,功典,功輔,功佑,功祐,功亮,厚介,厚輔,厚祐,好祐,好亮,孔介,孔輔,孔祐,孔亮,孝介,孝資,孝助,孝将,孝典,孝輔,孝佑,孝祐,孝裕,孝亮,宏育,宏介,宏昌,宏典,宏輔,宏佑,宏祐,宏亮,巧恭,巧将,巧丞,巧祐,幸右,幸介,幸恭,幸佐,幸資,幸助,幸将,幸典,幸輔,幸佑,幸祐,幸裕,幸翼,幸亮,広介,広資,広助,広典,広輔,広佑,広祐,庚介,康右,康介,康恭,康佐,康資,康助,康将,康丞,康相,康典,康補,康輔,康佑,康友,康祐,康裕,康亮,康良,弘介,弘助,弘将,弘承,弘典,弘輔,弘佑,弘祐,弘裕,弘亮,恒介,恒助,恒輔,恒佑,恒祐,恒亮,攻介,昂右,昂介,昂資,昂将,昂輔,昂佑,昂祐,晃右,晃介,晃助,晃将,晃典,晃督,晃輔,晃佑,晃祐,江輔,洪介,浩育,浩右,浩介,浩資,浩助,浩奨,浩丞,浩典,浩輔,浩佑,浩祐,浩亮,甲右,甲介,甲将,甲丞,甲輔,皇佑,皇祐,紘右,紘介,紘助,紘将,紘典,紘輔,紘佑,紘祐,紘亮,綱佑,綱祐,耕右,耕介,耕資,耕助,耕典,耕督,耕陪,耕輔,耕佑,耕祐,耕亮,考介,考佐,考助,考輔,考佑,考祐,肯佑,航介,航資,航助,航典,航輔,航佑,航祐,航裕,航亮,行右,行介,行助,行輔,行佑,行祐,衡介,貢右,貢介,貢助,貢佑,鉱輔,鋼助,香介,香輔,香祐,高介,高典,高輔,高佑,鴻佑,剛介,剛典,剛輔,剛佑,皐介,昇介,泰介,亮介,亘介,亘輔,亘佑,廣介,廣祐,昴友,昴亮,洸介,洸資,洸昌,洸典,洸輔,洸佑,洸祐,洸亮,滉介,滉輔,滉祐,皓介,皓祐,皓亮,耿介,頌介
こうずい,kouzui,公瑞
こうせい,kousei,興成,興正,興生,光世,光成,光政,光星,光正,光生,光誠,公世,公成,公政,公正,公生,公盛,公聖,公誠,功成,功精,功誠,孔成,孝世,孝成,孝政,孝生,孝聖,孝誠,宏世,宏成,宏正,宏生,宏精,宏誠,幸世,幸征,幸成,幸星,幸晴,幸正,幸生,幸聖,幸誠,幸靖,広世,広征,広晴,広正,広斉,康城,康成,康星,康正,康生,康聖,康誠,康靖,弘世,弘征,弘清,弘生,弘盛,弘誠,恒成,恒星,恒晴,恒正,恒生,恒精,恒聖,昂世,昂生,昂誠,晃世,晃成,晃正,晃生,晃誠,晃靖,浩成,浩星,浩正,浩生,浩盛,紘正,紘生,紘靖,耕世,耕成,耕正,耕生,耕聖,考正,航世,航成,航星,航生,行勢,行誠,貢成,高世,高斉,剛成,亙星,廣正,晄生,洸成,洸政,洸生,滉世,耿誠
こうせつ,kousetsu,恒雪,香雪
こうそう,kousou,巧壮
こうぞう,kouzou,興三,光三,光蔵,光造,光藏,公三,公奏,公蔵,公造,功三,功蔵,功造,厚造,好三,好造,孔三,孝三,孝蔵,孝造,宏三,宏蔵,宏造,巧三,巧蔵,幸三,幸蔵,幸造,広三,広造,康三,康壮,康蔵,康造,弘三,弘蔵,弘造,恒三,晃三,晃造,構造,浩三,浩壮,浩蔵,浩造,甲三,皇三,硬三,紘三,紘造,綱三,耕三,耕蔵,耕造,考三,航三,航蔵,航造,行蔵,行造,貢三,貢造,鉱三,鋼三,高蔵,鴻三,剛造,廣三,絋三
こうた,kouta,輝大,亨太,興太,侯太,倖太,倖大,光太,光汰,公太,公大,功多,功太,功大,厚太,好太,好汰,孔太,孔大,孝太,宏多,宏太,工太,巧太,幸他,幸多,幸太,幸汰,幸大,広太,広大,康多,康太,弘多,弘太,弘大,恒多,恒太,攻太,昂太,昂大,晃多,晃太,晃大,江太,洪太,浩太,浩大,甲太,皇太,紘多,紘太,紘汰,紘大,耕太,耕大,考太,航太,航汰,航大,荒太,行太,貢太,貢大,鉱太,鉱大,鋼太,項太,香太,高太,剛太,剛大,嵩太,虹太,亘太,廣太,洸太,滉太,皓太,皓汰,皓大
こうたく,koutaku,厚卓
こうたろう,koutarou,黄太郎,亨太郎,興太郎,光多朗,光太朗,光太郎,光大郎,公太朗,公太郎,公大朗,公大郎,功太朗,功太郎,功大郎,厚太朗,厚太郎,好太郎,孔太郎,孝太朗,孝太郎,孝大郎,宏多朗,宏太朗,宏太郎,巧太郎,幸多朗,幸多郎,幸太朗,幸太郎,幸大朗,幸大郎,広太朗,広太郎,広大朗,康多郎,康太朗,康太郎,弘多郎,弘太郎,恒太朗,恒太郎,攻太郎,昂太朗,昂太郎,晃太朗,晃太郎,晃大郎,更太郎,浩多郎,浩太朗,浩太郎,浩大郎,甲太郎,皇太郎,稿太郎,紘太朗,紘太郎,綱太郎,綱大朗,耕太朗,耕太郎,耕大朗,考太郎,航太朗,航太郎,航大朗,航大郎,荒太郎,行太朗,講太郎,貢太郎,鋼太郎,香太郎,高太朗,高太郎,鴻太朗,亘太郎,廣太郎,洸太朗,洸太郎,滉太郎,皓太朗,皓太郎
こうだい,koudai,興大,倖大,光大,公大,功大,宏大,幸大,広大,康大,弘大,恒大,昂大,晃大,浩大,甲大,紘大,耕大,考大,航太,航大,貢大,高大,廣大,昴大,洸大,皓大
こうてん,kouten,孝典
こうと,kouto,輝人,康人,皇人,耕人
こうとく,koutoku,幸徳
こうど,koudo,耕人
こうどう,koudou,孝道
こうね,koune,幸峰
こうのしん,kounoshin,晃之進
こうのすけ,kounosuke,光之介,光之助,光之輔,公之介,公之助,公之輔,厚之介,孝乃祐,孝之介,孝之助,幸之介,幸之助,幸之輔,広之介,康之助,康之亮,弘之介,恒之介,昂之介,浩之輔,甲之助,綱之輔,耕之助,香之介,豪之輔
こうはち,kouhachi,功八
こうはちろう,kouhachirou,光八郎,紘八朗
こうふう,koufu,洸風
こうへい,kouhei,亨平,匡平,恭平,興平,倖平,光兵,光平,公平,功平,厚平,好平,孔兵,孔平,孝兵,孝平,宏併,宏平,巧平,幸併,幸平,広平,康兵,康平,弘平,恒平,昂兵,昂平,晃兵,晃平,更平,構平,江平,洪平,浩兵,浩平,甲平,紘平,綱兵,綱平,耕兵,耕平,考兵,考平,航兵,航平,行平,衡平,講兵,講平,貢平,鉱平,鋼兵,鋼平,高平,鴻平,剛平,亙平,亘平,昊平,昴平,晧平,洸平,滉平,煌平,皓平
こうぼう,koubou,耕望
こうま,kouma,康馬,弘馬,考真
こうめい,koumei,公明,孔明,孝明,幸明,康明,浩明
こうや,kouya,興哉,興也,興矢,光哉,光也,光弥,光矢,公哉,公弥,功也,功弥,孔也,孝也,孝弥,宏哉,工耶,巧哉,巧也,幸哉,幸也,幸弥,幸矢,広也,広弥,広椰,康哉,康也,康冶,弘哉,弘也,恒也,昂也,昂耶,晃哉,晃也,晃弥,浩哉,浩治,浩也,浩弥,浩矢,甲也,紘也,耕哉,耕也,耕矢,肯哉,航哉,航也,航矢,行哉,貢也,鉱也,香哉,香也,高也,亘哉,昴也,皓也
こうゆう,kouyu,幸酉,亘祐
こうよう,kouyou,光洋,向陽,孝陽,幸洋,康陽,弘祥,弘楊,弘洋,弘陽,恒陽,晃洋,晃瑶,浩揚,浩洋,浩陽,紅陽,紘庸,耕洋,耕陽,考陽,航洋,行洋,高陽,廣耀,晧洋,洸洋,皓瑶
こうらく,kouraku,弘洛
こうり,kouri,香里
こうりゅう,kouryu,光隆,厚隆
こうりん,kourin,幸倫
こくと,kokuto,穀人
こころ,kokoro,心
こごろう,kogorou,小五郎,小伍郎,小吾朗
こさぶろう,kosaburou,小三郎
こじろう,kojirou,子次郎,小次郎
こじん,kojin,湖人
こたろう,kotarou,巨太郎,庫太郎,湖太朗,湖太郎,虎太朗,虎太郎,鼓太郎,小太朗,小太郎,琥太朗
こだま,kodama,呼多馬
こてつ,kotetsu,虎哲,子鉄,小鉄
こてん,koten,胡天
ことのり,kotonori,琴則
ことはる,kotoharu,琴春
ことふみ,kotofumi,言史
こはちろう,kohachirou,小八郎
こやた,koyata,小弥太
これあき,koreaki,伊顕,維昭,維明,是秋,是昭,是明
これお,koreo,是雄
これきよ,korekiyo,是清
これしげ,koreshige,是重
これたか,koretaka,維隆
これちか,korechika,是哉
これと,koreto,維人
これのぶ,korenobu,是信
これのり,korenori,伊徳
これひさ,korehisa,惟久,是久
これひと,korehito,維人,是人,是仁,之人
これひろ,korehiro,惟大
これふみ,korefumi,維史
これまさ,koremasa,惟正,維正
これやす,koreyasu,伊保
これゆき,koreyuki,惟幸,惟如,惟友季,維之,是行
これよし,koreyoshi,維芳
こわし,kowashi,強
こん,kon,昆,紺
こんじ,konji,根治
ごいち,goichi,吾一,悟一
ごいちろう,goichirou,五一郎,悟一郎
ごう,gou,強,郷,吾有,恒,剛,豪
ごういち,gouichi,剛一,豪一
ごういちろう,gouichirou,剛一朗,剛一郎,剛壱郎,豪一郎
ごうき,gouki,剛基,剛希,剛毅,剛気,剛紀,剛貴,剛輝,剛義,剛樹,豪基,豪希,豪毅,豪紀,豪貴,豪己,豪樹,豪生
ごうけん,gouken,剛健,剛賢
ごうさ,gousa,剛佐
ごうし,goushi,郷司,郷史,郷志,剛史,剛士,剛志,豪史,豪士,豪志
ごうじ,gouji,強次,郷地,剛司,剛嗣,剛志,剛児,剛治,剛爾,剛二
ごうじろう,goujirou,剛二朗,剛二郎
ごうすけ,gousuke,郷介,剛介,剛輔,剛祐,豪介,豪助,豪佑,豪亮
ごうせ,gouse,剛世
ごうせい,gousei,郷生,剛成,剛正,剛生,豪星
ごうぞう,gouzou,剛三,剛蔵,剛造,豪造
ごうた,gouta,郷太,剛太,剛大,豪太
ごうたろう,goutarou,剛太朗,剛太郎,豪太郎
ごうだい,goudai,剛大
ごうと,gouto,剛人
ごうへい,gouhei,郷平,剛平,豪平
ごうま,gouma,剛馬
ごうや,gouya,剛哉,剛也,剛弥,豪也
ごだい,godai,吾大
ごどう,godou,悟桐
ごへい,gohei,悟平
ごろう,gorou,五朗,五郎,伍朗,伍郎,午朗,吾朗,吾郎,悟朗,悟郎,梧郎
ごろうえもん,gorouemon,五郎右エ門
ごろべえ,gorobe,五郎兵衛
ごんくろう,gonkurou,権久朗
ごんざぶろう,gonzaburou,魂三郎
ごんし,gonshi,魂糸
ごんた,gonta,権太
ごんたろう,gontarou,権太朗
ごんべえ,gombe,権兵衛
さいいちろう,saichirou,宰一郎,彩一郎
さいが,saiga,砕牙
さいきち,saikichi,宰吉,才吉
さいし,saishi,宰史
さいしゅう,saishu,財秀
さいしゅん,saishun,斉俊
さいじ,saiji,哉治,宰司,宰士,宰至,宰次,彩児,彩慈,彩二,才司,才次,才治
さいすけ,saisuke,才介
さいせい,saisei,彩星,才聖
さいぞう,saizou,才蔵,斉三
さいたろう,saitarou,才太郎
さいち,saichi,佐一,佐市,才智
さいちろう,saichirou,佐一郎
さいと,saito,彩人,才人
さいめい,saimei,彩明
さえき,saeki,冴樹,冴生
さえと,saeto,冴人,冴斗
さかえ,sakae,栄
さかと,sakato,賢人
さきお,sakio,幸生,幸夫,碕夫
さきち,sakichi,佐吉
さきと,sakito,佐喜登,咲人,咲斗,早樹人
さきはる,sakiharu,咲陽
さきひこ,sakihiko,早彦
さきひと,sakihito,興仁
さきふみ,sakifumi,前章
さきょう,sakyou,左京
さく,saku,作,朔
さくえい,sakuei,作衛
さくお,sakuo,作雄,朔男
さくじ,sakuji,作次,作治,作二,朔二
さくぞう,sakuzou,作蔵,作造
さくと,sakuto,朔人
さくのしん,sakunoshin,作之進
さくひこ,sakuhiko,作彦,朔彦
さくひと,sakuhito,策人
さくへい,sakuhei,咲平
さくま,sakuma,朔真
さくまさ,sakumasa,作政
さくみ,sakumi,作巳
さくや,sakuya,咲也,咲耶,咲弥,作哉,作也,朔也,朔夜
さくゆき,sakuyuki,作之
さぐる,saguru,探
さこん,sakon,左近
さすけ,sasuke,佐助
さたろう,satarou,佐太朗,佐太郎
さだあき,sadaki,完聡,貞暁,貞彰,貞昭,貞祥,貞章,貞明,貞亮,定晃,定彰,定昌,定昭,定章,定明,定亮,禎晃,禎昭,禎章,禎明,禎亮,禎朗
さだいち,sadaichi,貞一,定一,禎一
さだいちろう,sadaichirou,貞一郎
さだえ,sadae,覚詠
さだお,sadao,完男,貞生,貞男,貞夫,貞雄,定央,定生,定男,定夫,定雄,禎央,禎男,禎夫,禎雄
さだか,sadaka,定佳
さだかず,sadakazu,勘一,完憲,完和,貞一,貞和,定一,定和,禎一
さだかつ,sadakatsu,貞勝
さだき,sadaki,完樹,貞喜,貞基,貞樹,定紀,定樹,定城,禎樹
さだきち,sadakichi,定吉
さだくに,sadakuni,貞邦,定邦,禎邦
さだし,sadashi,完,治士,真史,貞,貞司,貞史,貞志,定史
さだしげ,sadashige,貞成
さだじ,sadaji,完次,貞治,貞二
さだすみ,sadasumi,貞純
さだたか,sadataka,憲臣,貞能,定孝,定隆
さだたろう,sadatarou,貞太郎
さだちか,sadachika,貞親
さだつぐ,sadatsugu,貞嗣,貞次,貞統,定嗣,定次
さだてつ,sadatetsu,禎哲
さだてる,sadateru,貞輝
さだと,sadato,貞人,貞登,定人,定登
さだとし,sadatoshi,真敏,偵俊,貞紀,貞俊,貞敏,貞利,定寿,定年,定敏,定利,禎俊,禎敏
さだとも,sadatomo,貞知,貞伴,貞朋,定知,定智
さだなり,sadanari,定生
さだのぶ,sadanobu,貞伸,貞信,貞宣,貞暢,定延,定伸,定信,定靖,禎宜,禎展
さだのり,sadanori,完訓,貞規,貞憲,貞成,貞則,貞典,貞徳,貞範,貞稔,貞律,定紀,定記,定謙,定則,定範,定頼,禎紀,禎規,禎宜,禎則,禎典,禎徳
さだはち,sadahachi,定八
さだはる,sadaharu,貞治,貞春,貞仁,貞晴,定治,定春,定晴,禎治
さだひこ,sadahiko,貞彦,定彦,禎彦
さだひさ,sadahisa,真久,貞尚,貞壽,禎久,寧久
さだひで,sadahide,貞英,貞秀
さだひと,sadahito,完仁,貞人,貞仁,禎人,禎仁
さだひろ,sadahiro,真拓,貞寛,貞啓,貞宏,貞広,貞弘,貞浩,貞紘,貞大,貞祐,貞裕,貞洋,定完,定寛,定宏,定広,定弘,定浩,定宗,定大,定博,定裕,禎寛,禎啓,禎宏,禎弘,禎泰,禎洋
さだふみ,sadafumi,貞史,貞文,定史,定文,禎史
さだまさ,sadamasa,貞雅,貞政,定昌,定正
さだまる,sadamaru,禎丸
さだみち,sadamichi,覚行,貞通,貞道,貞迪,定道
さだみつ,sadamitsu,貞光,貞三,貞充,定光,定充
さだむ,sadamu,格,制,定,法,理,論
さだもと,sadamoto,貞元
さだやす,sadayasu,貞康,定泰,禎恭,禎康,禎泰
さだゆき,sadayuki,勘亨,完幸,完政,偵之,貞幸,貞行,貞之,定幸,定行,定征,定之,禎元,禎幸,禎行,禎之
さだよし,sadayoshi,真義,貞佳,貞宜,貞義,貞吉,貞好,貞仁,貞善,貞芳,貞理,貞良,定喜,定義,定好,定善,定芳,定由,定良,定禄,禎義,禎斉,禎能,禎芳
さだより,sadayori,貞頼,定順
さだんじ,sadanji,左男児
さちえい,sachiei,佐智衛
さちお,sachio,幸王,幸生,幸男,幸夫,幸雄,幸郎,佐知男,佐知雄,佐知郎,佐智夫,佐智雄,左千夫,左千雄,左知夫,沙智男,沙智夫,祉夫,祥央,祥生,祥大,祥男,祥夫,祥雄,早智雄,禎夫,祐生,祐夫,祐雄,祐朗,祐郎,幸央,幸緒,沙知緒,祥緒
さちと,sachito,幸人
さちのり,sachinori,幸誉
さちはる,sachiharu,祥春
さちひこ,sachihiko,幸彦,佐知彦,祥彦
さちひと,sachihito,幸人
さちひろ,sachihiro,幸広,幸弘,祥寛,祥弘,祥博,祐浩
さちふみ,sachifumi,幸文
さちや,sachiya,幸哉,幸也,幸弥,佐知哉,佐知也,彩千也,祥也,祐哉
さちゆき,sachiyuki,幸之,禎幸,祐之
さちろう,sachirou,幸朗,幸郎
さつお,satsuo,佐津雄,薩夫
さつき,satsuki,颯樹
さつま,satsuma,颯馬
さとあき,satoaki,悟明,聖明,聡昭,聡明,智明,諭曉,里明,怜明
さとい,satoi,叡,聡
さとお,sato,聡生,聡雄
さとき,satoki,慧樹,賢紀,悟毅,悟貴,悟己,佐都紀,識樹,仁紀,仁規,聖樹,聡基,聡紀,聡貴,聡樹,知樹,智紀,智規,智己,智樹,哲樹,哲生,諭紀,理貴,里輝,里樹,彗樹,聰樹
さとし,satoshi,叡,英,鋭,佳志,覚,覚司,覚史,覚士,覚志,覚旨,覚詞,覚之,学司,学史,学嗣,学士,学志,学之,勘資,教,郷,郷司,郷史,郷嗣,郷士,郷志,郷紫,郷之,暁司,暁史,暁士,暁志,訓,訓司,訓史,訓士,訓志,訓之,啓,啓示,恵,恵司,恵史,恵士,恵之,慧,慧嗣,慧士,慧志,慧至,慧視,慧之,敬,憲,賢,賢司,賢史,賢嗣,賢士,賢志,互志,悟,悟央,悟司,悟史,悟嗣,悟士,悟市,悟志,悟至,悟詞,悟資,悟次,悟二,悟之,公士,公志,幸利,佐俊,佐人司,佐斗史,佐斗志,佐登史,佐登志,佐敏,佐諭,左俊,左登志,沙俊,沙渡志,砂寿,砂登士,冴冬思,作登士,三登志,識,識史,識嗣,識是,識之,俊志,淳,証,仁,仁司,仁史,仁士,仁志,仁視,仁詞,仁是,聖,聖司,聖史,聖士,聖師,聖志,聖詞,聖之,誠,誠司,誠史,誠嗣,誠士,誠志,誠至,誠之,早俊,早聡,早稔,早利,総,聡,聡一,聡健,聡司,聡史,聡嗣,聡士,聡師,聡志,聡思,聡至,聡視,聡寿,聡尚,聡仁,聡之,達,達司,達史,達志,知,知司,知史,知士,知志,知詩,知茂,智,智央,智久,智己,智司,智史,智嗣,智士,智志,智支,智至,智視,智詞,智詩,智資,智笥,智相,智統,智之,智巳,智稔,智也,朝稔,哲,哲司,哲史,哲嗣,哲士,哲志,哲至,哲資,哲識,哲俊,哲之,哲吏,徹,都史,都志,都資,都寿,統志,導,徳志,敏,敏司,敏史,敏嗣,敏志,敏思,敏至,敏之,愉,愉司,諭,諭司,諭史,諭嗣,諭士,諭志,諭思,諭知,利,利始,利志,吏,吏司,吏史,吏士,吏志,理,理司,理史,理士,理志,理至,理之,里,里司,里史,里士,里始,里師,里志,里支,里至,里視,里詞,里詩,里誌,里敏,里吏,了,了史,了之,倫,倫史,倫志,怜,怜司,怜史,怜士,怜志,怜人,論,彗,惠,惠司,曉,曉史,聰,聰士,聰志
さとじ,satoji,郷司,里二
さとつぐ,satotsugu,智紹
さとのぶ,satonobu,郷伸,悟喜,聡伸
さとのり,satonori,悟徳,智教
さとひこ,satohiko,聡彦,哲彦
さとひさ,satohisa,知久
さとひと,satohito,聖人
さとひろ,satohiro,賢広,識大,聖広,聡洋,知広,知大,諭広,利裕,理裕,里宏,里広
さとふみ,satofumi,恵文,賢文,悟史,聡文,知史,智史,智文,吏良
さとまさ,satomasa,覚匡
さとまろ,satomaro,智麿
さとみち,satomichi,吏慶,怜道
さとみつ,satomitsu,郷充,慧光
さとむ,satomu,聡夢,智十夢,智務,里夢
さとや,satoya,賢哉,聡哉
さとゆき,satoyuki,賢行,賢之,聖之,聡幸,聡行,聡之,智行,諭幸,里幸
さとよし,satoyoshi,里儀
さとる,satoru,鋭,解,開,覚,学,教,郷,暁,訓,啓,慧,憲,賢,悟,悟由,悟流,悟留,司,識,証,聖,然,禅,想,総,聡,達,知,智,哲,得,敏,諭,理,理人,里留,了,諒,倫,令,怜,彗,曉,聆,聰,覺
さない,sanai,左内
さねあつ,saneatsu,実篤
さねお,saneo,実男
さねかず,sanekazu,実和
さねずみ,sanezumi,真澄
さねたか,sanetaka,実貴
さねたけ,sanetake,実武
さねひこ,sanehiko,実彦
さねふみ,sanefumi,実史,翔文
さねまさ,sanemasa,実政
さねみち,sanemichi,実道
さねやす,saneyasu,実康
さねゆき,saneyuki,実幸,実之,真之
さはら,sahara,沙巴羅
さぶ,sabu,佐武
さぶろう,saburou,佐武朗,佐武郎,三朗,三郎
さぶろうた,saburouta,三郎太
さへいた,saheita,佐平太
さへえ,sahe,佐兵衞
さみと,samito,沙満人
さむ,samu,作夢
さもん,samon,左門,冴門
さわと,sawato,三和人
さわのり,sawanori,佐和則
さわひろ,sawahiro,沢弘
さん,san,燦
さんえい,sanei,燦英
さんしろう,sanshirou,三四朗,三四郎,三志郎,三視郎
さんじ,sanji,参二,賛次
さんた,santa,三太,燦太
さんたろう,santarou,三太朗,三太郎
さんと,santo,燦人
さんのしん,sannoshin,三之進
さんのすけ,sannosuke,三之助
さんぺい,sampei,三瓶,三平
しいと,shito,椎斗
しいま,shima,椎馬
しいや,shiya,椎也
しおた,shiota,塩太
しおと,shioto,潮人
しおひこ,shiohiko,潮彦
しおん,shion,志遠
しがく,shigaku,志学
しき,shiki,子輝,志紀,志貴
しきお,shikio,志気雄,志貴夫
しけん,shiken,志堅
しげあき,shigeaki,維謙,薫晶,薫明,薫陽,恵昭,滋晃,滋昭,滋章,滋朗,樹明,樹亮,重暁,重顕,重秋,重彰,重昭,重晶,重章,重成,重哲,重明,重陽,重朗,重曉,成顕,成公,成晃,成彰,成昭,成章,成明,成亮,成朗,成暉,盛昭,盛朗,誠晃,繁彰,繁昭,繁明,繁亮,繁朗,茂輝,茂晃,茂秋,茂彰,茂昌,茂昭,茂照,茂章,茂明,茂亮,茂朗,惠昭
しげあつ,shigeatsu,重厚,重篤
しげあり,shigeari,重存
しげいち,shigeichi,重一,繁一,茂一
しげいちろう,shigeichirou,茂一郎
しげえい,shigei,重栄
しげお,shigeo,薫生,薫男,薫夫,薫朗,恵夫,恵雄,慈男,滋央,滋巨,滋生,滋大,滋男,滋夫,滋雄,滋朗,滋郎,樹生,樹男,樹夫,重緒,重生,重男,重夫,重雄,重朗,重郎,臣男,成央,成巨,成生,成男,成夫,成穂,成雄,盛男,盛夫,盛雄,誠夫,誠雄,鎮男,繁央,繁緒,繁生,繁男,繁夫,繁雄,繁郎,茂央,茂王,茂生,茂男,茂夫,茂穂,茂雄,茂朗,茂郎
しげおき,shigeoki,成興,茂起
しげおみ,shigeomi,重臣,成臣,方臣,茂臣
しげかず,shigekazu,薫一,恵和,滋一,滋可寿,滋和,樹一,樹和,重一,重和,成一,成和,盛一,誠計,誠和,繁一,繁数,繁量,繁和,茂一,茂計,茂和,誉円
しげかた,shigekata,重賢
しげかつ,shigekatsu,栄克,慈万,滋勝,重勝,重捷,成克,繁克,繁勝,茂且,茂克,茂勝
しげかづ,shigekazu,繁和
しげき,shigeki,栄喜,栄希,栄樹,英季,薫輝,薫樹,恵喜,恵希,晃生,慈希,慈樹,慈生,滋幹,滋喜,滋基,滋紀,滋規,滋貴,滋己,滋樹,滋暉,芝輝,樹希,樹紀,樹生,樹来,重喜,重基,重希,重毅,重紀,重貴,重輝,重樹,重来,臣紀,臣起,臣樹,成喜,成基,成毅,成紀,成規,成記,成貴,成起,成輝,成己,成樹,盛樹,聖輝,誠基,誠樹,篤紀,篤樹,繁喜,繁基,繁希,繁毅,繁季,繁紀,繁規,繁貴,繁輝,繁己,繁樹,繁城,繁生,無樹,茂喜,茂基,茂岐,茂希,茂毅,茂季,茂紀,茂規,茂記,茂貴,茂起,茂輝,茂興,茂己,茂樹,茂城,茂生,誉貴,誉己
しげくに,shigekuni,薫國,繁那
しげさだ,shigesada,重定
しげさぶろう,shigesaburou,繁三郎
しげざぶろう,shigezaburou,繁三郎
しげし,shigeshi,繁司,繁士,繁志,茂司,茂思
しげじ,shigeji,滋司,重次,重治,重二,成二,繁司,繁二,茂司,茂嗣,茂志,茂治
しげじろう,shigejirou,繁次郎
しげすけ,shigesuke,繁資
しげぞう,shigezou,滋三,重三,重蔵,重造,繁造
しげた,shigeta,滋太,重太,繁太,茂太
しげたか,shigetaka,栄剛,恵剛,恵崇,滋貴,滋孝,滋剛,滋隆,樹隆,重威,重貴,重孝,重高,重隆,成威,成孝,成高,成剛,成隆,盛貴,盛天,誠孝,調孝,鎮毅,繁賢,繁孝,繁隆,茂栄,茂毅,茂貴,茂敬,茂賢,茂孝,茂高,茂隆,誉剛
しげたけ,shigetake,滋丈,成健,成武,茂丈
しげただ,shigetada,滋匡,滋正,滋忠,重真,重忠,成忠,繁忠
しげたつ,shigetatsu,滋達
しげたろう,shigetarou,繁太郎,茂太郎
しげちか,shigechika,重近,重親,繁史,繁親
しげつぐ,shigetsugu,恵嗣,重嗣,重次,茂継,茂嗣,茂続
しげつな,shigetsuna,成綱,繁綱
しげてつ,shigetetsu,成哲
しげと,shigeto,栄人,慈人,滋史,滋人,樹人,重音,重人,重太,重知,重登,成人,成仁,盛登,誠人,繁人,繁仁,繁登,繁門,茂人,茂登,茂土,誉人,誉門
しげとし,shigetoshi,薫明,恵健,恵敏,滋敏,滋利,重寿,重俊,重年,重敏,重利,重壽,鍾俊,成寿,成俊,成年,成敏,成利,繁寿,繁俊,繁聡,繁年,繁利,茂寿,茂俊,茂智,茂年,茂敏,茂稔,茂利,誉考,誉俊
しげとみ,shigetomi,重富
しげとも,shigetomo,滋友,重知,重智,重朋,誠朋,繁知,繁友,茂智,茂朝
しげとよ,shigetoyo,茂豊
しげなお,shigenao,重尚,重直,成直,茂直
しげなが,shigenaga,栄良,茂長
しげなり,shigenari,恵成,滋成,滋也,重哉,重成,重斉,繁成,繁也,茂順,茂也,誉也
しげのぶ,shigenobu,栄信,恵史,恵信,滋延,滋信,樹信,樹宣,樹靖,重延,重喜,重伸,重信,重宣,重暢,成延,成昌,成伸,成信,成靖,成亘,盛伸,誠信,誠展,繁伸,繁信,茂延,茂喜,茂修,茂伸,茂信,茂宣,茂展
しげのり,shigenori,卯紀,栄典,栄範,栄倫,薫紀,恵則,恵哲,恵徳,慈典,滋紀,滋規,滋教,滋訓,滋成,滋則,滋智,滋典,樹紀,樹教,樹忠,樹典,樹範,重紀,重規,重教,重勲,重経,重憲,重孝,重宣,重則,重智,重典,重徳,重能,重範,重文,重論,臣規,臣里,成紀,成規,成記,成宜,成訓,成慶,成憲,成功,成準,成政,成則,成中,成哲,成典,成徳,成範,成文,成法,成里,成律,成倫,成礼,成論,盛記,盛憲,盛徳,徳重,篤慎,篤徳,繁紀,繁則,繁典,繁徳,繁範,繁法,繁禮,茂紀,茂記,茂宜,茂教,茂敬,茂憲,茂孝,茂宣,茂則,茂典,茂徳,茂能,茂範,茂法
しげはち,shigehachi,茂八
しげはる,shigeharu,栄晴,賀晴,薫晴,滋治,滋春,滋晴,芝栄,重治,重春,重晴,重陽,成栄,成玄,成治,成春,成晴,繁治,繁春,繁晴,茂治,茂春,茂晴
しげひこ,shigehiko,維彦,滋公,滋比古,滋彦,樹彦,重彦,甚彦,成彦,誠彦,繁彦,茂彦
しげひさ,shigehisa,維久,薫久,恵央,恵久,滋久,重久,重寿,殖久,成久,誠久,繁久,茂久,茂寿,茂尚,茂壽
しげひで,shigehide,栄秀,重英,重秀,成秀,繁英,繁秀,茂英,茂秀
しげひと,shigehito,栄人,滋仁,樹人,重人,重仁,成人,成仁,盛人,盛仁,繁人,繁仁,茂人,茂仁
しげひら,shigehira,重衡
しげひろ,shigehiro,栄博,栄洋,薫弘,恵弘,慈広,滋寛,滋啓,滋宏,滋広,滋弘,滋泰,滋博,滋裕,樹弘,樹洋,重寛,重宏,重広,重弘,重浩,重紘,重大,重博,重裕,重洋,重廣,甚洋,成央,成完,成啓,成宏,成広,成弘,成浩,成周,成泰,成拓,成展,成博,成祐,成裕,成洋,盛広,盛浩,誠洋,繁寛,繁宏,繁広,繁弘,繁浩,繁博,繁洋,繁廣,茂央,茂寛,茂宏,茂広,茂弘,茂浩,茂大,茂拓,茂博,茂裕,茂洋,茂廣,誉大,林央
しげふみ,shigefumi,栄史,滋史,滋文,樹史,重史,重文,甚文,成史,成文,繁史,茂史,茂文
しげほ,shigeho,滋輔
しげまさ,shigemasa,栄正,薫正,至真,至眞,滋雅,滋将,滋正,重雅,重勝,重昌,重政,重正,重誠,成幹,成賢,成公,成将,成尚,成昌,成真,成政,成正,成優,盛雅,繁雅,繁昌,繁政,繁正,茂雅,茂将,茂昌,茂政,茂正,裕雅,誉昌
しげまろ,shigemaro,重磨,茂麿
しげみ,shigemi,茂己
しげみち,shigemichi,滋道,樹道,重導,重道,篤道
しげみつ,shigemitsu,栄光,滋光,重光,重充,重満,成光,成充,盛光,繁光,繁充,茂光,茂充
しげむね,shigemune,臣宗,成宗
しげもち,shigemochi,重望,重茂
しげもと,shigemoto,重元
しげもり,shigemori,重守,重盛,茂盛
しげや,shigeya,慈也,滋也,滋弥,重哉,重也,重弥,成哉,成也,繁也,繁弥,茂哉,茂也
しげやす,shigeyasu,滋康,滋泰,樹保,重安,重庚,重康,重泰,重保,重靖,成恭,成康,成泰,成保,鎮靖,繁康,繁泰,繁保,繁靖,茂康,茂耕,茂泰,茂保,茂靖,誉康
しげゆき,shigeyuki,維志,維之,卯起,栄幸,栄志,賀行,薫之,恵元,恵幸,恵之,恵由,慈之,滋元,滋幸,滋行,滋章,滋之,樹幸,樹至,習之,重幸,重行,重雪,重如,重之,穣之,殖之,臣之,成往,成介,成幸,成行,成志,成章,成徹,成之,盛行,誠幸,誠行,誠之,董之,篤行,篤徹,繁幸,繁行,繁志,繁征,繁之,茂敬,茂幸,茂行,茂至,茂是,茂征,茂之,誉之
しげよし,shigeyoshi,栄芳,薫可,滋義,滋吉,滋芳,重嘉,重義,重吉,重好,重善,重由,重良,成佳,成嘉,成介,成吉,成功,成好,成就,成祥,成善,成能,成芳,成良,盛義,盛祥,盛禄,誠芳,繁義,繁吉,繁慶,繁好,繁芳,茂佳,茂嘉,茂喜,茂宜,茂義,茂吉,茂慶,茂好,茂巧,茂尚,茂新,茂善,茂芳,茂良,晟能
しげより,shigeyori,重頼
しげる,shigeru,慈,滋,森,成,繁,茂
しげろう,shigerou,重朗,成郎,茂郎
しこう,shikou,司弘,史巧,史行,史洸,嗣康,士弘,子耕,志光,志功,志宏,志巧,志耕,志行,志鋼,志香,志高,至孝,至宏,至弘
しさぶろう,shisaburou,四三郎
しずあき,shizuaki,静昭,静明
しずお,shizuo,志津夫,志津雄,静男,静夫,静雄,静良,鎮夫,鎮雄,鎭雄,靜男,靜夫
しずき,shizuki,静喜,静紀,静輝,静樹
しずたか,shizutaka,静孝
しずと,shizuto,静史,静人
しずとし,shizutoshi,静恵,静利
しずのぶ,shizunobu,鎮伸
しずのり,shizunori,静法
しずひこ,shizuhiko,静彦
しずひろ,shizuhiro,静弘
しずふみ,shizufumi,静文
しずま,shizuma,静真,静馬,静麻
しずまさ,shizumasa,静正
しずや,shizuya,志瑞也,静哉,静也,鎮也,鎭矢,靜哉,靜弥
しずやす,shizuyasu,静泰
しずゆき,shizuyuki,静之,鎮行
しずよし,shizuyoshi,静佳,静義
しずろう,shizurou,静郎
しせい,shisei,志清
しちえ,shichie,七衛
しちじろう,shichijirou,七治郎
しちたろう,shichitarou,七太郎
しちのすけ,shichinosuke,七之助
しちろう,shichirou,七郎
しづお,shizuo,志津男,志津夫,志津雄
しづまさ,shizumasa,志津雅
しづや,shizuya,志津也,志都也
しのぐ,shinogu,凌
しのぶ,shinobu,偲
しばさぶろう,shibasaburou,柴三郎
しへい,shihei,司平,士平
しまお,shimao,志磨男
しめい,shimei,士明
しめす,shimesu,示
しもん,shimon,史門,志門
しゅいちろう,shuichirou,主一郎,守一郎,朱一郎
しゅう,shu,珠生,収,周,宗,就,州,修,愁,秀,秋,衆,集,柊,收,脩
しゅういち,shuichi,収一,周一,宗一,就一,州一,修一,修市,愁一,秀伊知,秀一,秋一,衆一,崇一,透一,柊一,收一
しゅういちろう,shuichirou,周一朗,周一郎,宗一良,宗一郎,州一朗,州一郎,修一朗,修一郎,秀一朗,秀一郎,秀市郎,舟一郎,衆一郎,脩一朗,脩一郎
しゅうえ,shue,秀慧
しゅうえい,shuei,秀英
しゅうえつ,shuetsu,修悦
しゅうかん,shukan,修寛
しゅうぎ,shugi,修義
しゅうこう,shukou,修興,秀光,舟行
しゅうご,shugo,収吾,周吾,周悟,宗吾,宗悟,就五,州吾,修五,修吾,修悟,愁吾,秀互,秀吾,秀悟,充吾,收吾
しゅうごろう,shugorou,周五郎
しゅうさく,shusaku,収作,周作,周策,宗作,宗朔,就作,州作,修作,修策,秀作,秀策,秀索,衆策,脩策
しゅうさぶろう,shusaburou,周三郎,秀三郎
しゅうざぶろう,shuzaburou,修三郎
しゅうし,shushi,修史,秋思
しゅうしろう,shushirou,脩士郎
しゅうじ,shuji,浩司,収司,収志,収二,周司,周史,周嗣,周士,周志,周児,周次,周滋,周治,周而,周二,宗司,宗志,宗治,宗二,州司,州史,州士,州児,州治,修伺,修司,修史,修嗣,修士,修志,修至,修詩,修児,修慈,修次,修滋,修治,修爾,修示,修仁,修智,修二,修之,修吏,愁治,洲志,洲治,秀司,秀史,秀嗣,秀士,秀志,秀至,秀児,秀慈,秀次,秀治,秀爾,秀璽,秀示,秀仁,秀二,秀弐,秀路,秋司,秋爾,秋二,習志,習示,習二,舟志,舟二,衆司,衆治,衆示,祝嗣,崇司,崇史,崇慈,崇二,柊二,柊路,收二,洙治,脩司,脩士,脩慈,脩二
しゅうじろう,shujirou,守二郎,周次朗,周次郎,周二郎,修次郎,修治郎,修二朗,修二郎,秀次郎,秀二郎,脩司朗
しゅうじん,shujin,秀仁
しゅうすけ,shusuke,収輔,周右,周介,周助,周典,周輔,周佑,周祐,周亮,宗右,宗佑,宗祐,就介,修介,修助,修典,修伴,修輔,修佑,修祐,修裕,修亮,秀允,秀介,秀典,秀輔,秀佑,秀祐,秀亮,秋佑,衆亮,集介,集友,崇介,崇輔,嵩祐,柊介,脩介,脩輔,脩祐
しゅうせい,shusei,周星,修成,秀世,秀征,秀成,秀星,秀清,秀生,秀誠,秋生
しゅうせつ,shusetsu,修雪
しゅうぞう,shuzou,収三,周三,周蔵,周造,州三,修三,修蔵,修造,秀三,秀蔵,秀造,衆三,集造,脩三
しゅうた,shuta,収太,収大,周太,周大,就太,修太,修大,秀多,秀太,衆太,集太,充汰,柊太,脩太
しゅうたろう,shutarou,周太朗,周太郎,周大郎,宗太郎,州太郎,修太朗,修太郎,秀太郎,週太郎,脩太郎
しゅうだい,shudai,周大,脩大
しゅうと,shuto,修人,修斗,修都,修翔,愁人,秀人,秀斗,秋人,崇人,嵩人,柊人,柊斗,脩人,脩仁
しゅうどう,shudou,修道,秀道
しゅうへい,shuhei,収平,周兵,周平,宗平,就平,州平,修兵,修平,愁平,秀兵,秀平,秋平,舟平,衆平,集平,充平,崇平,嵩平,柊平,脩平
しゅうほう,shuhou,宗邦,秀峯
しゅうま,shuma,周真,周馬,周摩,周磨,州摩,修摩,秀真,秀馬,秀磨,柊馬
しゅうや,shuya,収也,周哉,周也,周弥,宗哉,宗也,修哉,修也,修弥,修彌,秀哉,秀也,秀耶,秀弥,柊也,柊耶,脩也,脩弥
しゅうよう,shuyou,秋陽
しゅうろう,shurou,秀郎
しゅうろく,shuroku,修六
しゅもん,shumon,主門
しゅん,shun,俊,峻,春,瞬,竣,舜,駿,旬
しゅんいち,shunichi,俊一,俊壱,俊市,峻一,春一,瞬一,竣一,舜一,駿一,旬一,順一,隼一,悛一
しゅんいちろう,shunichirou,俊一朗,俊一郎,俊市郎,峻一郎,春一郎,舜一郎,駿一郎
しゅんき,shunki,峻樹,瞬輝
しゅんきち,shunkichi,俊吉,駿吉
しゅんご,shungo,俊五,俊伍,俊吾,俊悟,峻伍,峻吾,峻悟,春吾,駿伍,駿吾,隼伍,隼吾
しゅんさく,shunsaku,俊作,俊策,俊索,峻作,瞬作,駿作
しゅんさぶろう,shunsaburou,俊三郎
しゅんじ,shunji,俊司,俊士,俊志,俊至,俊児,俊慈,俊次,俊治,俊自,俊二,峻司,峻志,峻爾,峻地,峻二,春司,春児,春次,春二,瞬次,瞬二,舜二,駿司,駿士,駿児,駿二,隼士,隼二
しゅんじろう,shunjirou,俊次郎,俊治郎,俊二郎,峻次郎,峻二郎
しゅんすけ,shunsuke,俊右,俊介,俊喜,俊賛,俊資,俊助,俊典,俊督,俊甫,俊輔,俊佑,俊祐,俊裕,俊亮,峻介,峻資,峻典,峻輔,峻佑,峻祐,峻亮,春介,春輔,春祐,瞬介,瞬輔,瞬亮,竣介,舜右,舜介,舜友,駿允,駿介,駿助,駿典,駿輔,駿佑,駿友,駿祐,駿亮,隼介,隼助,隼典,隼輔,隼佑,隼祐,隼亮
しゅんせい,shunsei,春星
しゅんぞう,shunzou,俊三,俊造,舜造
しゅんた,shunta,俊太,峻太,峻大,瞬太,竣大,舜太,駿太,駿汰,旬太,隼太
しゅんたろう,shuntarou,俊太朗,俊太郎,峻太朗,峻太郎,瞬太郎,竣太郎,舜太郎,駿多朗,駿太朗,駿太郎,隼太郎
しゅんちょう,shunchou,春兆
しゅんどう,shundou,俊道
しゅんのすけ,shunnosuke,俊之介,俊之輔,駿之介,駿之輔
しゅんぺい,shumpei,俊兵,俊平,峻平,春平,瞬平,駿平,旬平,隼平
しゅんま,shunma,俊馬,駿馬
しゅんや,shunya,俊哉,俊也,峻矢,竣也,駿野,駿弥,隼也
しゆう,shiyu,志有
しゆうじ,shiyuji,修二,秀司
しゆんいち,shiyunichi,俊一
しょう,shou,勝,匠,唱,奨,将,尚,彰,承,掌,捷,昇,昌,晶,渉,省,祥,章,証,詳,鍾,星,憧,翔
しょうい,shoui,昇緯,翔偉,翔弥
しょういち,shouichi,勝一,勝市,匠一,匠壱,升一,商一,唱一,奨一,将一,尚一,尚市,庄一,彰一,承一,捷一,昇一,昇市,昌一,昌市,昭一,晶一,松一,渉一,照一,省一,礁一,祥一,祥市,章一,章市,紹一,肖一,証一,詔一,詳一,象一,賞一,鍾一,鐘一,正一,正壱,正市,生一,精一,聖一,將一,笙一,翔一
しょういちろう,shouichirou,勝一朗,勝一郎,匠一朗,将一郎,尚一郎,庄一朗,庄一郎,彰一朗,彰一郎,掌一朗,昇一郎,昌一郎,昭一朗,昭一郎,晶一朗,晶一郎,松一郎,梢一郎,照一朗,省一郎,祥一朗,祥一郎,章一朗,章一郎,紹一郎,蕉一郎,象一郎,鐘一郎,正一郎,生一郎,聖一郎,荘市郎,敞一郎,翔一朗,翔一郎
しょうえい,shouei,昌英,昭栄,翔栄,頌詠
しょうえつ,shouetsu,正悦
しょうき,shouki,彰己,昭喜,渉希,翔紀,翔貴
しょうきち,shoukichi,勝吉,将吉,昌吉,昭吉,祥吉,章吉,鍾吉,鐘吉,正吉
しょうきちろう,shoukichirou,昭吉郎
しょうくろう,shoukurou,祥九郎
しょうけん,shouken,将賢
しょうこう,shoukou,翔昊
しょうご,shougo,勝伍,勝吾,勝悟,匠剛,奨吾,奨悟,将五,将伍,将呉,将吾,将悟,尚郷,尚吾,尚悟,庄吾,庄悟,彰吾,彰悟,彰護,承吾,捷吾,昇午,昇吾,昇悟,昇剛,昌吾,昌悟,昭五,昭伍,昭吾,昭悟,昭語,晶吾,晶悟,松吾,松悟,渉吾,渉悟,照悟,照護,省互,省伍,省午,省吾,省悟,祥五,祥伍,祥吾,祥悟,祥護,章五,章互,章伍,章吾,章悟,衝吾,詔吾,詔悟,詳悟,象吾,鍾期,鐘吾,鐘悟,正伍,正午,正吾,正悟,正剛,生五,聖吾,聖悟,荘吾,荘悟,將吾,將護,笙悟,翔伍,翔吾,翔悟,翔梧,蕭吾,頌吾,頌悟
しょうごう,shougou,正業
しょうごろう,shougorou,尚吾郎,庄五郎,祥悟朗
しょうさく,shousaku,将作,将策,昇作,昌作,昭作,省作,祥作,祥策,章作,象策,正作,正策
しょうさぶろう,shousaburou,章三郎,鐘三郎,正三郎
しょうざぶろう,shouzaburou,庄三郎,彰三郎,昭三郎,祥三郎,章三郎,正三郎,翔三郎
しょうしちろう,shoushichirou,昭七郎
しょうしゅく,shoushuku,正淑
しょうしろう,shoushirou,昭四郎
しょうしん,shoushin,正信
しょうじ,shouji,勝司,勝次,勝治,勝二,匠志,唱次,奨士,奨治,奨二,将司,将史,将士,将志,将児,将次,将治,将二,将之,将吏,尚司,尚史,尚嗣,尚士,尚志,尚思,尚次,尚治,尚爾,尚仁,尚二,庄司,庄史,庄嗣,庄志,庄次,庄治,庄二,彰司,彰史,彰士,彰志,彰次,彰治,彰示,彰二,掌二,昇司,昇史,昇嗣,昇士,昇志,昇児,昇次,昇治,昇二,昌司,昌史,昌嗣,昌志,昌児,昌次,昌治,昌二,昭司,昭士,昭志,昭詞,昭次,昭治,昭爾,昭示,昭寿,昭仁,昭知,昭智,昭二,昭之,晶司,晶士,晶治,晶二,松司,松次,松二,渉司,渉士,渉至,渉二,湘次,照司,照治,照二,省司,省志,省侍,省次,省治,省爾,省二,祥司,祥史,祥嗣,祥士,祥志,祥詞,祥資,祥児,祥慈,祥次,祥治,祥爾,祥磁,祥示,祥二,祥之,章司,章史,章嗣,章士,章志,章氏,章時,章次,章治,章二,章之,肖史,肖嗣,詔司,詳司,詳士,詳二,象司,鉦治,鐘志,鐘二,正司,正嗣,正士,正志,正詞,正慈,正次,正治,正二,正路,生司,聖司,聖児,聖治,聖二,相治,劭司,將司,將治,翔司,翔史,翔嗣,翔士,翔志,翔氏,翔治,翔自,翔二
しょうじろう,shoujirou,匠次朗,唱次郎,奨二郎,将史郎,将士郎,将次郎,将治郎,将二郎,尚次郎,尚二朗,尚二郎,庄次郎,庄二郎,彰治郎,彰二郎,承司郎,昇次朗,昇二郎,昌次郎,昌二郎,昭次郎,昭治郎,昭二郎,晶次郎,晶二郎,松次郎,照二郎,省二朗,省二郎,祥士郎,祥志朗,祥次郎,祥二朗,祥二郎,章司郎,章仁郎,章二朗,章二郎,詔次郎,象二郎,鐘二朗,正史郎,正次郎,正治朗,正治郎,正二郎,將二朗,敞二郎,晟次郎,翔次郎,翔二郎
しょうじん,shoujin,匠人
しょうすけ,shousuke,勝亮,奨介,将介,将亮,尚介,庄介,庄助,庄輔,庄佑,庄祐,彰介,彰祐,彰亮,昇介,昇輔,昌介,昌資,昌佑,昭介,昭輔,晶亮,省介,省祐,祥介,祥輔,祥佑,章介,章丞,章輔,賞介,正介,正助,正典,將介,翔介,翔亮
しょうせい,shousei,尚省,彰誠,章生,鐘成,翔星
しょうぞう,shouzou,勝三,勝蔵,匠造,升三,奨三,将三,将象,将蔵,将造,尚三,尚造,尚藏,庄三,庄蔵,彰三,彰造,昇三,昇蔵,昇造,昌三,昌蔵,昌造,昭三,昭蔵,昭造,晶三,松造,照造,省三,省蔵,省造,祥三,祥造,章三,章造,象三,正三,正象,正蔵,正造,正藏,生三,翔三
しょうた,shouta,勝太,勝大,匠太,匠汰,匠大,升太,商太,将太,将汰,将大,尚太,尚大,庄太,庄汰,彰太,承大,抄太,捷太,昇太,昇汰,昇大,昌太,昌汰,昌大,昭太,昭汰,昭大,晶太,梢太,渉太,照太,省太,祥太,祥大,称太,章太,象太,鐘太,正太,正大,生太,聖太,聖汰,聖大,將太,翔匠,翔太,翔汰,翔大,頌太
しょうたろう,shoutarou,勝太朗,勝太郎,匠太郎,奨太郎,将太朗,将太郎,小太郎,尚太郎,庄太郎,彰太郎,承太郎,昇太郎,昌多朗,昌太朗,昌太郎,昌大郎,昭太朗,昭太郎,晶太郎,松太郎,渉太郎,照太郎,省太郎,礁太郎,祥多郎,祥太朗,祥太郎,祥大朗,章太朗,章太郎,詳太郎,象太郎,鐘太郎,正太朗,正太郎,清太郎,生太郎,將太朗,將太郎,翔多郎,翔太朗,翔太郎,翔汰郎,翔大朗,翔大郎
しょうだい,shoudai,翔大,頌大
しょうてつ,shoutetsu,鐘哲
しょうと,shouto,昇人,渉人,憧人,翔人,翔斗
しょうとう,shoutou,祥東
しょうどう,shoudou,昌道,祥道
しょうなん,shounan,勝楠
しょうのすけ,shounosuke,将之介,昇之助,祥乃介,祥之介,聖之助,翔乃介,翔之介
しょうひ,shouhi,翔日
しょうへい,shouhei,渚平,勝平,匠平,奨平,将兵,将平,尚平,庄平,彰平,承平,捷平,昇平,昌兵,昌平,昭兵,昭平,晶平,梢平,渉平,照平,省平,祥兵,祥平,章平,紹平,肖平,菖平,詔平,詳平,象平,鐘平,正平,聖平,憧平,奬平,將平,笙平,翔平,頌平
しょうま,shouma,将真,将馬,尚真,庄真,庄馬,彰馬,昇真,祥馬,聖真,翔真,翔馬
しょうや,shouya,奨也,将也,彰也,昌也,昭也,祥哉,祥矢,聖也,聖矢,翔哉,翔也,翔弥,翔矢
しょうよう,shouyou,昇陽,松陽,紫陽
しょうり,shouri,勝利,翔理
しょうろう,shourou,昇朗
しるす,shirusu,記
しれい,shirei,士礼,子玲,紫伶
しろう,shirou,司朗,司郎,史朗,史郎,嗣朗,嗣郎,四朗,四郎,士朗,士郎,姿郎,師朗,志朗,志郎,思郎,支朗,紫朗,紫郎,至朗,至郎,詞郎,詩朗,詩郎,資朗,資郎,賜郎,之朗
しろかず,shirokazu,城一,城和
しろゆき,shiroyuki,城之
しん,shin,伸,信,心,慎,新,晋,榛,真,神,進,辰,愼,晨,眞
しんい,shini,欣怡
しんいち,shinichi,伸一,伸市,伸壹,信一,信壱,信逸,信市,審一,心一,慎一,慎市,振一,新一,新市,晋一,晋市,真一,真市,紳一,進一,進市,清一,辰一,辰市,鎮一,津一,槙一,岑一,愼一,眞一,眞市
しんいちろう,shinichirou,伸一朗,伸一郎,信一朗,信一郎,心一郎,慎一朗,慎一郎,慎市郎,振一朗,振一郎,新一朗,新一郎,晋一朗,晋一郎,森一郎,真一朗,真一郎,真市朗,真市郎,紳一朗,紳一郎,臣一郎,親一朗,親一郎,進一朗,進一郎,清一郎,辰一郎,槙一郎,愼一朗,愼一郎,眞一郎,槇一郎
しんえつ,shinetsu,真悦
しんが,shinga,真我
しんきち,shinkichi,伸吉,信吉,慎吉,新吉,晋吉,真吉,進吉
しんきちろう,shinkichirou,信吉郎
しんご,shingo,伸五,伸互,伸伍,伸吾,伸悟,信五,信伍,信吾,信悟,心吾,心悟,慎五,慎伍,慎吾,慎悟,慎語,振吾,新五,新伍,新吾,新悟,晋伍,晋呉,晋吾,晋悟,森護,真伍,真午,真吾,真悟,真梧,真護,真豪,神吾,紳吾,紳悟,臣吾,進伍,進吾,進悟,進護,清吾,辰伍,辰吾,辰悟,槙吾,槙悟,愼吾,愼護,眞吾,眞悟,眞梧,眞護
しんごろう,shingorou,真五郎,真吾郎
しんさく,shinsaku,伸作,信作,信策,心作,慎作,慎策,晋作,晋策,真作,進作,清作,辰作,愼作,眞作
しんざぶろう,shinzaburou,伸三郎,信三郎,慎三郎,新三郎,真三郎,親三郎
しんし,shinshi,真史
しんじ,shinji,伸司,伸史,伸嗣,伸志,伸児,伸次,伸滋,伸治,伸爾,伸二,伸兒,信司,信嗣,信慈,信持,信次,信滋,信治,信爾,信寿,信二,審爾,心志,心治,心爾,心二,慎司,慎史,慎嗣,慎士,慎志,慎児,慎慈,慎次,慎滋,慎治,慎爾,慎二,新司,新史,新士,新児,新次,新治,新璽,新二,晋司,晋史,晋嗣,晋士,晋志,晋児,晋字,晋次,晋治,晋爾,晋樹,晋二,晋之,晋路,深司,深志,深至,深治,申二,真司,真史,真嗣,真士,真志,真至,真視,真詞,真資,真児,真慈,真次,真治,真爾,真示,真樹,真人,真仁,真知,真二,真之,真路,紳司,紳詞,紳次,紳治,紳二,臣司,臣史,臣次,臣治,臣二,辛二,進司,進史,進士,進志,進児,進次,進治,進仁,進二,清史,請二,辰至,辰治,辰爾,辰二,普士,普次,槙司,槙志,槙児,槙治,愼司,愼志,愼時,愼治,愼示,愼二,眞司,眞史,眞嗣,眞士,眞志,眞児,眞次,眞治,眞爾,眞二,眞之,眞路
しんじろう,shinjirou,伸司郎,伸次朗,伸次郎,伸治郎,伸二郎,信司郎,信次郎,信治郎,信二朗,信二郎,慎士郎,慎次朗,慎次郎,慎治朗,慎治郎,慎仁郎,慎二朗,慎二郎,新司朗,新司郎,新次郎,新治郎,新二郎,晋似郎,晋治郎,晋二郎,申二郎,真次郎,真滋郎,真治郎,真知郎,真二朗,真二郎,紳二郎,進次郎,進二朗,進二郎,震滋朗,愼二郎,眞次郎,眞治郎,眞二郎
しんすけ,shinsuke,伸介,伸資,伸助,伸丞,伸典,伸輔,伸佑,伸祐,伸亮,信介,信助,信典,信輔,信佑,信祐,信亮,心介,心助,心輔,慎介,慎資,慎助,慎典,慎輔,慎佑,慎友,慎祐,慎裕,慎亮,新介,新助,新輔,新祐,晋右,晋介,晋資,晋助,晋将,晋丞,晋典,晋弼,晋輔,晋佑,晋祐,晋亮,深介,申介,真介,真佐,真哉,真資,真助,真典,真輔,真佑,真祐,真亮,紳介,紳助,紳輔,紳佑,紳祐,臣助,臣祐,親典,進介,進助,進典,進輔,進佑,進祐,進亮,清介,辰介,辰典,辰輔,津典,津亮,槙介,愼介,愼助,愼祐,眞介,眞輔
しんぞう,shinzou,伸三,伸蔵,伸造,信三,信藏,慎三,慎造,新三,新造,晋三,晋造,申三,真三,真蔵,真造,紳三,親蔵,眞三,眞造
しんた,shinta,伸太,信太,心太,心大,慎太,新太,晋太,真太,臣太,進太,進汰
しんたろう,shintarou,伸太朗,伸太郎,信太朗,信太郎,信大郎,心太朗,心太郎,慎太良,慎太朗,慎太郎,慎大郎,振太郎,新太朗,新太郎,晋太朗,晋太郎,森太郎,森大郎,申太郎,真多郎,真太朗,真太郎,真大朗,紳太郎,臣太郎,親太郎,進太朗,進太郎,辰太郎,槙太郎,愼太朗,愼太郎,晨太郎,眞太朗,眞太郎
しんと,shinto,新斗
しんのすけ,shinnosuke,伸乃介,伸乃亮,伸之介,伸之助,伸之典,伸之輔,信乃介,信之介,信之助,信之輔,信之祐,信之亮,心之介,慎ノ介,慎乃介,慎乃助,慎之介,慎之助,慎之将,慎之典,慎之輔,慎之佑,慎之祐,慎之亮,新之介,新之助,新之輔,晋之介,晋之助,晋之輔,晋之佑,申之介,真ノ介,真乃介,真之介,真之助,真之典,真之輔,真之佑,真之祐,紳之介,臣之介,進ノ介,進之介,進之助,清之介,辰之介,辰之助,辰之輔,槙之介,槙之典,槙之佑,眞之介,眞之輔,鎭乃介
しんはち,shinhachi,進八
しんぺい,shimpei,伸平,信平,心平,慎平,新平,晋平,森平,深平,真兵,真平,紳平,臣平,親平,進平,辰平,鎮平,槙平,愼平,眞平
しんや,shinya,伸哉,伸也,伸弥,伸矢,信哉,信也,信耶,信弥,信矢,審也,審弥,心哉,心也,心矢,慎哉,慎也,慎耶,慎弥,慎矢,振也,新哉,新也,新弥,新矢,晋哉,晋也,晋弥,晋矢,申也,申弥,真哉,真也,真耶,真弥,真矢,真彌,紳哉,紳也,紳弥,紳矢,臣哉,臣也,臣弥,臣矢,親哉,親也,親矢,進哉,進也,進弥,進矢,震哉,辰哉,辰也,辰耶,辰弥,鎮矢,津也,槙哉,槙也,愼哉,愼也,眞哉,眞也,眞矢
しんら,shinra,森羅
じあん,jian,慈安
じげん,jigen,次元
じさぶろう,jisaburou,治三郎
じすけ,jisuke,次助
じせい,jisei,治生
じたん,jitan,児丹
じつお,jitsuo,実生,実男,実夫,実雄
じつろう,jitsurou,実郎
じむ,jimu,児夢
じゅいち,juichi,寿一,樹一,壽一
じゅいちろう,juichirou,寿一朗,寿一郎,樹一朗,壽一郎
じゅう,ju,充,縦
じゅういち,juichi,充一,十一,重一
じゅうきち,jukichi,十吉,重吉
じゅうこう,jukou,重幸,重弘,重剛
じゅうご,jugo,重吾
じゅうしろう,jushirou,重四郎,重志郎
じゅうじろう,jujirou,寿次郎
じゅうぞう,juzou,十蔵,重三,重藏
じゅうた,juta,重太
じゅうたろう,jutarou,十太郎,柔太郎,重太朗,重太郎
じゅうだい,judai,十大
じゅうのしん,junoshin,重之進
じゅうへい,juhei,重平
じゅうろう,jurou,充朗,十朗,十郎,重郎
じゅたろう,jutarou,寿太朗,寿太郎
じゅらん,juran,樹蘭
じゅん,jun,准,旬,淳,準,潤,純,巡,遵,順,惇,隼,洵,諄
じゅんいち,junichi,准一,循一,旬一,淳一,淳逸,淳市,淳至,淳智,準一,潤一,潤市,盾一,純一,純逸,純市,遵一,順一,惇一,隼一,凖一,洵一,洵市,諄一
じゅんいちろう,junichirou,准一郎,旬一郎,淳一朗,淳一郎,準一朗,準一郎,潤一朗,潤一郎,純一朗,純一郎,純市郎,順一朗,順一郎,惇一郎,隼一朗,隼一郎,隼市郎,洵一朗,詢一郎
じゅんき,junki,純輝,惇基,隼基
じゅんきち,junkichi,准吉,潤吉,純吉,順吉
じゅんご,jungo,旬吾,淳吾,淳悟,潤吾,潤悟,純吾,順悟,隼伍,隼吾
じゅんさく,junsaku,淳作,潤作
じゅんしょう,junshou,順章
じゅんしろう,junshirou,淳士郎,潤史郎,純司郎,順四郎
じゅんしん,junshin,淳臣,潤心
じゅんじ,junji,准司,准史,准嗣,准治,准二,旬司,旬二,淳司,淳史,淳嗣,淳士,淳志,淳至,淳児,淳慈,淳次,淳滋,淳治,淳爾,淳示,淳仁,淳二,淳之,淳吏,準司,準士,準治,準示,準二,潤司,潤史,潤士,潤志,潤児,潤次,潤治,潤人,潤仁,潤二,純司,純史,純嗣,純士,純志,純児,純慈,純次,純滋,純治,純爾,純示,純二,純之,純路,遵志,遵二,順司,順史,順嗣,順士,順志,順詞,順次,順滋,順治,順就,順二,順之,順路,惇司,惇史,惇士,惇二,隼司,隼史,隼次,隼弐,洵史
じゅんじろう,junjirou,旬二郎,淳次郎,淳二郎,準二郎,潤司郎,潤次郎,潤治郎,潤二郎,純次郎,純二郎,順次郎,順二朗,順二郎
じゅんすけ,junsuke,旬右,殉輔,淳介,淳輔,淳佑,淳祐,淳亮,準佑,潤介,純介,純輔,順介,順将,順輔,順亮,惇介,惇亮
じゅんせい,junsei,淳世,遵正
じゅんぞう,junzou,淳三,淳蔵,準三,潤三,潤蔵,盾三,純三,純造,順三,順蔵,順造
じゅんた,junta,絢太,旬太,淳多,淳太,潤太,純太,順太,順大,惇太,隼太
じゅんたろう,juntarou,准太郎,淳太郎,潤太郎,純太郎,順太朗,順太郎,惇太郎,隼太郎
じゅんのすけ,junnosuke,絢之介,旬之介,淳之介,淳之助,淳之輔,淳之祐,準乃典,準之介,準之助,準之輔,潤之介,潤之輔,純之介,純之助,順之介,順之助,順之輔,順之祐,洵之介
じゅんぱち,jumpachi,潤八
じゅんへい,junhei,淳平,純平
じゅんぺい,jumpei,絢平,准平,旬平,淳平,準平,潤平,純兵,純平,遵平,順平,惇平,隼平,洵平
じゅんや,junya,絢哉,准也,淳哉,淳也,準也,潤哉,潤也,純哉,純也,純弥,純矢,純彌,遵也,順哉,順也,順弥,惇哉,惇也,惇矢,隼哉,隼也,隼弥,隼矢,凖也,洵哉,洵也,詢也,諄也
じゅんろう,junrou,潤郎
じゆう,jiyu,自由
じょい,joi,序惟
じょう,jou,上,丈,丞,城,壌,浄,穣,譲,錠,舒羽,襄,讓
じょういち,jouichi,丈一,浄壱,穣一,譲一,錠一,攘一,讓一
じょういちろう,jouichirou,丈一郎,城一郎
じょうきち,joukichi,丈吉
じょうさく,jousaku,穣作
じょうざぶろう,jouzaburou,城三郎
じょうじ,jouji,昇治,祥司,祥史,上治,丈司,丈史,丈嗣,丈士,丈志,丈児,丈慈,丈次,丈治,丈爾,丈二,丈路,丞司,丞士,丞治,丞二,乗次,城司,城史,城士,城児,城慈,城次,城治,城二,城冶,壌治,壌二,常司,常氏,常治,条児,条二,条路,浄司,浄次,浄治,浄二,穣司,穣士,穣志,穣慈,穣次,穣治,穣爾,穣二,譲司,譲史,譲嗣,譲士,譲志,譲児,譲慈,譲次,譲治,譲二,譲冶,錠司,錠史,錠嗣,錠児,錠治,錠二,成司,成二,貞治,條治,穰司,穰二,襄二,讓史,讓治,讓二
じょうじろう,joujirou,壌二郎
じょうすけ,jousuke,丈介,丈助,丈輔,城介,浄介,穣介,穣輔,譲輔
じょうた,jouta,丈太,丞太,城太,浄太,穣太,譲太
じょうたろう,joutarou,承太郎,丈太郎,丞太郎,城太朗,城太郎,常太郎,浄太郎,穣太郎,譲太郎,成多朗,成太郎,條太郎
じょうや,jouya,情也
じょばん,joban,序晩
じょん,jon,如音
じよん,jiyon,志永,芝然,芝涓,智永,智詠,智妍,智暎
じる,jiru,路留
じろう,jirou,嗣郎,慈朗,慈郎,次朗,次郎,滋朗,滋郎,治朗,治郎,磁朗,磁郎,示朗,示郎,仁朗,仁郎,二朗,二郎
じん,jin,仁,尋,甚,迅,陣,辰
じんいち,jinichi,仁一,甚一,陣一
じんいちろう,jinichirou,仁一郎,甚一朗,甚一郎,甚市郎
じんご,jingo,甚吾,甚悟,迅悟,陣吾
じんさく,jinsaku,甚作
じんすけ,jinsuke,仁介,仁祐,甚輔,甚亮
じんそう,jinsou,仁宗
じんた,jinta,仁太,甚太
じんたろう,jintarou,仁太郎,甚太郎,陣太郎
じんのすけ,jinnosuke,仁之介
じんぱち,jimpachi,仁八,甚八
じんや,jinya,仁哉,仁也,甚哉,甚也
すい,sui,彗
すいと,suito,彗人
すいへい,suihei,彗平
すえあき,sueaki,季秋
すえお,sueo,季雄,末男,末夫,末雄
すえき,sueki,季樹
すえきち,suekichi,末吉
すえさぶろう,suesaburou,末三郎
すえざぶろう,suezaburou,末三郎
すえじ,sueji,末二
すえぞう,suezou,末三,末蔵
すえたか,suetaka,季隆
すえとし,suetoshi,末俊,末利
すえのぶ,suenobu,季暢
すえのり,suenori,末範,末礼
すえはる,sueharu,末春
すえひこ,suehiko,季彦
すえひさ,suehisa,季久
すえひろ,suehiro,季寛,末弘,末廣
すえまさ,suemasa,季正
すえみち,suemichi,季道
すえみつ,suemitsu,末充
すえゆき,sueyuki,末之
すえよし,sueyoshi,季由,末義
すがのり,suganori,清功
すがふみ,sugafumi,清文
すぎお,sugio,杉生,杉男,杉夫,杉雄
すぎたか,sugitaka,杉隆
すぎと,sugito,杉人,杉仁
すぎひと,sugihito,杉仁
すぎや,sugiya,杉哉
すぐたけ,sugutake,直毅
すぐむ,sugumu,優夢
すぐや,suguya,健
すぐる,suguru,偉,一,逸,英,傑,健,賢,豪,克,秀,俊,峻,駿,純,勝,精,聖,禅,総,大,卓,超,直,優,雄,誉
すけお,sukeo,祐夫
すけかつ,sukekatsu,輔克
すけじ,sukeji,助治
すけたか,suketaka,資隆,祐貴
すけとし,suketoshi,祐俊
すけとも,suketomo,輔智
すけのり,sukenori,資則
すけひさ,sukehisa,佑尚,祐寿
すけひで,sukehide,祐英,祐豪
すけひろ,sukehiro,助博,祐広,祐洋
すけみつ,sukemitsu,祐光
すけもり,sukemori,祐守
すけゆき,sukeyuki,祐之
すすふみ,susufumi,普文
すすむ,susumu,航,行,駿,奨,将,渉,丞,伸,晋,進,進武,遂,先,前,奏,督,普,勉,歩,励,路,敕
すずお,suzuo,鈴生,鈴男,鈴夫
すずのすけ,suzunosuke,鈴之介,鈴之助,鈴之輔
すずひこ,suzuhiko,錫彦
すずまる,suzumaru,鈴丸
すなお,sunao,温,守奈夫,淳,順,素,直
すのう,sunou,主能
すばる,subaru,昂,昴
すみあき,sumiaki,住秋,純照,純知,純明,澄秋,澄明
すみお,sumio,寿見雄,寿美緒,寿美生,寿美男,寿美雄,寿雄,住男,住夫,淳夫,純央,純生,純男,純夫,純穂,純雄,純朗,純郎,澄央,澄生,澄男,澄夫,澄雄,澄郎,清生,清夫,速雄
すみかず,sumikazu,角一,純一,純和,澄一,澄和
すみじ,sumiji,澄治
すみたか,sumitaka,純貴,純敬,純孝,純高,純隆,澄高
すみただ,sumitada,純忠
すみと,sumito,寿人,純人,純登,純豊,澄人,澄仁,澄斗,清人
すみとし,sumitoshi,純俊,純敏
すみとも,sumitomo,純知,澄智
すみなり,suminari,純成,澄成
すみのぶ,suminobu,純信,純亘
すみのり,suminori,純典,純徳,澄典,澄徳
すみはる,sumiharu,純晴,澄治
すみひさ,sumihisa,純久
すみひと,sumihito,純仁
すみひろ,sumihiro,純宏,純弘,澄宏,澄博
すみまさ,sumimasa,純正
すみや,sumiya,純也,純矢,澄也,速哉
すみやす,sumiyasu,住安,純靖
すみゆき,sumiyuki,寿美幸,住之,純幸,純如,純之
すみよし,sumiyoshi,寿義,純可,純嘉,純義,純尚,純芳,澄佳,澄義
せい,sei,世,征,成,整,星,晴,正,聖,誠,青,静,倩,菁
せいいち,seichi,世一,勢一,征一,成一,成市,政一,整一,星一,晴一,晴市,正一,清一,清市,生一,盛一,盛市,精一,精市,聖一,聖壱,聖弌,誠一,誠壱,誠市,誓一,青一,静一,斉一,靖一
せいいちろう,seichirou,省一郎,世一郎,征一郎,成一朗,成一郎,政一郎,晴一郎,正一郎,清一朗,清一郎,生一郎,盛一郎,精一朗,精一郎,聖一朗,聖一郎,誠一朗,誠一郎,誠市郎,誓一郎,静一郎,斉一郎,靖一朗,靖一郎,靜一郎
せいえい,seiei,盛英,聖英
せいが,seiga,星河
せいき,seiki,城基,世喜,世基,世希,世貴,世樹,征希,征機,征紀,征起,征輝,征己,征樹,成器,成基,成揮,成紀,成規,成貴,成輝,成樹,政希,整貴,整輝,星季,星輝,晴基,晴規,晴樹,正喜,正希,正期,正毅,正規,正記,正己,正樹,清喜,清基,清毅,清気,清紀,清記,清貴,清輝,清樹,盛揮,聖基,聖祈,聖季,聖紀,聖規,聖記,聖貴,聖輝,聖己,聖樹,聖城,誠喜,誠基,誠希,誠毅,誠紀,誠規,誠記,誠貴,誠輝,誠樹,誠生,誓紀,青樹,青城,静樹,靖己
せいきち,seikichi,成吉,政吉,晴吉,清吉,盛吉
せいぎ,seigi,正義,静宜
せいくろう,seikurou,征久郎
せいけん,seiken,誠健
せいげん,seigen,清源,青玄
せいこう,seikou,勢康,征宏,成興,成浩,成耕,政宏,政行,正興,正幸,正高,清光,清孝,清幸,清浩,精孝,聖好,聖幸,聖更,聖紘,誠功,誠孝,誠幸,誠広,靖鉱
せいご,seigo,征吾,成悟,正五,正吾,聖吾,誠吾,誠悟
せいごう,seigou,勢剛,征剛,成剛,政剛,正剛,清剛,清豪,精豪,聖剛,聖豪,誠剛
せいさく,seisaku,清作,盛作,精作,誠作
せいざぶろう,seizaburou,正三郎,清三郎
せいし,seishi,征史,聖嗣,聖志,誠司,誠史,誠士,誠志,誠至,誠之,誓史,青史,青志
せいしち,seishichi,清七
せいしゅう,seishu,成宗,成秀
せいしょう,seishou,聖将,誠祥,静蕉
せいしろう,seishirou,征史朗,征史郎,征四郎,征志郎,政四郎,星四朗,清司郎,清志郎,生史朗,盛司郎,聖四郎,聖志郎,誠史郎,誠士郎,誠志朗,誠志郎,誠之郎,誓史郎,青士郎,青志郎,静志朗
せいしん,seishin,聖晋
せいじ,seiji,省次,省治,省二,城司,世司,世次,世治,世爾,世二,制治,勢司,勢士,勢至,勢児,勢次,勢治,勢二,征司,征史,征嗣,征士,征志,征児,征次,征治,征爾,征二,征路,成司,成史,成志,成児,成次,成治,成示,成是,成二,政司,政士,政志,政児,政次,政滋,政二,整司,整治,整二,星児,星次,星滋,星治,星示,晴司,晴嗣,晴志,晴次,晴治,晴二,正司,正史,正嗣,正詩,正児,正次,正滋,正治,正爾,正示,正二,正弐,清司,清嗣,清士,清児,清次,清治,清仁,清二,清之,盛司,盛史,盛志,盛児,盛次,盛治,盛二,精司,精次,精治,精二,聖司,聖史,聖士,聖志,聖氏,聖児,聖慈,聖次,聖治,聖爾,聖璽,聖仁,聖二,聖之,聖路,聖兒,西次,誠司,誠史,誠嗣,誠士,誠志,誠至,誠詞,誠児,誠慈,誠時,誠次,誠治,誠爾,誠自,誠仁,誠智,誠鎮,誠二,誠之,誓司,誓次,誓治,誓二,青司,青史,青嗣,青志,青児,青次,青爾,青磁,青路,静司,静治,静二,静冶,斉司,斉史,斉治,斉二,斉之,靖司,靖史,靖嗣,靖士,靖治,靖二,靜史
せいじゅうろう,seijurou,清十郎
せいじゅん,seijun,成順,政順,正淳,正純,正順,清准,清純,清順,聖純,青純,静純
せいじろう,seijirou,征次郎,征二郎,成二郎,政二郎,整次郎,星二郎,晴二朗,晴二郎,正治郎,清次郎,清治郎,清二郎,生次郎,盛次郎,盛二郎,精次郎,聖嗣朗,聖次朗,聖治郎,聖二郎,誠志郎,誠慈郎,誠次朗,誠次郎,誠治郎,誠二郎,静二郎,靖二郎
せいすけ,seisuke,征祐,成介,成典,成祐,整典,星介,星恭,星佑,晴亮,正介,清介,清祐,清亮,生祐,盛介,精佐,聖介,聖弐,聖輔,誠介,誠典,誠佑,誠祐,誠亮,靖介
せいぞう,seizou,省三,世蔵,征三,成三,成造,晴三,正三,清三,清蔵,清造,精三,精蔵,精造,聖三,聖造,誠三,誠蔵,誠造,静三,斉造,靖三
せいた,seita,世太,勢太,征太,成太,星太,晴太,正太,清太,盛太,聖太,誠太
せいたろう,seitarou,済太郎,晶太郎,世太郎,世大郎,勢太郎,征太朗,征太郎,成太朗,成太郎,政太郎,星太郎,晴太郎,正太郎,清多郎,清太朗,清太郎,盛太郎,聖太朗,聖太郎,誠太朗,誠太郎,青太郎,靖太郎
せいだい,seidai,征大,聖大
せいてつ,seitetsu,成哲
せいと,seito,星斗,星都,聖人,聖斗
せいどう,seidou,勢堂,正道,青童
せいのしん,seinoshin,誠之進
せいのすけ,seinosuke,征之介,成之助,晴ノ介,正之介,清之輔,誠之介,誠之助
せいへい,seihei,誠平
せいま,seima,勢馬,成摩,星馬,清馬,静麻
せいめい,seimei,聖明
せいや,seiya,晶也,世哉,世也,勢也,勢矢,征哉,征八,征也,征矢,成哉,成也,成耶,成弥,政哉,政弥,整哉,星哉,星彩,星也,星弥,星矢,晴哉,晴也,晴弥,正哉,正也,正矢,清哉,清也,清矢,盛也,精也,聖哉,聖世,聖也,聖弥,聖矢,誠哉,誠八,誠也,誠弥,誠矢,誠彌,誓也,青哉,青椰,静哉,静也,斉也,靖哉,靖也,靖弥,晟也
せいゆう,seiyu,誠悠
せいりゅう,seiryu,清龍,聖隆,青竜
せいろう,seirou,青浪
せかい,sekai,世界
せきと,sekito,碩人
せつお,setsuo,節生,節男,節夫,節雄
せつみ,setsumi,節実
せつや,setsuya,勢津也,摂也,節哉,節也,攝也
せん,sen,宣,銑
せんいち,senichi,仙一,泉一,銑一
せんいちろう,senichirou,仙一郎
せんえい,senei,先穎,千詠,扇永
せんき,senki,泉紀
せんきち,senkichi,仙吉
せんしゅう,senshu,千秋
せんしん,senshin,宣蓁
せんじ,senji,仙治,千嗣,千次,千治,千二,宣司,宣次,宣治,専治,扇治
せんじろう,senjirou,千二朗
せんじん,senjin,千尋
せんすけ,sensuke,扇介
せんぞう,senzou,泉三
せんた,senta,千太,泉太
せんたろう,sentarou,仙太郎,千太郎,專太郎
せんと,sento,仙人,千翔
せんのすけ,sennosuke,仙之介,仙之祐
せんひこ,senhiko,千彦
せんや,senya,仙弥,千弥,泉哉
せんり,senri,千利,千里
ぜろ,zero,零
ぜん,zen,善,然
ぜんいち,zenichi,善一,善市
ぜんいちろう,zenichirou,善一朗,善一郎
ぜんが,zenga,然河
ぜんき,zenki,善貴
ぜんきち,zenkichi,善吉
ぜんこう,zenkou,善行
ぜんご,zengo,善伍,漸悟
ぜんごろう,zengorou,善五郎
ぜんさく,zensaku,善作,全作
ぜんざぶろう,zenzaburou,善三郎
ぜんしちろう,zenshichirou,善七郎
ぜんしろう,zenshirou,善志郎
ぜんじ,zenji,善司,善志,善児,善次,善治,善自,善二
ぜんじろう,zenjirou,善次郎,善治郎,善二郎,全次郎
ぜんすけ,zensuke,善介
ぜんせい,zensei,善盛
ぜんぞう,zenzou,善三
ぜんた,zenta,善太,善大,全太
ぜんたろう,zentarou,善太郎,然太郎
ぜんのすけ,zennosuke,善之助
ぜんぺい,zempei,善平,膳平
ぜんめい,zenmei,善明
ぜんや,zenya,善哉,善也,善弥
ぜんゆう,zenyu,善祐
そう,sou,宗,創,壮,奏,爽,惣,想,聡,荘,蒼,漱,總,聰,颯
そういち,souichi,宗一,宗市,創一,壮一,壮市,奏一,惣一,惣市,操一,曹一,相一,総一,聡一,草一,荘一,壯一,聰一
そういちろう,souichirou,桑一郎,宗一朗,宗一郎,創一朗,創一郎,双一郎,壮一朗,壮一郎,奏一朗,奏一郎,爽一朗,惣一朗,惣一郎,想一郎,総一朗,総一郎,綜一郎,聡一朗,聡一郎,草一郎,荘一朗,荘一郎,壯一朗,壯一郎,漱一郎,聰一郎,莊一郎,颯一朗
そうえつ,souetsu,壮悦
そうかん,soukan,宗翰
そうき,souki,奏希
そうきち,soukichi,宗吉,壮吉,惣吉,荘吉
そうきちろう,soukichirou,蒼吉郎
そうげん,sougen,蒼玄
そうご,sougo,宗吾,宗悟,創吾,創悟,壮互,壮吾,壮悟,聡吾,聡悟,聰互
そうごろう,sougorou,宗五郎
そうさく,sousaku,宗作,創作,荘作
そうざぶろう,souzaburou,宗三郎,惣三郎,綜三郎,荘三郎
そうし,soushi,宗司,宗史,宗嗣,宗士,宗志,創史,創嗣,創士,創志,創示,倉志,壮司,壮史,壮士,壮志,奏司,奏史,奏志,奏之,惣司,相始,相志,総司,総史,総嗣,総士,総詩,聡司,聡士,聡志,草詩,荘司,荘史,荘士,荘之
そうしゅん,soushun,宗俊
そうしろう,soushirou,創士郎,壮史郎,壮四郎,壮志朗,壮志郎,惣士郎
そうじ,souji,宗司,宗嗣,宗次,宗治,宗二,曽治,創児,創滋,創治,創仁,創地,創路,壮史,壮志,壮児,壮治,壮二,爽児,惣次,惣治,惣二,操治,操二,総司,総二,聡司,聡士,聡治,聡二,草慈,草人,荘司,荘次,荘爾,荘二,蒼二,壯司,壯次,奘司
そうじゅ,souju,聡樹
そうじろう,soujirou,宗司郎,宗次朗,宗次郎,宗二郎,壮次郎,壮二郎,総治郎,総二郎,聡司朗,聡次郎,聡二郎,荘次郎
そうすけ,sousuke,宗右,宗介,宗佐,宗助,宗将,宗典,宗輔,宗佑,宗祐,宗亮,庄亮,創介,創輔,壮右,壮介,壮助,壮輔,壮佑,壮祐,壮亮,奏介,惣介,相祐,総介,総輔,綜輔,聡介,聡輔,聡佑,草介,草助,草祐,荘介,荘助,蒼介,蒼祐,漱祐,颯介
そうせき,souseki,聡石,漱石
そうぞう,souzou,聡造
そうた,souta,宗太,宗汰,宗大,創太,創大,倉太,壮太,壮大,奏太,奏汰,爽太,惣太,想太,相太,総太,綜太,聡太,聡大,草多,草太,荘太,蒼太,蒼汰,蒼大,走太,湊太,壯太,颯太,颯汰
そうたろう,soutarou,宗多朗,宗太朗,宗太郎,創太郎,壮太郎,奏太郎,惣太郎,想太朗,早太郎,総太郎,聡多郎,聡太朗,聡太郎,草太郎,荘太郎,颯太朗
そうだい,soudai,壮大,荘大
そうと,souto,創人
そうのすけ,sounosuke,宗之介,宗之助,創之介,創之助,壮之介,惣之助,聡之介,草之輔,荘之介,荘之助
そうはち,souhachi,壮八,荘八
そうはちろう,souhachirou,宗八郎
そうへい,souhei,宗平,宗柄,創平,倉平,壮平,惣平,想平,曹平,総平,聡兵,聡平,草平,荘平,蒼平,莊平,颯平
そうま,souma,宗真,宗馬,宗摩,宗磨,創馬,壮真,壮馬,壮磨,壮麻,総真,綜馬,聡真,聡馬,聡磨,草馬,蒼真,蒼馬,走馬,霜馬,颯真,颯馬
そうや,souya,宗哉,宗也,創哉,創也,壮也,壮矢,奏也,爽也,聡哉,聡也,荘也,漱也,颯哉,颯也,颯野
そのあき,sonoaki,園明
そのふみ,sonofumi,園文
そのまさ,sonomasa,園昌
そのや,sonoya,園也
そら,sora,宇宙,空,空良,素羅,奏斗,宙,天,日天,碧空
そらち,sorachi,空知
そらと,sorato,宇人,空人
ぞう,zou,象
たい,tai,泰
たいいち,taichi,泰一
たいいちろう,taichirou,耐一郎,泰一朗,泰一郎,大一郎
たいかい,taikai,大海
たいが,taiga,太河,太雅,泰我,泰雅,大河,大我,大賀,大雅,大神,大峩
たいき,taiki,太基,太希,太毅,太稀,太紀,太規,太記,太貴,太起,太輝,太樹,泰喜,泰器,泰基,泰希,泰毅,泰季,泰紀,泰規,泰貴,泰起,泰輝,泰己,泰樹,泰生,大喜,大器,大基,大希,大揮,大毅,大気,大季,大紀,大記,大貴,大起,大輝,大騎,大己,大至,大樹,大生,大暉
たいぎ,taigi,大義
たいこ,taiko,大湖
たいこう,taikou,大航
たいご,taigo,大悟
たいさく,taisaku,太作,泰作,大作
たいさぶろう,taisaburou,鯛三郎
たいざん,taizan,泰山
たいし,taishi,太史,太士,太詩,泰史,泰士,大嗣,大士,大志,大詞
たいしゅう,taishu,大周
たいしょう,taishou,大翔
たいしろう,taishirou,太史郎,泰司朗,泰士朗,泰志朗,大志朗,大志郎
たいしん,taishin,太信,大進
たいじ,taiji,太司,太史,太嗣,太志,太児,太次,太治,太爾,太仁,太二,耐治,泰司,泰史,泰嗣,泰士,泰志,泰至,泰児,泰慈,泰次,泰治,泰樹,泰二,泰路,退二,鯛二,大司,大士,大志,大詞,大侍,大治,大樹,大地,大冶,大路
たいじゅ,taiju,太樹,大樹
たいじろう,taijirou,太二郎,泰次郎,泰治郎,泰二郎
たいすけ,taisuke,太右,太介,太資,太典,太補,太輔,太佑,太祐,太亮,泰育,泰右,泰央,泰介,泰哉,泰資,泰助,泰典,泰之,泰伴,泰甫,泰輔,泰佑,泰祐,泰裕,泰亮,退助,鯛介,大介,大幹,大資,大助,大輔,大祐,大亮
たいせい,taisei,太成,太政,太星,太生,太盛,太誠,汰世,耐誠,泰世,泰征,泰成,泰正,泰生,泰盛,泰聖,泰誠,泰誓,泰靖,大世,大成,大星,大晴,大生,大聖,大誠,大静,大靖,大晟
たいそん,taison,太尊,大尊
たいぞう,taizou,太三,太蔵,太造,泰三,泰蔵,泰造,泰藏,退三,退蔵,鯛三,大三,大象,大蔵,大造
たいち,taichi,多一,太一,太壱,太市,太地,汰一,汰治,泰一,泰治,泰千,泰知,泰地,大一,大市,大知,大地,大智
たいちろう,taichirou,多一郎,太一朗,太一郎,太地郎,泰一朗,泰一郎,大一郎,大知郎,大智郎
たいと,taito,太斗,泰人,泰斗,泰登,泰飛,大斗
たいどう,taidou,大道
たいへい,taihei,太平,泰平,大平
たいむ,taimu,泰武
たいよう,taiyou,太洋,太陽,泰洋,泰陽,大洋,大陽
たいら,taira,太良,平
たいりく,tairiku,大陸
たいりゅう,tairyu,太隆
たいわ,taiwa,太和
たうん,taun,多運
たか,taka,貴,鷹
たかあき,takaki,右明,宇顕,宇晃,栄晃,岳暁,岳明,岳陽,毅映,毅晃,毅昌,毅聡,毅亮,毅朗,貴右,貴瑛,貴輝,貴暁,貴顕,貴光,貴晃,貴秋,貴将,貴彰,貴昭,貴晶,貴照,貴章,貴聡,貴哲,貴彬,貴明,貴陽,貴亮,貴玲,貴朗,宜昭,宜明,丘彬,享昭,享明,喬秋,喬彰,喬章,喬明,恭彰,恭昭,恭章,尭明,啓彰,啓明,敬瑛,敬暁,敬晃,敬彰,敬昭,敬晶,敬章,敬紹,敬聡,敬哲,敬明,敬亮,兼曜,堅明,賢晃,賢明,賢諒,公明,孝顕,孝光,孝晃,孝秋,孝彰,孝昌,孝昭,孝章,孝成,孝哲,孝彬,孝明,孝亮,孝朗,孝昴,幸明,昂暁,昂明,考晃,考視,考昭,考哲,考明,考亮,考朗,高亨,高暁,高晃,高秋,高彰,高昭,高章,高聡,高暢,高明,高陽,高亮,高朗,高暉,剛彰,剛晶,剛章,剛明,剛朗,豪昭,峻旦,峻彬,尚暁,尚敬,尚晃,尚昭,尚明,昇明,章照,賞明,臣明,崇暁,崇顕,崇晃,崇彰,崇昭,崇晶,崇照,崇章,崇成,崇聡,崇哲,崇明,崇陽,崇亮,崇朗,嵩彬,嵩明,嵩朗,正朗,生明,聖明,誠章,節明,尊昭,尊章,尊明,鷹明,鷹揚,卓昭,卓明,天秋,天章,天明,登昭,登章,登紹,任昭,飛暁,飛明,宝晃,宝明,雄章,誉暁,誉啓,誉昌,誉章,誉明,誉亮,陸彰,隆覚,隆暁,隆啓,隆顕,隆晃,隆秋,隆彰,隆昌,隆昭,隆晶,隆祥,隆章,隆成,隆哲,隆明,隆亮,隆朗,塁陽,和瑛,和晃
たかいえ,takaie,隆家
たかいち,takaichi,貴一,孝一,高一,崇一,崇壱,尊一,誉一,隆一
たかいちろう,takaichirou,宝一郎,隆一郎
たかうじ,takauji,尊氏
たかえ,takae,貴映,貴瑛,隆栄,隆枝
たかお,takao,威郎,宇央,宇生,岳央,岳生,岳男,岳夫,岳雄,希生,毅夫,毅朗,貴央,貴王,貴織,貴生,貴大,貴男,貴夫,貴勇,貴雄,貴朗,貴郎,貴奧,宜生,丘勇,及雄,享男,享郎,京夫,喬央,喬生,喬男,喬夫,喬雄,喬郎,恭男,教夫,尭生,暁生,啓生,啓夫,啓雄,啓郎,敬生,敬夫,敬雄,敬朗,敬郎,健雄,賢男,賢穂,賢雄,賢郎,孝央,孝王,孝生,孝男,孝夫,孝勇,孝雄,孝朗,孝郎,昂雄,考生,考男,考雄,高央,高生,高大,高男,高夫,高穂,高雄,高郎,剛央,剛士,剛生,剛男,剛雄,峻夫,尚央,尚生,尚男,尚夫,尚雄,尚郎,崇央,崇応,崇生,崇男,崇夫,崇雄,崇朗,崇郎,嵩央,嵩夫,嵩雄,宣郎,専央,尊央,尊生,尊男,尊朗,尊郎,多佳雄,多加生,多加夫,多加雄,多加郎,多可緒,多嘉夫,多嘉朗,多賀夫,多賀雄,太佳生,太加男,太加夫,太加雄,太嘉男,太賀生,太快雄,太夫,太雄,大生,鷹雄,卓央,卓生,卓男,卓夫,卓雄,天夫,天郎,田佳雄,田加夫,奉生,峰雄,雄生,雄大,誉央,誉緒,誉生,誉男,誉夫,誉雄,誉朗,誉郎,隆威,隆央,隆元,隆緒,隆生,隆青,隆男,隆夫,隆勇,隆雄,隆朗,隆郎,祟夫,翔生,堯夫
たかおき,takaoki,宇宙,貴設,敬隆,賢典,孝興,尚興,崇起,卓興,隆沖,隆起,隆興
たかおみ,takaomi,貴臣,敬臣,功臣,孝臣,考臣,高臣,剛臣,尚臣,崇臣,尊臣,隆臣
たかかず,takakazu,貴一,貴和,恭一,尭一,敬和,孝一,孝員,孝和,高一,高量,高和,尊一,尊和,卓一,隆一,隆和,和重
たかかつ,takakatsu,貴克,高功,崇且,崇克,崇勝,隆克
たかき,takaki,毅哉,貴希,貴紀,貴己,貴樹,喬貴,敬規,孝貴,孝樹,昂希,高貴,豪輝,崇希,崇揮,崇気,太紀,天希,誉樹,隆輝,隆之
たかきよ,takakiyo,貴清,孝清,高清,尚澄,隆清
たかくに,takakuni,孝州,孝邦,高邦,崇国
たかさだ,takasada,隆定
たかさと,takasato,孝諭
たかし,takashi,偉,郁,宇,宇史,宇士,宇志,栄司,栄志,永,延史,延之,央,介士,格,学司,学史,学士,学志,岳,岳海,岳司,岳史,岳士,岳志,岳之,寛,幹,岐,毅,毅司,毅史,毅士,毅志,毅至,毅純,貴,貴使,貴司,貴史,貴嗣,貴士,貴志,貴支,貴氏,貴至,貴視,貴詞,貴詩,貴資,貴守,貴寿,貴信,貴是,貴之,貴巳,貴洙,宜司,宜史,宜士,宜志,宜至,丘,丘史,挙司,挙史,挙志,享,享伺,享司,享史,享嗣,享士,享志,京,京士,喬,喬司,喬史,喬嗣,喬士,喬志,喬視,喬誌,喬之,恭,恭司,恭史,恭嗣,恭士,恭志,恭資,教,教司,教嗣,教詩,教之,橋司,興,仰,仰仕,尭,尭司,尭史,尭志,尭至,暁志,空,空司,啓,啓司,啓史,啓志,啓之,圭,圭司,敬,敬佳,敬司,敬史,敬嗣,敬士,敬志,敬至,敬視,敬資,敬之,経司,傑,傑士,健,健圭志,健史,憲,謙,賢,賢史,賢士,賢志,顕史,厳志,玄,誇,公,公司,公史,公士,公師,公志,功樹,好志,孝,孝司,孝史,孝嗣,孝士,孝始,孝志,孝支,孝旨,孝氏,孝至,孝詩,孝誌,孝資,孝実,孝守,孝充,孝俊,孝壮,孝之,幸司,幸史,幸志,昂,昂司,昂史,昂士,昂志,晃,晃司,浩史,稿士,考,考司,考史,考士,考志,考示,考優,行志,貢志,高,高司,高史,高嗣,高士,高志,高至,高視,高詞,高詩,高誌,高資,高滋,高之,高巳,高吏,剛,剛司,剛史,剛嗣,剛士,剛志,剛誌,剛慈,豪,山,史,史上,志,資士,樹,宗,宗之,充,俊,俊士,俊至,峻,峻司,峻史,峻士,峻志,駿,駿志,勝士,勝巳,唱,将,将志,尚,尚司,尚史,尚嗣,尚士,尚志,尚資,尚治,尚之,昇史,梢嗣,渉,章史,章士,賞,臣司,臣志,臣壮,仁,仁詞,崇,崇司,崇史,崇嗣,崇士,崇志,崇支,崇氏,崇至,崇視,崇詞,崇詩,崇誌,崇資,崇大,崇之,崇吏,嵩,嵩史,嵩士,嵩志,嵩至,嵩詞,生司,生士,盛,聖,聖史,聖士,聖志,節,節史,節之,仙,宣司,創史,壮,想,聡,尊,尊梓,尊伺,尊司,尊史,尊嗣,尊士,尊志,尊氏,尊之,多佳史,多佳志,多加司,多加士,多加志,多可史,多可志,多賀司,多賀史,多賀志,多彼志,太加司,太加志,太可士,太嘉志,太志,大,大香士,大志,鷹司,鷹志,卓,卓司,卓史,卓嗣,卓士,卓志,卓思,卓資,卓之,拓志,琢史,直,哲司,哲史,哲士,天,天司,天史,天士,天志,田佳士,登司,登史,登嗣,登志,堂司,堂史,任,任史,任志,能史,能士,隼史,隼至,飛,飛史,飛志,標,宝史,宝志,宝之,峰,峰司,峰史,峰士,峰志,方志,豊史,猛司,冶,勇志,雄,雄司,雄史,雄志,誉,誉梓,誉司,誉史,誉士,誉志,誉識,誉之,容,陽史,陽士,陽志,理,理史,陸,立,隆,隆伺,隆司,隆史,隆嗣,隆士,隆市,隆師,隆志,隆氏,隆至,隆詩,隆誌,隆資,隆次,隆而,隆主,隆臣,隆二,隆之,隆吏,龍,亮,良知,陵,和,和司,和史,和志,亘,嶮,巍,敞,翔,堯
たかしげ,takashige,貴滋,貴秀,貴重,貴成,貴繁,貴茂,享成,享誠,喬成,敬茂,孝樹,孝重,孝繁,孝茂,高重,高成,高繁,高茂,剛成,尚茂,崇成,崇繁,太加茂,太茂,天誉,隆重,隆成,隆篤,隆繁,隆茂
たかじ,takaji,貴次,敬治,孝司,孝慈,孝時,孝次,孝治,孝二,高路,剛史,剛二,哲二,隆司,隆次,隆治,隆二
たかじろう,takajirou,孝次郎,誉二朗
たかすけ,takasuke,貴介,宜佐,享祐,孝介,高輔,崇介,太加介,天佑,雄介,隆典,隆輔,祟介,魏右
たかすみ,takasumi,貴好,貴純,貴澄,貴清,敬済,敬純,孝賢,孝純,孝澄,高澄,豪純,崇有,誉清,隆済,隆純
たかずみ,takazumi,宇澄,貴純,敬済,敬純,孝純,昂純,高純,尚純,崇純,崇澄,嵩純,太紀,登玄,峰澄,隆純
たかせ,takase,孝世,高世,崇世
たかたろう,takatarou,貴太郎,孝太郎,高太郎
たかちか,takachika,孝親,高央,剛愛,崇史
たかつぎ,takatsugi,隆継
たかつぐ,takatsugu,学嗣,貴継,貴司,貴嗣,貴次,貴紹,貴詔,喬嗣,恭嗣,敬継,敬嗣,敬紹,孝継,孝司,孝嗣,孝次,高嗣,高次,剛嗣,峻嗣,尚胤,章次,崇胤,崇及,崇継,崇嗣,崇次,崇紹,尊嗣,天胤,能嗣,隆嗣,隆次,隆世
たかつな,takatsuna,孝綱,高綱,充綱
たかつね,takatsune,貴恒,孝恒,孝常,高恒,隆経
たかてる,takateru,宇晃,貴映,貴英,貴輝,貴光,貴照,好晃,孝輝,幸輝,考輝,高輝,高照,高耀,峻輝,尚照,上照,崇輝,鷹輝,堂照,誉旭,誉輝,隆輝,隆照
たかと,takato,岳人,貴人,貴仁,貴斗,貴登,貴都,貴翔,丘人,享人,敬人,賢人,孝人,孝斗,孝登,孝門,昂士,昂人,考人,高人,高登,峻人,峻斗,駿斗,尚人,尚登,崇人,崇斗,崇登,嵩人,嵩都,鷹登,卓登,天斗,峰人,峰登,雄人,誉人,隆人
たかとう,takatou,隆任
たかとく,takatoku,貴徳
たかとし,takatoshi,位祥,宇俊,学聡,毅俊,貴鋭,貴紀,貴敬,貴寿,貴俊,貴峻,貴駿,貴世,貴聡,貴智,貴年,貴敏,貴稔,貴利,貴齢,貴和,貴壽,宜宗,宜利,享俊,享稔,享利,教稔,啓敏,圭利,敬俊,敬敏,賢寿,孝季,孝均,孝寿,孝俊,孝世,孝聡,孝智,孝敏,孝稔,孝利,昂甫,考利,高鋭,高資,高寿,高俊,高敏,高稔,高明,高利,剛寿,剛俊,剛仁,豪念,爵世,充智,尚俊,尚稔,崇暁,崇寿,崇俊,崇準,崇章,崇聡,崇智,崇敏,崇稔,崇利,嵩淳,尊聡,太俊,卓英,卓寿,卓俊,卓聡,卓利,登敏,能敏,峰紀,万世,雄俊,誉寿,誉俊,隆鋭,隆紀,隆訓,隆寿,隆俊,隆仁,隆世,隆聖,隆聡,隆敏,隆稔,隆利,隆壽,應要
たかとみ,takatomi,貴臣,貴富,孝富,高富,高冨,尊福,隆富
たかとも,takatomo,岳友,貴智,貴朝,貴朋,貴友,尭友,啓友,孝具,孝知,孝智,孝友,孝有,尚朋,崇智,崇朝,崇文,崇睦,崇友,嵩智,尊友,卓那,峰朋,万友,隆丈,隆知,隆智,隆朋,隆末,隆友
たかとよ,takatoyo,貴豊,隆豊
たかとら,takatora,貴虎,高虎,剛虎
たかなお,takanao,位直,貴尚,貴直,恭直,敬直,孝尚,孝真,孝直,高尚,高直,剛巨,崇尚,崇直,卓修,卓直,隆尚,隆真,隆直,和修
たかなが,takanaga,孝長
たかなり,takanari,宇成,学成,貴就,貴成,貴也,巨也,恭令,敬也,賢成,孝慈,孝成,孝也,高成,高斉,剛成,尚成,崇詞,崇成,崇也,尊成,鷹成,天也,登成,隆就,隆成,隆生,隆也
たかのしん,takanoshin,高之進
たかのすけ,takanosuke,貴之介,甚之介,鷹之介
たかのぶ,takanobu,一修,一暢,岳暢,岳展,貴延,貴喜,貴順,貴将,貴伸,貴信,貴申,貴進,貴宣,貴暢,貴敦,貴靖,貴庸,貴亘,宜伸,享伸,恭史,教信,尭正,啓伸,圭信,敬喜,敬信,敬誠,敬展,賢伸,好伸,孝允,孝延,孝史,孝修,孝将,孝伸,孝信,孝宣,孝暢,孝庸,孝收,考将,考伸,考信,考宣,考総,高延,高伸,高信,高宣,高庸,剛恒,剛伸,剛信,尚伸,尚宣,尚敦,臣将,崇伸,崇信,崇誠,崇宣,崇暢,崇亘,尊信,尊宣,太信,鷹信,卓延,卓信,卓総,卓展,天伸,天信,天宣,堂献,宝誠,宝宣,誉伸,隆允,隆喜,隆伸,隆信,隆進,隆正,隆宣,隆暢,隆展,隆靖,隆庸,隆亘
たかのり,takanori,位悟,威則,威智,宇紀,栄憲,栄成,栄典,栄徳,延学,苑菁,学則,学伯,毅規,毅至,毅昇,毅則,貴賀,貴格,貴紀,貴規,貴記,貴宜,貴義,貴教,貴斤,貴訓,貴敬,貴憲,貴謙,貴功,貴詞,貴式,貴章,貴慎,貴臣,貴仁,貴成,貴生,貴宣,貴則,貴智,貴稚,貴勅,貴哲,貴典,貴展,貴土,貴統,貴徳,貴之,貴伯,貴範,貴文,貴法,貴命,貴優,貴誉,貴倫,貴令,宜永,宜紀,宜功,宜則,宜典,享紀,享典,享法,享誉,京憲,京典,喬規,喬則,喬典,喬範,恭敬,恭範,教勤,教宣,教徳,教範,尭憲,啓謹,啓敬,啓修,啓生,啓典,啓徳,圭哲,敬基,敬紀,敬規,敬訓,敬憲,敬臣,敬宣,敬則,敬典,敬徳,敬倫,兼義,賢紀,賢憲,賢則,賢知,賢範,賢文,顕法,公紀,公則,公徳,功典,孝格,孝基,孝紀,孝規,孝記,孝貴,孝宜,孝教,孝矩,孝訓,孝憲,孝公,孝功,孝周,孝順,孝昇,孝慎,孝仁,孝宣,孝側,孝則,孝知,孝哲,孝典,孝展,孝得,孝徳,孝任,孝範,孝文,孝法,孝明,孝庸,孝了,孝倫,孝礼,幸納,昂宗,昂典,考紀,考規,考憲,考識,考徳,考範,香智,高紀,高規,高宜,高義,高教,高訓,高慶,高敬,高憲,高謙,高功,高仙,高宣,高則,高典,高得,高徳,高範,剛寛,剛基,剛紀,剛規,剛史,剛成,剛典,剛徳,剛範,峻規,峻典,尚意,尚紀,尚規,尚憲,尚功,尚史,尚則,尚智,尚哲,尚典,尚徳,尚範,尚法,尚倫,臣憲,崇永,崇紀,崇規,崇記,崇宜,崇恭,崇教,崇謹,崇訓,崇敬,崇経,崇憲,崇悟,崇功,崇考,崇識,崇章,崇仁,崇成,崇宣,崇則,崇智,崇朝,崇哲,崇典,崇統,崇徳,崇能,崇伯,崇範,崇文,崇倫,崇礼,嵩典,嵩法,正雅,正典,節規,宣紀,尊紀,尊議,尊教,尊憲,尊功,尊式,尊政,尊宣,尊則,尊徳,尊範,尊法,太基,太紀,太誉,大悟,鷹憲,卓紀,卓憲,卓謙,卓功,卓周,卓宣,卓典,卓徳,卓範,卓明,琢紀,琢理,男康,哲宜,天紀,登工,平典,峰紀,峰規,峰憲,峰伯,雄紀,誉紀,誉憲,誉典,誉明,理紀,理悟,理文,陸紀,隆紀,隆規,隆儀,隆宜,隆義,隆巨,隆教,隆訓,隆慶,隆経,隆憲,隆功,隆考,隆順,隆慎,隆成,隆仙,隆宣,隆則,隆智,隆哲,隆典,隆徳,隆伯,隆範,隆法,隆誉,隆律,隆倫,良憲,楼徳,和徳,翔矩
たかはちろう,takahachirou,尊八朗
たかはる,takaharu,学治,岳晴,岳東,貴玄,貴治,貴春,貴晴,貴大,貴冶,貴陽,貴令,宜治,喬治,恭治,教晴,敬治,敬晴,孝温,孝元,孝治,孝春,孝晴,孝陽,幸大,昂治,考治,高治,高春,高晴,剛治,剛冶,尚温,尚治,臣玄,崇栄,崇元,崇玄,崇治,崇春,崇晴,崇立,聖晴,尊治,尊春,多加晴,太治,鷹治,卓治,天晴,堂晴,飛流,誉治,陽晴,陽大,隆温,隆元,隆治,隆春,隆晴
たかひこ,takahiko,宇彦,学彦,岳彦,毅彦,貴日呼,貴彦,宜彦,匡彦,喬彦,恭彦,尭彦,啓彦,敬彦,賢彦,公彦,孝比古,孝彦,昂比古,高彦,剛彦,豪彦,俊彦,峻彦,尚彦,崇人,崇彦,誠彦,尊彦,多賀彦,太彦,泰加彦,大佳彦,卓彦,天彦,登彦,統彦,隼彦,峯彦,誉彦,陽彦,隆弘,隆比古,隆彦,眞彦,翔彦
たかひさ,takahisa,宇央,宇久,岳央,岳久,岳寿,毅久,貴永,貴央,貴久,貴向,貴恒,貴史,貴寿,貴尚,宜永,喬久,恭久,尭央,尭久,敬央,敬久,敬寿,敬尚,賢永,公寿,孝永,孝久,孝寿,孝尚,孝文,孝弥,幸久,昂永,昂央,高永,高央,高久,高寿,高尚,剛久,豪久,尚央,尚久,尚寿,崇永,崇央,崇久,崇恭,崇寿,崇尚,嵩久,聖久,聖尚,誠寿,宣久,尊久,尊寿,鷹寿,卓央,卓久,哲久,天永,天悠,登久,任央,能久,誉久,隆永,隆央,隆久,隆寿,隆尚,隆壽,和央
たかひで,takahide,宇英,岳英,貴栄,貴英,貴嗣,貴秀,享英,尭英,尭秀,敬英,敬秀,賢英,賢秀,孝英,孝次,孝秀,昂英,昂嗣,昂秀,考秀,高英,高嗣,高秀,剛英,剛秀,爵秀,峻秀,尚英,尚次,尚秀,章秀,臣秀,崇英,崇秀,尊秀,卓英,卓秀,峰秀,誉英,陽紀,隆栄,隆英,隆秀,堯英
たかひと,takahito,威人,一仁,宇人,宇仁,栄仁,学仁,岳人,岳仁,毅人,毅仁,貴一,貴史,貴人,貴仁,貴大,貴倫,宜史,享人,喬仁,尭人,啓人,圭人,敬人,敬仁,賢人,賢仁,孝侍,孝人,孝仁,耕人,考人,高史,高人,高仁,剛一,剛士,剛人,剛仁,剛兵,社史,峻人,尚史,尚人,尚仁,崇,崇公,崇史,崇人,崇仁,嵩人,嵩仁,聖士,聖仁,節人,尊人,尊仁,大人,卓人,卓仁,奉仁,有希,誉人,誉仁,隆人,隆仁,堯人
たかひら,takahira,貴平,孝啓,孝拓,高衡,高平,崇平
たかひろ,takahiro,一太,宇啓,宇広,宇弘,宇浩,宇紘,宇大,宇宙,宇博,宇裕,宇洋,栄弘,栄浩,栄裕,栄洋,閣啓,学宏,学浩,岳央,岳寛,岳宏,岳弘,岳大,岳博,岳裕,岳洋,岳陽,岳廣,毅宏,毅弘,毅浩,毅大,毅洋,貴央,貴嘉,貴寛,貴毅,貴久,貴啓,貴敬,貴光,貴公,貴孔,貴宏,貴広,貴弘,貴浩,貴紘,貴史,貴俊,貴丈,貴尋,貴壮,貴太,貴泰,貴代,貴大,貴拓,貴宙,貴兆,貴天,貴徳,貴博,貴比呂,貴普,貴明,貴悠,貴祐,貴裕,貴洋,貴陽,貴玲,貴礼,貴廣,亀弘,宜拡,宜寛,宜宏,宜広,宜弘,宜浩,宜大,宜裕,丘広,丘浩,丘都,丘博,挙大,挙裕,享宏,享弘,享浩,享紘,享泰,享洋,享廣,京大,喬寛,喬啓,喬敬,喬宏,喬広,喬弘,喬浩,喬紘,喬大,喬博,喬裕,喬廣,恭宏,恭弘,恭大,恭博,恭裕,恭洋,教央,教簡,教弘,教紘,教博,尭宏,尭広,尭弘,尭大,尭博,暁洋,啓央,啓嘉,啓寛,啓玄,啓宏,啓浩,啓大,啓裕,圭宏,圭博,敬寛,敬宏,敬広,敬弘,敬浩,敬紘,敬大,敬拓,敬哲,敬博,敬祐,敬裕,敬洋,健広,賢啓,賢宏,賢広,賢弘,賢紘,賢大,賢博,賢洋,顕宏,顕広,顕博,顕陽,玄大,公宏,公弘,公博,功啓,功浩,好弘,孝央,孝拡,孝寛,孝啓,孝公,孝宏,孝広,孝弘,孝浩,孝紘,孝寿,孝宗,孝仁,孝泰,孝大,孝拓,孝宙,孝典,孝博,孝彦,孝明,孝祐,孝裕,孝容,孝洋,孝廣,宏孝,幸宏,幸広,幸弘,幸裕,昂央,昂宏,昂広,昂弘,昂浩,昂紘,昂大,昂博,昂洋,考寛,考啓,考宏,考広,考弘,考浩,考衡,考大,考拓,考博,考優,考裕,考洋,貢大,香宏,高央,高拡,高寛,高巨,高啓,高宏,高広,高弘,高浩,高紘,高充,高太,高大,高博,高明,高祐,高裕,高洋,高廣,剛央,剛寛,剛啓,剛宏,剛広,剛弘,剛浩,剛丈,剛大,剛拓,剛裕,剛洋,資展,宗洋,峻宏,峻広,峻大,峻拓,将浩,尚寛,尚宏,尚広,尚弘,尚浩,尚泰,尚大,尚典,尚博,尚彦,尚裕,尚容,尚洋,梢宏,称弘,章宏,章弘,章浩,章博,象弘,臣樹,臣洋,崇央,崇拡,崇寛,崇啓,崇圭,崇敬,崇公,崇宏,崇広,崇弘,崇浩,崇紘,崇丈,崇仁,崇尋,崇泰,崇大,崇達,崇博,崇豊,崇佑,崇祐,崇裕,崇洋,崇廣,嵩啓,嵩宏,嵩広,嵩弘,嵩浩,嵩丈,嵩尋,嵩大,嵩博,嵩洋,嵩洸,生泰,聖裕,誠大,節宏,尊宏,尊広,尊弘,尊浩,尊紘,尊泰,尊大,尊博,尊裕,尊洋,尊礼,多加公,太啓,太宏,太浩,太門,太裕,太洋,太陽,大洋,鷹広,鷹博,鷹洋,卓寛,卓宏,卓広,卓弘,卓浩,卓泰,卓大,卓拓,卓博,卓祐,卓裕,卓洋,卓廣,拓宏,琢大,宙汎,哲央,哲宏,哲弘,天広,天弘,天洋,登弘,登浩,登大,堂弘,任宏,任弘,任容,能啓,能弘,隼大,飛寛,飛浩,平寛,宝弘,峰宏,峰弘,峰大,峰弥,峰洋,方厚,茂博,孟宏,孟弘,雄宏,雄大,雄洋,誉拡,誉啓,誉弘,誉浩,誉大,誉博,誉裕,誉洋,陽広,陽大,陽洋,陸大,立裕,隆央,隆寛,隆啓,隆敬,隆景,隆玄,隆公,隆宏,隆広,隆弘,隆浩,隆紘,隆周,隆宗,隆昌,隆祥,隆丈,隆尋,隆太,隆泰,隆大,隆拓,隆博,隆弥,隆祐,隆裕,隆洋,隆良,隆廣,隆皓,隆熙,稜拓,陵広,陵洋,和宏,將央,堯弘,堯博
たかふさ,takafusa,貴房,孝房,高惣,高房,尊房,隆藤,隆房
たかふみ,takafumi,偉文,郁文,宇史,栄史,学史,岳史,岳文,毅史,貴郁,貴記,貴史,貴詞,貴章,貴文,貴吏,宜史,享郁,享史,享文,喬史,喬文,恭郁,恭史,恭文,教史,教文,尭史,啓史,敬史,敬文,健文,兼史,賢史,賢典,賢文,公郁,孝郁,孝史,孝典,孝文,幸文,昂史,考史,香文,高史,高詞,高文,剛史,剛文,豪史,宗史,充史,峻史,尚史,尚文,章文,肖典,上文,崇史,崇章,崇典,崇文,嵩史,嵩文,尊郁,尊史,尊文,太史,太文,鷹郁,鷹史,卓史,卓文,登史,任史,能史,伯史,隼史,峰史,峰文,雄史,誉史,誉典,誉文,陽史,隆央,隆史,隆籍,隆典,隆文,隆吏,隆良,陵文
たかぶみ,takabumi,岳文,貴史,貴文,敬文,孝文,高史,崇文,隆文
たかほ,takaho,貴穂,孝輔,隆保
たかまさ,takamasa,宇正,宇優,央匡,学正,学督,岳誠,貴雅,貴巨,貴匡,貴公,貴勝,貴将,貴昌,貴真,貴征,貴成,貴政,貴正,貴誠,貴全,貴優,貴理,貴將,享正,享聖,恭将,教正,尭允,啓正,敬将,敬昌,敬正,健正,賢正,孝允,孝雅,孝匡,孝旬,孝将,孝尚,孝昌,孝真,孝仁,孝征,孝政,孝正,孝全,孝優,孝和,孝眞,考将,高雅,高将,高昌,高正,剛匡,剛正,剛理,資將,峻昌,駿将,尚昌,尚正,章公,崇応,崇雅,崇匡,崇公,崇将,崇昌,崇晶,崇真,崇征,崇正,崇誠,崇全,誠昌,尊雅,尊将,尊正,尊理,太聖,卓完,卓賢,卓正,茂将,誉将,陽順,隆允,隆応,隆雅,隆匡,隆元,隆公,隆将,隆昌,隆真,隆政,隆正,隆誠,隆優
たかまる,takamaru,高丸
たかまろ,takamaro,貴麿,孝麿,隆麿
たかみち,takamichi,宇宙,学路,岳導,岳道,貴充,貴通,貴途,貴道,貴美智,貴満,貴路,敬通,敬道,孝充,孝通,孝道,孝陸,孝倫,孝迪,考道,高充,高道,高理,高路,剛成,剛道,宗道,峻理,尚道,崇訓,崇行,崇成,崇通,崇道,崇倫,崇路,崇迪,尊道,尊路,鷹典,卓宙,卓倫,誉道,隆運,隆義,隆充,隆通,隆導,隆道,良康
たかみつ,takamitsu,央充,毅充,貴允,貴光,貴三,貴充,貴瑞,貴美津,貴満,丘光,喬充,尭光,敬光,敬充,顕光,公光,孝允,孝光,孝充,孝満,孝褌,高光,高充,高満,剛光,剛充,渉光,上実,崇光,崇充,尊光,尊充,多香光,峰光,峰充,誉三,誉充,容充,陽光,隆円,隆光,隆三,隆充,隆満
たかみね,takamine,孝峰
たかむ,takamu,宇
たかむつ,takamutsu,貴睦,尚睦
たかむね,takamune,貴宗,孝宗,高宗,剛志,尚宗,鷹宗,隆宗,隆心
たかもと,takamoto,敬元,孝基,孝元,崇源,隆基,隆元
たかもり,takamori,貴盛,孝守,孝積,肖壮,尊守,隆守,隆盛
たかや,takaya,宇哉,学也,岳哉,毅哉,毅也,貴哉,貴也,貴耶,貴弥,貴矢,享哉,喬也,喬矢,恭也,尭哉,敬哉,敬士,敬也,賢哉,賢弥,公也,孝哉,孝也,孝弥,孝矢,巧也,幸也,昂也,考哉,考耶,高也,高矢,剛也,剛弥,資也,峻也,駿耶,尚哉,尚也,崇哉,崇也,崇弥,崇矢,嵩哉,嵩也,宣也,尊哉,尊也,多佳哉,多加也,多賀也,太賀哉,太哉,太也,大也,鷹哉,鷹也,鷹耶,鷹弥,鷹矢,卓弥,卓彌,天哉,天也,峰也,誉也,誉耶,陽也,隆哉,隆也,隆弥,隆矢,隆彌,和也
たかやす,takayasu,毅泰,貴安,貴恭,貴康,貴泰,貴保,貴靖,貴裕,享保,享靖,喬康,教靖,敬愛,敬康,孝安,孝育,孝恭,孝康,孝泰,孝保,孝晏,高安,高康,寿保,充穏,充康,崇泰,崇靖,嵩泰,尊康,誉康,誉泰,隆安,隆育,隆康,隆泰,隆寧,隆保,隆靖
たかゆき,takayuki,位之,威是,威之,一如,宇幸,宇行,宇之,央征,央之,学行,学之,岳行,岳志,岳是,岳之,毅亨,毅幸,毅行,毅志,毅征,毅之,季之,貴運,貴介,貴輝,貴亨,貴教,貴敬,貴元,貴孝,貴幸,貴行,貴順,貴升,貴将,貴章,貴進,貴是,貴征,貴雪,貴通,貴徹,貴透,貴如,貴之,貴普,貴歩,貴由,貴由希,貴由紀,貴由樹,貴裕紀,宜之,宜礼,丘行,丘之,巨之,挙之,享起,享敬,享幸,享行,享志,享至,享之,喬行,喬之,恭幸,恭行,恭之,教介,教行,教之,尭之,暁之,啓幸,啓行,啓順,啓之,圭由,敬介,敬幸,敬行,敬章,敬之,健幸,賢幸,賢志,賢征,賢之,賢門,公志,功之,孝往,孝嘉,孝介,孝勧,孝恭,孝虎,孝公,孝幸,孝行,孝志,孝至,孝順,孝将,孝征,孝通,孝到,孝之,孝侑,幸之,攻侑,昂之,考幸,考行,考志,考将,考政,考之,貢行,貢之,高享,高孝,高幸,高行,高主,高順,高将,高章,高征,高雪,高之,高歩,高由,高侑,剛幸,剛行,剛志,剛征,剛之,就之,峻行,峻之,駿幸,駿志,将之,尚幸,尚行,尚志,尚征,尚之,渉之,章行,章之,上之,崇介,崇元,崇公,崇孝,崇幸,崇行,崇志,崇至,崇順,崇将,崇晋,崇征,崇超,崇之,崇門,崇友記,嵩幸,嵩行,嵩征,嵩千,嵩之,嵩侑,生幸,生行,聖行,誠享,誠幸,誠之,節之,尊介,尊幸,尊行,尊之,尊由貴,尊侑,多加幸,太介,鷹幸,鷹之,卓亨,卓幸,卓行,卓志,卓征,卓之,卓由,廷之,哲志,哲之,天元,能章,能之,隼幸,隼斗,隼之,飛幸,普之,峰幸,峰行,峰之,猛之,雄元,雄幸,雄之,誉幸,誉志,誉征,誉之,誉由,誉侑,容幸,陽幸,陽行,陽之,隆運,隆介,隆喜,隆貴,隆亨,隆敬,隆元,隆公,隆幸,隆行,隆志,隆至,隆将,隆晋,隆進,隆是,隆征,隆雪,隆道,隆之,隆普,隆由,祟之
たかよし,takayoshi,央祥,岳儀,旗義,毅宜,毅辰,貴佳,貴嘉,貴喜,貴儀,貴義,貴吉,貴圭,貴慶,貴敬,貴謙,貴功,貴好,貴康,貴克,貴慈,貴淑,貴順,貴祥,貴仁,貴世志,貴宣,貴善,貴代志,貴禎,貴能,貴美,貴芳,貴由,貴祐,貴良,貴良史,宜佳,宜慶,宜由,享慶,享良,喬祥,恭由,教美,啓義,啓秀,慶芳,敬佳,敬嘉,敬喜,敬義,敬吉,敬充,敬祥,敬仁,敬善,敬能,敬美,敬芳,敬祐,敬理,敬良,敬和,賢義,賢孝,賢康,公誉,孝愛,孝允,孝栄,孝悦,孝佳,孝嘉,孝賀,孝喜,孝宜,孝義,孝吉,孝欣,孝圭,孝恵,孝慶,孝敬,孝賢,孝好,孝充,孝純,孝昌,孝祥,孝仁,孝斉,孝宣,孝善,孝能,孝美,孝福,孝芳,孝由,孝誉志,孝頼,孝亮,孝良,幸佳,昂吉,考慶,考好,考充,考美,考由,考与志,考良,高佳,高嘉,高義,高吉,高慶,高敬,高功,高好,高寿,高祥,高美,高芳,高由,高誉,高良,剛可,剛義,剛吉,剛慶,剛好,剛順,剛能,剛由,剛良,峻義,将能,尚佳,尚嘉,尚宜,尚義,尚則,尚芳,尚良,章慶,臣容,崇佳,崇嘉,崇介,崇喜,崇貴,崇義,崇吉,崇圭,崇慶,崇賢,崇厳,崇好,崇克,崇祥,崇仁,崇善,崇哲,崇芳,崇由,崇由志,崇理,崇良,嵩宜,嵩祥,生佳,宣義,尊栄,尊巌,尊義,尊好,尊美,太義,太良,大慶,鷹嘉,鷹義,鷹美,卓佳,卓義,卓欣,卓純,卓祥,卓芳,卓良,堂嘉,堂善,能義,能由,隼義,平佳,平良,峰佳,峰勝,峰繕,雄吉,隆悦,隆佳,隆嘉,隆喜,隆貴,隆宜,隆義,隆吉,隆圭,隆慶,隆敬,隆賢,隆好,隆孝,隆克,隆資,隆勝,隆昌史,隆祥,隆仁,隆善,隆禎,隆能,隆美,隆彦,隆富,隆芳,隆睦,隆由,隆良,隆令,良圭,和義
たかより,takayori,孝頼,崇順,隆頼
たから,takara,貴良,高良,多加良,宝
たかを,takao,孝夫
たがひこ,tagahiko,耕比古
たきお,takio,多喜央,多喜生,多喜男,多喜夫,多樹朗,太紀生,太生緒,太生男,滝生,滝男,滝夫,滝雄
たきち,takichi,多吉,太吉
たきと,takito,多喜人,滝人
たきひこ,takihiko,滝彦
たきひさ,takihisa,多希久,滝久
たきひと,takihito,滝人
たきひろ,takihiro,太希裕,滝博
たきろう,takirou,滝郎
たく,taku,巧,匠,卓,啄,択,拓,琢,鐸
たくあき,takuaki,拓晃,拓明
たくいち,takuichi,卓一,拓一,琢一
たくいちろう,takuichirou,卓一郎,拓一郎,琢一郎
たくえい,takuei,卓鋭
たくお,takuo,卓生,卓男,卓夫,卓雄,卓朗,卓郎,拓央,拓生,拓大,拓男,拓夫,拓勇,拓雄,拓朗,拓郎,琢央,琢生,琢男,琢夫,琢雄,琢朗,琢郎
たくおう,takuou,拓央
たくおみ,takuomi,卓臣,拓臣
たくかず,takukazu,卓和
たくき,takuki,拓樹
たくご,takugo,拓吾,琢吾
たくし,takushi,匠司,卓司,卓史,卓士,卓志,卓之,宅史,宅志,拓司,拓史,拓士,拓志,拓吏,琢司,琢史,琢士,琢志,琢氏,託士
たくしろう,takushirou,拓四郎,拓志郎
たくじ,takuji,巧士,太久至,卓司,卓史,卓嗣,卓士,卓志,卓至,卓詩,卓資,卓児,卓次,卓滋,卓治,卓爾,卓璽,卓樹,卓二,卓丙,卓路,宅司,拓司,拓史,拓嗣,拓士,拓志,拓至,拓資,拓児,拓時,拓次,拓治,拓爾,拓自,拓二,拓路,琢司,琢史,琢嗣,琢士,琢始,琢視,琢児,琢治,琢爾,琢自,琢二,託嗣,託慈
たくじろう,takujirou,卓二郎,宅二郎,拓司朗,拓次郎,拓治郎,拓二郎,琢次郎,琢二朗
たくぞう,takuzou,卓三,卓造,宅造,拓三,拓蔵,拓造,琢三
たくたろう,takutarou,拓太郎
たくと,takuto,巧人,卓人,卓図,卓斗,卓登,卓土,卓飛,卓利,拓音,拓人,拓仁,拓図,拓斗,拓渡,拓登,拓都,拓土,拓門,拓翔,琢人,琢斗,琢都
たくとし,takutoshi,拓利
たくなり,takunari,卓成,卓也,琢成
たくのすけ,takunosuke,卓之介,拓之介
たくのぶ,takunobu,卓寛,拓伸,拓敦
たくのり,takunori,匠紀,卓格,卓征,卓典,卓徳,拓規,拓敬,拓功,拓則,拓典,拓徳,拓範,拓法,琢敬
たくひこ,takuhiko,卓彦,拓彦,琢彦
たくひさ,takuhisa,卓久,拓久
たくひで,takuhide,拓英,拓秀,琢英
たくひと,takuhito,卓人,卓仁,拓人,琢人,琢仁
たくひろ,takuhiro,卓寛,卓宏,卓広,卓弘,卓浩,卓紘,卓大,卓洋,拓央,拓寛,拓宏,拓広,拓弘,拓紘,拓潤,拓大,拓裕,拓洋,拓皓,琢宏,琢大,琢洋,託広
たくふみ,takufumi,卓典,拓史,拓文
たくぶみ,takubumi,拓史
たくへい,takuhei,拓平
たくほ,takuho,拓帆
たくま,takuma,巧真,巧磨,匠真,太久真,太久馬,太久磨,卓真,卓馬,卓摩,卓磨,卓麻,卓麿,卓万,卓眞,啄真,啄麻,択真,択磨,択麻,拓宇,拓雅,拓稀,拓真,拓馬,拓舞,拓摩,拓磨,拓麻,拓麿,拓満,拓眞,沢真,琢允,琢真,琢馬,琢摩,琢磨,琢麻,琢麿,琢万,琢眞
たくまさ,takumasa,卓昌,拓雅,拓幹,拓昌,拓誠
たくまる,takumaru,拓丸
たくみ,takumi,巧,巧己,巧実,巧水,巧美,巧巳,匠,匠海,匠規,匠巨,匠己,匠史,匠実,匠臣,匠生,匠美,匠未,匠巳,匠和,多久美,多玖海,卓,卓海,卓幹,卓久美,卓巨,卓見,卓己,卓三,卓史,卓視,卓実,卓充,卓臣,卓身,卓仁,卓生,卓美,卓未,卓魅,卓巳,卓稔,卓弥,卓彌,啄未,拓海,拓輝,拓巨,拓見,拓己,拓光,拓三,拓視,拓実,拓充,拓深,拓臣,拓身,拓水,拓生,拓積,拓美,拓望,拓味,拓未,拓巳,拓夢,拓弥,拓洋,拓良,琢海,琢己,琢三,琢視,琢実,琢深,琢身,琢美,琢未,琢巳,琢弥
たくみつ,takumitsu,多久光,卓充,拓光,拓充
たくむ,takumu,巧,拓,拓夢
たくや,takuya,巧哉,巧也,巧弥,巧矢,匠哉,匠称,匠也,匠弥,匠矢,太久也,卓哉,卓治,卓也,卓耶,卓弥,卓矢,卓彌,宅哉,宅彌,択哉,択弥,拓育,拓郁,拓哉,拓也,拓冶,拓夜,拓耶,拓野,拓弥,拓矢,拓彌,沢弥,琢哉,琢八,琢也,琢耶,琢弥,琢矢,託也,倬也
たくゆき,takuyuki,卓幸,卓行,卓之,拓幸,拓行,拓之,琢由起
たくよ,takuyo,拓代
たくよう,takuyou,拓洋
たくよし,takuyoshi,卓義,拓祥,拓善,拓由,拓良
たくら,takura,拓良
たくる,takuru,拓,拓留,拓瑠
たくろ,takuro,卓呂
たくろう,takurou,匠朗,匠郎,多久郎,太久郎,卓良,卓朗,卓郎,択朗,択郎,拓廊,拓朗,拓榔,拓郎,琢朗,琢郎
たくわ,takuwa,卓和
たけあき,takeaki,偉晶,威顕,威明,岳暁,岳晃,岳彰,岳昭,岳明,岳朗,健暁,健晃,健彰,健昭,健章,健哲,健明,健朗,建彰,恒明,剛暁,剛晃,剛秋,剛彰,剛昭,剛祥,剛章,剛哲,剛明,剛亮,豪晃,豪明,豪朗,丈晃,丈淳,丈彰,丈昌,丈聡,丈明,丈朗,嵩了,壮晃,壮昭,壮章,壮哲,壮朗,竹秋,竹昭,武亨,武晃,武秋,武彰,武昭,武聡,武明,武揚,武亮,武朗,猛哲,猛明,雄昭,雄章,雄亮
たけあつ,takeatsu,武篤
たけいし,takeishi,健一
たけいちろう,takeichirou,威一郎,武一郎
たけお,takeo,偉雄,威生,威夫,威雄,威朗,威郎,岳央,岳生,岳大,岳男,岳夫,岳穂,岳雄,岳朗,岳郎,毅男,毅夫,毅雄,毅郎,健央,健応,健王,健生,健男,健夫,健穂,健雄,健朗,健郎,建央,建生,建男,建夫,剛央,剛巨,剛士,剛生,剛大,剛男,剛夫,剛勇,剛雄,剛朗,剛郎,豪生,豪男,豪雄,士男,丈生,丈男,丈夫,丈雄,丈郎,全生,壮生,壮男,壮夫,壮雄,茸雄,竹緒,竹生,竹男,竹夫,竹雄,竹郎,長生,長男,長勇,長雄,長朗,赴夫,武央,武生,武男,武夫,武保,武穂,武勇,武雄,武朗,武郎,孟男,孟雄,猛王,猛生,猛男,猛猪,猛夫,猛雄,猛朗,勇夫,雄生,雄大,雄夫,嶽男,赳男,赳夫,赳雄
たけおみ,takeomi,威臣,岳臣,健臣,建臣,剛臣,丈臣,壮臣,武臣,猛臣,洸臣
たけかず,takekazu,威和,剛一,豪和,丈一,丈和,武一,武和
たけかつ,takekatsu,健勝
たけき,takeki,岳樹,毅樹,健喜,健毅,健紀,健貴,健起,健樹,健城,健生,建樹,剛毅,剛規,剛輝,剛己,剛樹,丈樹,武希,武毅,武貴,武輝,武己,武樹,猛己,雄己,雄樹
たけきよ,takekiyo,雄聖
たけくに,takekuni,健邦,剛邦,武訓,武邦,猛邦
たけさだ,takesada,健定,武貞
たけさと,takesato,岳里
たけし,takeshi,偉史,威,威司,威史,威士,威志,威旨,威至,威視,英,岳,岳司,岳史,岳嗣,岳士,岳志,岳至,岳視,岳巳,巌,毅,毅司,毅史,毅士,毅志,毅示,毅之,毅巳,強,郷志,傑,健,健司,健史,健嗣,健士,健志,健氏,健至,健詞,健誌,健資,健示,健二,健之,健巳,健也,建,建司,建史,建士,建志,建壮,献史,研,賢史,賢士,虎,剛,剛健,剛使,剛司,剛史,剛嗣,剛士,剛志,剛至,剛詩,剛誌,剛資,剛賜,剛之,剛武,剛巳,剛吏,剛翔,豪,豪司,豪史,豪士,豪師,豪志,丈,丈宰,丈司,丈史,丈嗣,丈士,丈志,丈視,丈詞,丈資,丈将,丈生,壮,壮司,壮史,壮師,壮志,壮賜,壮宗,大,大史,卓史,竹司,竹史,竹嗣,竹士,竹志,竹氏,竹識,竹織,長史,長士,長志,彪,斌,赴史,武,武伺,武司,武史,武嗣,武士,武始,武市,武志,武資,武侍,武晋,武人,武之,武吏,孟,孟史,孟嗣,孟士,孟志,猛,猛司,猛史,猛嗣,猛士,猛志,猛至,猛視,猛資,勇,勇士,勇志,雄,雄司,雄史,雄士,雄志,雄至,雄之,烈,烈司,烈史,壯,洸,赳,赳史,赳志,驍司
たけしげ,takeshige,岳成,健成,丈栄,武重,武繁
たけしろう,takeshirou,竹士郎,竹志郎,猛志郎
たけじ,takeji,威二,岳志,岳児,岳次,岳治,岳樹,岳二,健自,剛嗣,剛治,剛二,丈司,丈慈,丈二,竹二,武司,武次,武治,武二
たけじゅうろう,takejurou,武十郎
たけじろう,takejirou,岳次朗,岳二郎,震二朗,竹二郎,武次郎,武治郎,武二郎
たけぞう,takezou,竹三,武三,武蔵,武造
たけつぐ,taketsugu,岳嗣,毅次,健嗣,剛継,丈嗣,丈承,壮嗣,武胤,武継,武嗣,武次,猛継,勇倫,雄健
たけつな,taketsuna,勇綱
たけつね,taketsune,竹恒,武恒,武庸
たけてる,taketeru,偉光,丈輝,武輝,武照,猛晃
たけと,taketo,偉斗,威人,岳人,岳登,岳門,毅人,貴年,健人,健仁,健太,健登,建人,剛人,剛斗,豪人,豪仁,丈人,壮人,壮登,竹人,武人,武仁,猛人,勇人,勇登,雄人
たけとき,taketoki,武時
たけとし,taketoshi,威俊,威敏,岳俊,岳聡,岳敏,岳利,毅紀,毅俊,毅敏,強敏,健寿,健俊,健誠,健聡,健年,健敏,健稔,健利,建利,剛紀,剛寿,剛淑,剛俊,剛聡,剛年,剛敏,剛平,豪俊,丈寿,丈聡,丈智,丈年,丈敏,丈稔,壮寿,壮俊,壮聡,壮稔,壮利,竹俊,竹敏,竹明,長俊,武亨,武寿,武俊,武年,武敏,武稔,武利,孟俊,猛歳,猛敏,猛利,勇俊,勇年,雄紀,雄俊
たけとも,taketomo,威智,岳朋,岳友,健智,健友,健倫,剛智,丈智,丈朋,丈友,壮朝,竹智,武知,武智,孟群,猛文,勇友,雄智
たけとよ,taketoyo,剛豊,丈豊
たけとら,taketora,竹虎,武虎,猛虎
たけなお,takenao,威尚,岳哉,健巨,健奈生,剛巨,剛直,丈直,武尚,武直
たけなり,takenari,岳也,毅成,健有,建成,剛己,剛成,豪也,竹成,武成,武也,孟也
たけの,takeno,丈乃,武乃
たけのすけ,takenosuke,健之亮,武之介
たけのぶ,takenobu,威伸,威信,威宣,威暢,威亙,岳伸,岳信,毅伸,毅信,毅暢,健允,健修,健伸,健信,剛伸,剛信,剛紳,剛宣,豪伸,豪信,丈信,丈暢,丈展,丈敦,生昇,壮信,竹伸,竹信,武寛,武喜,武宜,武伸,武信,武宣,武暢,武亘,雄信,雄誠,烈伸
たけのり,takenori,威紀,威昇,威宣,威則,威典,威徳,威範,威倫,岳紀,岳慶,岳憲,岳則,岳典,岳徳,岳文,岳論,毅紀,毅憲,毅工,毅智,毅典,毅徳,毅範,毅法,健賀,健格,健紀,健規,健記,健敬,健憲,健乗,健仁,健則,健知,健智,健哲,健典,健徳,健乃,健範,健了,建紀,建典,建徳,建範,鍵徳,公徳,剛紀,剛規,剛教,剛憲,剛章,剛忠,剛典,剛徳,剛範,剛礼,豪寛,豪紀,豪規,豪式,豪則,豪範,丈紀,丈宜,丈敬,丈経,丈憲,丈功,丈師,丈智,丈哲,丈典,丈徳,丈範,丈了,丈倫,壮紀,壮則,壮登,壮範,竹紀,竹規,竹徳,武紀,武規,武宜,武教,武矩,武訓,武慶,武敬,武憲,武玄,武慎,武宣,武則,武哲,武典,武徳,武伯,武範,武文,武法,武律,孟紀,孟範,猛紀,猛典,猛徳,猛範,勇哲,勇典,勇徳,勇範,雄紀,雄徳,雄法,壯典,赳徳,赳法
たけはる,takeharu,威治,威春,威晴,岳治,岳春,岳晴,岳大,岳明,岳陽,毅啓,毅治,毅晴,健治,健春,健晴,健陽,剛治,剛春,剛暖,丈治,丈春,丈晴,丈明,壮晴,竹治,竹春,竹晴,武治,武春,武晴,武生,武靖,猛晴,勇明,雄晴
たけひこ,takehiko,偉彦,威彦,岳彦,毅彦,健比古,健彦,建彦,研彦,剛彦,豪彦,丈彦,全彦,壮彦,竹比古,竹彦,長彦,武比古,武彦,孟彦,猛彦,勇彦,雄彦
たけひさ,takehisa,偉久,威久,威尚,岳央,岳久,岳寿,岳尚,毅久,毅寿,毅尚,健央,健久,健恭,健寿,剛央,剛久,剛寿,剛尚,丈永,丈久,丈尚,丈比佐,壮央,多計久,竹久,長久,武央,武久,武寿,武尚,雄央,雄久
たけひで,takehide,威秀,岳秀,毅英,健豪,健秀,剛英,剛秀,丈英,壮秀,長秀,武英,武秀,猛秀,雄英
たけひと,takehito,偉一,偉史,偉人,威人,威仁,岳史,岳人,岳仁,毅人,毅仁,健史,健人,健仁,建人,建仁,剛一,剛士,剛人,剛仁,豪人,豪仁,丈人,丈仁,嵩人,嵩仁,壮史,壮人,壮仁,竹人,竹仁,武一,武寛,武史,武人,武仁,猛人,猛仁,勇人,雄人,雄仁,赳仁
たけひら,takehira,武平
たけひろ,takehiro,偉央,偉弘,偉大,威宏,威弘,威博,威洋,岳宏,岳広,岳弘,岳浩,岳紘,岳大,岳博,岳裕,岳洋,毅寛,毅宏,毅広,毅弘,毅大,毅博,毅洋,健寛,健公,健宏,健広,健弘,健浩,健紘,健尋,健泰,健大,健展,健博,健彦,健祐,健裕,健容,健洋,健廣,健洸,建嘉,建寛,建敬,建宏,建拓,建博,虎広,虎廣,剛寛,剛啓,剛宏,剛広,剛弘,剛浩,剛大,剛博,剛凡,剛弥,剛裕,剛洋,剛廣,豪宏,豪浩,豪大,豪洋,峻大,丈央,丈寛,丈宏,丈広,丈弘,丈浩,丈紘,丈尋,丈泰,丈大,丈拓,丈博,丈祐,丈裕,丈洋,盛浩,全宏,壮寛,壮宏,壮広,壮弘,壮浩,壮大,壮博,壮裕,壮洋,竹宏,竹弘,竹洋,長裕,武寛,武宏,武広,武弘,武浩,武泰,武大,武博,武祐,武裕,武洋,武廣,孟浩,孟裕,猛広,猛弘,猛浩,猛彦,猛裕,猛洋,勇太,勇大,勇洋,雄拡,雄寛,雄啓,雄広,雄弘,雄泰,雄大,雄博,雄裕,雄洋,壯浩,壯太,赳寛,赳宏,赳太
たけふさ,takefusa,武房
たけふみ,takefumi,威史,威文,岳史,岳文,毅文,健史,健文,剛史,剛文,豪史,豪文,丈史,丈文,崇文,壮史,壮文,賦文,武史,武章,武文,孟史,猛史,勇文,雄史,雄章,雄文
たけぶみ,takebumi,丈文,武史,武文,勇文
たけほ,takeho,長穂
たけま,takema,岳馬,武真,武馬,武磨,武麻
たけまさ,takemasa,威雅,岳真,岳征,毅昌,健将,健正,健優,剛将,剛昌,剛正,豪允,豪将,豪真,豪政,豪聖,丈将,丈昌,丈征,丈正,竹雅,武雅,武将,武昌,武真,武政,武正,武道,武優,雄允,雄正
たけまる,takemaru,岳丸,武丸,雄丸
たけみ,takemi,岳海,岳見,岳三,岳実,岳巳,毅己,毅生,健規,健見,健実,健臣,健生,健巳,建己,建未,剛実,剛臣,剛生,剛巳,丈三,丈実,丈巳,武海,武見,武己,武三,武実,武身,武巳,武弥,猛己,勇洋,雄観
たけみき,takemiki,長幹
たけみち,takemichi,岳道,健通,健道,剛道,丈路,武道,武倫
たけみつ,takemitsu,毅光,毅充,健光,剛光,剛充,丈光,丈誠,武光,仗依
たけみね,takemine,毅峰,雄峰
たけむね,takemune,武宗
たけもと,takemoto,長柔
たけもり,takemori,建盛,剛守,武衛,武守,武盛,雄盛
たけや,takeya,岳哉,岳也,岳弥,毅也,健哉,健也,健矢,剛也,剛弥,豪哉,豪也,丈也,丈弥,丈矢,壮陽,竹哉,竹也,竹弥,武哉,武也,武弥,孟也,猛也,猛弥,勇哉,烈也
たけやす,takeyasu,岳快,岳康,岳泰,健康,建康,剛尉,剛靖,丈康,丈泰,丈靖,壮泰,竹康,長康,武康,武泰,武靖
たけゆき,takeyuki,偉之,威幸,威行,威之,岳幸,岳行,岳征,岳雪,岳之,毅之,健以,健起,健恭,健幸,健行,健志,健至,健仁,健之,堅之,建行,剛幸,剛行,剛志,剛之,剛由,丈幸,丈征,丈之,壮志,壮晋,壮由,竹之,長幸,武幸,武行,武志,武征,武之,猛行,雄幸,雄行,雄之
たけよ,takeyo,丈世
たけよし,takeyoshi,岳義,毅圭,毅純,毅芳,毅良,健悦,健嘉,健喜,健義,健吉,健純,健勝,健善,健芳,健良,建善,剛嘉,剛喜,剛義,剛吉,剛圭,剛祥,剛仁,剛督,剛由,剛良,豪芳,丈佳,丈恭,丈慶,丈好,丈祥,丈能,丈良,壮佳,竹好,赴佳,武佳,武嘉,武宜,武義,武吉,武恵,武慶,武好,武克,武祥,武善,武美,武芳,武由,武誉,武良,孟由,勇嘉,雄貴,壯吉
たける,takeru,威,宇,岳,健,建,剛,丈,丈瑠,仁,壮,尊,卓,竹流,長,長留,闘,武,武児,武尊,武流,武琉,武留,武瑠,孟,孟留,孟瑠,猛,猛留,雄,烈,洸,翔,赳
たけろう,takerou,岳郎,毅朗,毅郎,健郎,剛朗,丈朗,丈郎,武朗,武郎
たけを,takeo,岳央,健雄
たさぶろう,tasaburou,太三郎
たしろう,tashirou,太司郎,太士郎,太志郎
たじろう,tajirou,太治郎
たすく,tasuku,右,援,救,匡,啓,耕,佐,賛,資,奨,将,丞,扶,輔,輔久,佑,祐,翼,亮,涼,侑
たすけ,tasuke,太助
ただあき,tadaki,伊昭,維昭,維了,紀彰,糾明,匡晃,匡秋,匡昭,匡章,匡明,匡朗,公彰,公章,公信,正光,正晃,正明,忠暁,忠顕,忠晃,忠秋,忠彰,忠昭,忠祥,忠章,忠哲,忠明,忠陽,忠亮,忠朗,忠暉,忠曉,直昭,直明,禎昭,禎章,唯明,理明,傳明
ただあつ,tadatsu,正篤,忠温,忠淳,忠篤
ただいち,tadaichi,忠一,禎一,唯一
ただいちろう,tadaichirou,唯一郎
ただお,tadao,格夫,紀雄,糾夫,匡生,匡勇,匡雄,薫雄,正男,正雄,端夫,忠央,忠生,忠大,忠男,忠夫,忠勇,忠雄,直男,直夫,直雄,禎雄,任男,唯央,唯生,唯男,唯夫,唯雄,理雄
ただおき,tadaoki,匡意,正興,忠沖,忠起,忠興,直意,直興
ただおみ,tadaomi,公臣,聡臣,忠臣,帝臣,理惟,理臣
ただかず,tadakazu,匡和,恭一,孝和,考一,正和,只和,忠一,忠利,忠和,貞和,肇一,唯一,理一,佶一
ただかつ,tadakatsu,匡克,公克,忠功,忠克,忠勝,直克,理克
ただき,tadaki,忠樹
ただきよ,tadakiyo,匡靖,忠清,忠聖
ただくに,tadakuni,公城,忠邦,直邦
たださぶろう,tadasaburou,忠三郎
ただざね,tadazane,忠実
ただし,tadashi,位,惟司,惟史,維史,維志,維資,一史,雅,雅司,雅史,雅士,雅志,格,格史,格士,覚,覚士,侃,紀志,規,規史,規之,儀,義,義司,義志,糾,匡,匡司,匡史,匡士,匡志,匡巳,喬司,喬史,恭,恭史,敬,憲,賢,厳,公,皇史,宰,宰士,宰之,済,斎,資,資士,質,淳,匠,将,祥士,信,信志,新,真,真史,真之,仁,粋史,崇,崇寿,是,征,政,政司,整,正,正司,正史,正嗣,正四,正士,正志,正視,精,聖志,斉,善,聡,荘,蔵志,則,孫司,但,旦,端,端思,中,忠,忠司,忠史,忠嗣,忠士,忠始,忠志,忠孜,忠至,忠資,忠之,忠巳,勅,直,直司,直史,直嗣,直士,直志,直資,直示,貞,廷,悌,禎,禎使,禎司,禎史,禎士,禎志,禎之,督,督史,任司,任史,任矢,肇,肇士,肇志,矢,唯,唯司,唯史,唯志,唯思,唯至,唯詞,唯之,容,理,理司,理史,理士,理志,理示,理之,律,律司,律史,礼,廉,眞司,糺,迪
ただしげ,tadashige,匡重,匡繁,忠重,忠成,忠繁,忠茂,忠誉
ただじろう,tadajirou,忠次郎
ただす,tadasu,匡
ただすけ,tadasuke,維右,一修,規介,匡家,匡佑,匡祐,匡亮,賢哉,正相,正祐,忠右,忠介,忠佐,忠助,忠臣,忠相,忠典,忠輔,忠佑,忠友,忠祐,忠亮,直輔,禎介,督介,唯介,唯祐
ただすみ,tadasumi,正清,只澄,忠純,禎純,妙宜
ただたか,tadataka,正貴,正卓,忠毅,忠貴,忠敬,忠孝,忠崇,忠隆,唯貴,唯尊,理学
ただたけ,tadatake,忠丈
ただたろう,tadatarou,徒太郎
ただちか,tadachika,忠哉,忠視,忠親,勅務,直周,直親,禎哉,肇史
ただつぐ,tadatsugu,允嗣,匡嗣,公諭,士継,真嗣,正嗣,忠継,忠嗣,忠次,忠承,直継,直嗣,直紹,唯嗣
ただつね,tadatsune,匡玄,祥英,只常
ただつら,tadatsura,忠貫
ただてる,tadateru,匡央,匡輝,忠央,忠輝
ただと,tadato,匡人,渉人,正人,忠人,禎人,唯人
ただとし,tadatoshi,惟敏,匡聡,匡稔,賢寿,宰豪,正俊,忠寿,忠俊,忠敏,忠稔,忠利,忠理,眞世
ただとみ,tadatomi,忠富
ただとも,tadatomo,忠吾,忠朋,忠友,忠倫
ただとよ,tadatoyo,匡豊
ただなお,tadanao,正直,忠尚,忠直
ただなが,tadanaga,忠良,理永
ただなり,tadanari,忠成,忠誠,唯也
ただのぶ,tadanobu,匡伸,匡信,匡敦,公靖,正伸,中庸,忠延,忠喜,忠恒,忠史,忠伸,忠信,忠誠,忠宣,忠房,忠睦,忠靖,禎展,唯照,唯信,唯敦,理誠
ただのり,tadanori,伊憲,伊則,匡規,匡慶,匡憲,匡功,兄規,正慶,正憲,正典,忠紀,忠軌,忠教,忠敬,忠憲,忠功,忠士,忠臣,忠宣,忠則,忠稚,忠典,忠展,忠徳,忠範,忠法,唯紀,唯徳
ただはる,tadaharu,匡治,正治,正春,正知,忠温,忠治,忠春,忠晴,直治,唯治
ただひこ,tadahiko,維彦,紀彦,匡彦,公彦,崇彦,是彦,正彦,只彦,忠彦,直彦,禎彦,唯比古,唯彦
ただひさ,tadahisa,完久,匡央,匡久,匡寿,匡宣,宰久,正久,忠永,忠久,忠寿,忠尚,直久,禎久,禎桐,唯央,由久
ただひで,tadahide,匡寿,匡秀,正秀,忠英,忠秀,直秀,唯英
ただひと,tadahito,賢仁,忠臣,忠人,忠仁,唯一,唯仁,理公,律仁
ただひら,tadahira,公平,宰平,忠平
ただひろ,tadahiro,伊廣,惟弘,雅祥,格啓,格宏,格広,侃弘,匡寛,匡啓,匡宏,匡広,匡弘,匡洪,匡都,匡博,匡裕,匡洋,恭宗,資大,宗弘,淳博,真弘,真裕,正寛,正啓,正宏,正弘,正浩,正大,正博,正洋,忠寛,忠啓,忠敬,忠宏,忠広,忠弘,忠浩,忠宗,忠泰,忠大,忠博,忠裕,忠洋,忠廣,直宏,直大,禎宏,禎浩,禎洋,督博,唯寛,唯啓,唯宏,唯弘,唯浩,唯博,唯裕,陽登,覧容,理博,理裕,理洋
ただふさ,tadafusa,忠房
ただふみ,tadafumi,伊史,惟史,格史,匡史,匡文,賢史,宰史,正史,忠郁,忠史,忠文,直史,禎史,禎文,唯史,唯文,理史
ただまさ,tadamasa,匡政,匡正,正将,忠雅,忠幹,忠勝,忠将,忠昌,忠晶,忠真,忠征,忠政,忠正,忠優,忠將,唯雅,唯正
ただまろ,tadamaro,忠麿
ただみ,tadami,忠美
ただみち,tadamichi,規理,薫道,宰進,正倫,誠通,忠通,忠道,忠利,忠迪,直道
ただみつ,tadamitsu,忠光,忠睦
ただみね,tadamine,忠峰
ただむね,tadamune,忠宗
ただもと,tadamoto,薫元,忠基,忠根,忠資,貞幹
ただもり,tadamori,薫衛,宰守,正守,忠守
ただやす,tadayasu,匡康,匡泰,正康,忠安,忠恭,忠康,忠寧,忠保,忠靖,唯泰
ただゆき,tadayuki,維征,嘉志,紀之,匡以,匡志,匡之,公将,功幸,宰順,宰之,祥志,真之,正幸,正行,正之,只之,忠幸,忠行,忠至,忠遵,忠順,忠将,忠是,忠征,忠透,忠之,忠由,直幸,直行,直之,禎幸,禎行,禎之,督之,唯起,唯幸,唯行,唯志,唯之,理行,理之,律幸,眞千
ただよ,tadayo,督代,唯代
ただよし,tadayoshi,匡剛,匡昌,匡良,敬克,好唯,宰祥,淳良,正佳,正義,正吉,正慶,正賢,正芳,正稔,端佳,忠愛,忠佳,忠可,忠喜,忠宜,忠義,忠吉,忠慶,忠敬,忠賢,忠功,忠好,忠孝,忠克,忠住,忠純,忠昌,忠宣,忠善,忠禎,忠典,忠美,忠彦,忠芳,忠由,忠良,直佳,直義,直美,帝佳,廷吉,禎貴,渡佳,任克,唯佳,唯嘉,唯賀,唯喜,唯義,唯圭,唯好,理美,迪禎
ただより,tadayori,忠順
たちあき,tachiaki,多智明
たちお,tachio,太刀夫
たっぺい,tappei,拓平,達平,辰平,龍平
たつ,tatsu,達,辰,立,竜
たつあき,tatsuaki,起彰,起明,健晃,健明,樹聡,樹明,多津明,達晃,達彰,達昭,達章,達彬,達明,達亮,達朗,辰顕,辰晃,辰昭,辰章,辰聡,辰明,立章,立明,立朗,竜昭,竜聡,竜明,竜朗,龍昭,龍聡,龍彬,龍明
たついちろう,tatsuichirou,達一郎,辰一郎,竜一郎
たつえい,tatsuei,達栄,達英,辰栄,辰英
たつお,tatsuo,伊男,起生,起夫,起雄,健央,健男,建男,建夫,建雄,樹緒,樹生,樹男,多津夫,多都雄,太津男,卓男,達央,達王,達生,達男,達夫,達穂,達勇,達雄,達應,辰生,辰男,辰夫,辰也,辰雄,立央,立生,立男,立夫,立雄,竜王,竜生,竜男,竜夫,竜雄,龍王,龍緒,龍生,龍男,龍尾,龍夫,龍雄,逹雄
たつおき,tatsuoki,樹興,達宙,辰興,龍興
たつおみ,tatsuomi,達臣,辰臣,竜臣,龍臣
たつかず,tatsukazu,達一
たつき,tatsuki,健喜,健騎,健樹,幸輝,樹輝,達基,達希,達揮,達毅,達稀,達紀,達規,達記,達貴,達己,達樹,達生,辰喜,辰樹,立希,立季,立起,立騎,立己,立樹,立来,竜基,竜希,竜気,竜季,竜紀,竜貴,竜輝,竜己,竜樹,竜生,龍希,龍帰,龍毅,龍規,龍起,龍輝,龍樹,龍城,龍飛
たつくに,tatsukuni,竜国
たつご,tatsugo,達吾
たつさだ,tatsusada,達貞
たつし,tatsushi,起史,建志,樹史,太津史,達,達司,達史,達嗣,達士,達志,達思,達資,達之,辰司,辰史,辰士,辰志,辰識,立司,立史,立嗣,立士,立志,竜司,竜史,竜士,竜志,竜至,龍司,龍史,龍士,龍志
たつしげ,tatsushige,達成,辰重
たつしろう,tatsushirou,達志郎
たつじ,tatsuji,樹司,太津二,達司,達史,達嗣,達士,達児,達次,達治,達示,達仁,達二,辰司,辰次,辰滋,辰治,辰仁,辰二,辰之,竜司,竜嗣,竜志,竜次,竜治,竜二,龍嗣,龍次,龍治,龍二
たつじろう,tatsujirou,達次郎,達二郎,竜次郎
たつすけ,tatsusuke,達介
たつぞう,tatsuzou,達三,辰三,辰蔵,竜三
たつたろう,tatsutarou,達太郎,立太郎
たつだい,tatsudai,達大
たつと,tatsuto,建人,樹人,尊人,達士,達十,達人,達斗,達登,立人,竜人,龍人,龍仁,龍門
たつとき,tatsutoki,辰季
たつとし,tatsutoshi,経利,建利,達俊,達智,達利,辰俊,辰敏,辰稔,辰頼,辰利,立俊,竜利,龍登志,龍敏
たつとみ,tatsutomi,竜登美
たつとも,tatsutomo,達智,達友,龍朋
たつなり,tatsunari,起成,樹也,達成,達生,達也,辰成,辰生,辰斉,竜成,龍成
たつなる,tatsunaru,達徳
たつのしん,tatsunoshin,龍之進
たつのすけ,tatsunosuke,達之介,達之助,達之輔,辰之助,竜之介,龍之介
たつのぶ,tatsunobu,樹展,達喜,達修,達信,辰信,辰宣,辰暢,立信,竜昇,竜伸,竜信,竜進,竜靖,龍遵,龍信,龍暢
たつのり,tatsunori,起則,起範,健成,建紀,建規,建典,建徳,樹典,樹徳,達紀,達規,達記,達恭,達教,達矩,達訓,達憲,達功,達章,達宣,達則,達智,達哲,達典,達徳,達範,達法,達理,達里,辰紀,辰規,辰記,辰宜,辰矩,辰慶,辰憲,辰周,辰昇,辰成,辰則,辰典,辰徳,辰範,辰律,立規,立憲,立師,立昇,立典,竜紀,竜義,竜経,竜憲,竜悟,竜則,竜典,竜徳,竜範,竜法,龍紀,龍騎,龍憲,龍勝,龍昇,龍則,龍典,龍道,龍徳,龍範,龍風,龍法,龍礼,燵典,逹憲,逹典
たつはる,tatsuharu,樹青,達治,辰春,立春,龍春,龍晴
たつひこ,tatsuhiko,起彦,建彦,樹彦,達比古,達彦,辰彦,巽彦,立彦,竜比古,竜彦,龍彦
たつひさ,tatsuhisa,達央,達久,達寿,辰久,立央,竜久,竜寿,龍寿
たつひで,tatsuhide,起英,達英,辰秀,竜英,竜秀,龍英,龍秀
たつひと,tatsuhito,建人,達人,達仁,辰人,辰仁,立仁,竜人,竜仁,龍人,龍仁
たつひろ,tatsuhiro,起寛,起弘,健弘,健洋,建完,建光,建広,建洋,樹弘,樹浩,樹裕,達寛,達啓,達宏,達広,達弘,達浩,達紘,達大,達拓,達博,達祐,達裕,達洋,達廣,辰寛,辰公,辰宏,辰広,辰弘,辰浩,辰大,辰博,辰祐,辰裕,辰洋,立寛,立広,立弘,立紘,立大,立展,立博,立裕,竜寛,竜宏,竜広,竜弘,竜浩,竜大,竜博,竜弥,竜裕,竜洋,龍拡,龍啓,龍宏,龍広,龍弘,龍浩,龍祥,龍宣,龍太,龍大,龍博,龍裕,龍洋,龍廣,逹博
たつふみ,tatsufumi,建文,樹史,達史,達文,辰史,辰文,竜史,竜文,龍史,龍文
たつほ,tatsuho,達保
たつま,tatsuma,起真,達真,達馬,達摩,達磨,達麻,達満,辰真,辰馬,辰磨,立真,立馬,立磨,立麻,竜馬,竜磨,竜麻,龍真,龍馬,龍磨
たつまさ,tatsumasa,達将,達昌,達政,達正,辰允,立正,竜勝,竜将,龍雅,龍将,龍正,龍優
たつまる,tatsumaru,龍丸
たつまろ,tatsumaro,龍麿
たつみ,tatsumi,建充,樹実,樹巳,達己,達三,達実,達臣,達生,達巳,辰己,辰三,辰実,辰身,辰巳,巽,立己,立実,立巳,竜己,竜実,竜水,竜巳,龍海,龍己,龍光,龍三,龍実,龍水,龍未,龍巳
たつみち,tatsumichi,達道,龍道
たつみね,tatsumine,辰峰,龍巌
たつむ,tatsumu,達夢
たつむね,tatsumune,達宗,竜宗,龍宗
たつや,tatsuya,貴也,起也,健也,健矢,建哉,建也,建弥,幸也,裁也,樹哉,樹也,樹矢,達哉,達成,達也,達耶,達弥,達矢,達彌,辰哉,辰八,辰也,辰弥,辰矢,辰彌,立哉,立也,立弥,立矢,竜哉,竜八,竜也,竜弥,竜矢,竜彌,龍哉,龍也,龍弥,龍矢,翔也,逹哉
たつゆき,tatsuyuki,起幸,建之,樹之,達幸,達行,達志,達将,達之,達由紀,辰幸,辰行,辰之,立幸,立行,立之,竜幸,竜行,竜之,龍維,龍幸,龍行,龍之,龍由樹
たつよ,tatsuyo,達世
たつよし,tatsuyoshi,達允,達佳,達貴,達宜,達義,達慶,達好,達是,達美,達芳,達良,辰益,辰悦,辰佳,辰宜,辰義,辰吉,辰圭,辰好,辰昌,辰良,立佳,立義,竜嘉,竜幹,竜義,竜吉,竜巧,竜由,竜良,龍佳,龍嘉,龍宜,龍義,龍圭,龍好,龍若,龍昌,龍美
たつより,tatsuyori,達順,達頼,龍頼
たつる,tatsuru,健,建,樹,達,達流,辰,立,龍
たつろう,tatsurou,健朗,健郎,建朗,建郎,多津郎,達朗,達郎,辰朗,辰郎,立朗,立郎,竜朗,竜郎,龍朗,龍郎
たつを,tatsuo,達男,達雄
たつんど,tatsundo,達人,立人
たて,tate,立
たてあき,tateaki,健明,建昭,建明
たてお,tateo,館,経郎,健夫,健雄,建生,建夫,建雄,建郎,楯夫,盾夫,立夫
たてき,tateki,干騎,干城,健樹,健城,建樹,建城
たてし,tateshi,経史,建史,建志,立志
たてなり,tatenari,建成
たてのり,tatenori,建徳
たてひこ,tatehiko,建彦
たてひと,tatehito,建人
たてひろ,tatehiro,建広,建浩,建博
たてふみ,tatefumi,健文
たてゆき,tateyuki,健幸,健之,建行,建之,立行
たてよし,tateyoshi,建良
たてる,tateru,建,樹
たねあき,taneaki,胤聡,胤明,胤亮,種明,種亮
たねたか,tanetaka,胤隆
たねちか,tanechika,種親
たねとし,tanetoshi,胤俊
たねのぶ,tanenobu,種伸
たねひろ,tanehiro,胤博
たねやす,taneyasu,胤康
たのし,tanoshi,楽
たひち,tahichi,多陽地
たび,tabi,旅
たびじ,tabiji,旅路
たびと,tabito,旅人,旅途
たぶろう,taburou,多武郎
たへい,tahei,多平,太平
たまあき,tamaki,瑞晶
たまお,tamao,珠夫,珠雄
たまき,tamaki,環,環輝,環樹,玉希,圭規,圭来,珠規,珠輝,珠樹
たまきち,tamakichi,玉吉
たまひさ,tamahisa,玉寿,珠久
たまふみ,tamafumi,玉文,圭史
たみお,tamio,多美夫,太実雄,太美男,太美雄,辰己雄,民生,民男,民夫,民雄,民朗,民郎
たみかず,tamikazu,民一,民和
たみき,tamiki,民記,民樹,民生
たみじ,tamiji,民滋,民治,民二
たみと,tamito,民人
たみとし,tamitoshi,民季
たみなり,taminari,民成
たみのり,taminori,民悦,民憲,民則
たみはる,tamiharu,民治
たみひと,tamihito,民人,民仁
たみや,tamiya,多美也,民哉,民也,民弥
たみやす,tamiyasu,民安,民恭,民泰
たみゆき,tamiyuki,民幸,民行,民之
たみよし,tamiyoshi,民佳,民義
たみろう,tamirou,民朗
たみを,tamio,民雄
ためお,tameo,為男,為雄
ためかず,tamekazu,為和
ためき,tameki,為樹
ためつぐ,tametsugu,為嗣
ためと,tameto,為人
ためとし,tametoshi,為俊
ためのり,tamenori,為紀
ためはる,tameharu,為治
ためひこ,tamehiko,為彦
ためひさ,tamehisa,為久
ためひと,tamehito,為仁
ためもと,tamemoto,為元
ためよし,tameyoshi,為美
たもつ,tamotsu,惟,完,執,将,全,存,多持,任,扶,保,有
たもん,tamon,多聞,多門,太門,大紋
たゆら,tayura,多雄良
たるほ,taruho,足穂
たろう,tarou,多朗,多郎,太朗,太郎,大郎
たん,tan,探
だい,dai,大
だいいちろう,daichirou,大一朗,大一郎
だいがく,daigaku,大岳
だいき,daiki,太基,太希,太紀,太貴,太樹,大葵,大喜,大器,大基,大希,大幾,大揮,大棋,大毅,大気,大季,大稀,大紀,大規,大記,大貴,大起,大軌,大輝,大騎,大宜,大恭,大己,大樹,大城,大生,大揆,大暉
だいきち,daikichi,大吉
だいこう,daikou,大光
だいご,daigo,太吾,太悟,太剛,大伍,大吾,大悟,大碁,大護,大剛
だいごう,daigou,大剛
だいごろう,daigorou,大五郎,大吾朗,大吾郎,大悟朗,大悟郎
だいさく,daisaku,太作,太策,大作,大策
だいさぶろう,daisaburou,大三郎
だいざぶろう,daizaburou,代三郎,大三朗,大三郎
だいし,daishi,大史,大嗣,大士,大志,大視
だいしゅう,daishu,大修
だいしろう,daishirou,太志朗,大士朗,大士郎,大志郎
だいしん,daishin,大信,大進
だいじ,daiji,太士,太志,太治,代司,代次,代治,大司,大史,大嗣,大士,大志,大支,大侍,大児,大慈,大時,大次,大治,大爾,大示,大自,大寿,大樹,大地,大二,大之,大路,大貮
だいじゅ,daiju,大樹,奈樹
だいじろう,daijirou,太二朗,太二郎,大次郎,大治朗,大治郎,大仁朗,大地郎,大二朗,大二郎
だいすけ,daisuke,太介,太助,太典,太輔,太佑,太祐,太裕,太翼,太理,太亮,代介,代助,代輔,代祐,大育,大右,大栄,大延,大援,大介,大款,大匡,大喬,大恭,大行,大高,大佐,大資,大樹,大助,大奨,大将,大承,大昌,大生,大典,大督,大補,大輔,大佑,大祐,大裕,大翼,大理,大亮,大侑,大將,第介,第裕
だいずけ,daizuke,大介,大輔
だいせい,daisei,大征,大成,大誓
だいせつ,daisetsu,大拙
だいぞう,daizou,太造,大象,大蔵,大造,大藏
だいたろう,daitarou,大太郎
だいち,daichi,太地,太智,太池,大一,大治,大千,大知,大地,大智,大致
だいちろう,daichirou,大地郎
だいと,daito,大斗,大都,大翔
だいはち,daihachi,大八
だいはちろう,daihachirou,大八郎
だいひ,daihi,大飛
だいほ,daiho,大朋
だいもん,daimon,大門
だいや,daiya,大也
だいゆう,daiyu,大祐,大雄
だいろう,dairou,大郎
だいろく,dairoku,大陸
だいわ,daiwa,大和
だん,dan,団,壇,弾,暖,檀,段,男,團
だんじ,danji,壇児
だんぺい,dampei,段平
だんや,danya,男也
だんろう,danrou,壇郎
ちあき,chiaki,千瑛,千秋,知瑛,知暁,知晃,知秋,知彰,知昌,知昭,知晶,知章,知明,知玲,智映,智瑛,智暁,智秋,智昌,智昭,智晶,智照,智章,智明
ちあり,chiari,智有
ちおん,chion,智音
ちかあき,chikaki,哉晶,周明,親彰,親昭
ちかい,chikai,誓
ちかお,chikao,央夫,近夫,近雄,元生,史緒,史雄,周生,周男,周雄,周朗,慎士,慎雄,真雄,親央,親生,親男,親夫,親雄,親郎,誓男,誓夫,千佳生,千佳男,千佳夫,千加男,千果夫,千賀男,千賀雄,知賀雄,知生,智佳生,智佳雄,智加朗,智嘉雄,睦生,睦男,睦夫
ちかかず,chikakazu,親和
ちかし,chikashi,央,央司,幾,近,近司,近史,近志,近之,慶司,元,史,慈,爾,実志,周,周史,周紫,周之,親,親司,親史,親志,尋史,誓,誓史,誓士,誓志,千佳史,千加志,千香士,千香志,地夏志,睦,睦史,睦士,盟,悠,邇
ちかしげ,chikashige,親重
ちかぜ,chikaze,千風
ちかぞう,chikazou,近三,親三
ちかと,chikato,央人,親人,誓人,睦人
ちかとし,chikatoshi,哉利,周信,親寿,親俊,親稔,親利,親和
ちかとも,chikatomo,親朋
ちかなり,chikanari,近成,誓成
ちかのぶ,chikanobu,親延,親信
ちかのり,chikanori,近憲,近典,見典,元謙,史則,史典,親紀,親憲,親則,親典,親徳,親範,誓慎,千華徳
ちかはる,chikaharu,近春,親治,親晴,睦治
ちかひこ,chikahiko,愛彦,周彦,親彦
ちかひさ,chikahisa,慶久,周久,親久
ちかひで,chikahide,親英
ちかひと,chikahito,親人,親仁,睦人
ちかひろ,chikahiro,近博,充宏,親拡,親宏,親広,親弘,親裕,知加裕,知紘,知大,稚圭弘
ちかふさ,chikafusa,親房
ちかふみ,chikafumi,愛史,周史,周文,慎文,親史
ちかまさ,chikamasa,允将,史雅,親正
ちかみつ,chikamitsu,周光
ちかや,chikaya,史也,智也
ちかやす,chikayasu,実康,周尉,慎勉
ちかゆき,chikayuki,愛之,慶就,哉往,周之,親幸,親之,誓行
ちかよし,chikayoshi,哉勝,周喜,周和,親義,智由
ちから,chikara,権,才,史等,主悦,主税,周良,親良,勢,税,千佳良,千加良,千夏良,千香良,知賀等,知力,智加陽,智加良,智嘉羅,智唐,努,能力,睦等,力,力良
ちきゅう,chikyuu,地久
ちさと,chisato,千里
ちせお,chiseo,千世夫
ちたる,chitaru,千足
ちづるお,chizuruo,千鶴夫
ちづか,chizuka,千束
ちはや,chihaya,千早,千速
ちひろ,chihiro,千尋,地洋
ちへい,chihei,地平
ちぼう,chibou,地望
ちゃたろう,chatarou,茶太郎
ちゅういち,chuichi,忠一,忠市
ちゅういちろう,chuichirou,忠一郎
ちゅうごろう,chugorou,忠五郎
ちゅうざぶろう,chuzaburou,忠三郎
ちゅうしち,chushichi,仲七
ちゅうじ,chuji,宙士,宙児,忠司,忠次,忠治,忠二
ちゅうじろう,chujirou,忠次郎
ちゅうぞう,chuzou,宙三,忠三,忠蔵
ちゅうた,chuta,宙太
ちゅうたろう,chutarou,宙太郎,忠太朗,忠太郎
ちゅうひ,chuhi,宙飛
ちゅうへい,chuhei,仲平,宙平,忠平
ちゅうや,chuya,中哉,中也,宙哉,忠也,忠弥
ちゆう,chiyu,知勇
ちょう,chou,挑,超,跳
ちょういち,chouichi,長一
ちょういちろう,chouichirou,朝一郎,長一郎,長市郎
ちょうさく,chousaku,朝作
ちょうしろう,choushirou,長史朗,長詩郎
ちょうじ,chouji,兆司,朝司,朝次,超自,跳自,長司,長治,長二
ちょうじろう,choujirou,肇二郎
ちょうすけ,chousuke,挑介,長介
ちょうぞう,chouzou,長三,長造
ちょうた,chouta,潮太,長太
ちょうたろう,choutarou,長太郎
ちょうへい,chouhei,兆平
ちよかず,chiyokazu,千代一,千代和
ちよきち,chiyokichi,千代吉
ちんぺい,chimpei,陳平
つかさ,tsukasa,司,務,吏,僚,令
つきお,tsukio,月生,月男,津希夫,津貴夫
つきひこ,tsukihiko,月彦
つぎあき,tsugiaki,嗣明
つぎお,tsugio,嗣男,嗣夫,嗣雄,次生,次男,次夫,次雄,二男
つぎと,tsugito,嗣登
つぎのぶ,tsuginobu,次信
つぎのり,tsuginori,次紀,次徳
つぎひこ,tsugihiko,嗣彦
つぎひさ,tsugihisa,次久,次壽
つぎひろ,tsugihiro,次弘
つぎまさ,tsugimasa,継正
つぎもと,tsugimoto,継元
つくる,tsukuru,耕,作,創,造
つぐあき,tsuguaki,亜明,貢彰,嗣顕,嗣光,嗣章,次昭,紹右,仲明,弐亮
つぐお,tsuguo,亜央,亜生,亜夫,胤夫,継生,継男,継夫,継雄,貢雄,嗣央,嗣男,嗣夫,嗣雄,嗣朗,嗣郎,詞勇,次男,次夫,次雄,次朗,諭寛
つぐおみ,tsuguomi,嗣臣
つぐかず,tsugukazu,嗣一
つぐし,tsugushi,継史,嗣史
つぐじ,tsuguji,嗣治
つぐたか,tsugutaka,継孝
つぐたけ,tsugutake,嗣丈
つぐてる,tsuguteru,二照
つぐと,tsuguto,継人,嗣人,嗣登,嗣土,次人,亞人
つぐとし,tsugutoshi,継敏,次俊,次利,紹寿,宣年,二俊
つぐとも,tsugutomo,亜朝
つぐなが,tsugunaga,嗣永
つぐなり,tsugunari,継成,嗣誠,嗣也
つぐのすけ,tsugunosuke,継之助
つぐのぶ,tsugunobu,次伸,治信,紹伸
つぐのり,tsugunori,胤徳,継顕,継範,嗣規,嗣教,嗣憲,嗣功,嗣則,嗣典,緒謙,二徳,譜憲
つぐはる,tsuguharu,嗣治,嗣春
つぐひこ,tsuguhiko,亜彦,嗣彦,紹彦,二彦
つぐひさ,tsuguhisa,継久,嗣久,二久,韶久
つぐひで,tsuguhide,亜秀
つぐひと,tsuguhito,継仁,司仁,嗣人,嗣仁,次人,紹仁,倫仁
つぐひろ,tsuguhiro,継弘,貢大,嗣弘,嗣浩,嗣大,嗣洋,次弘,紹大,諭完,亞弘
つぐふみ,tsugufumi,胤文,諭史
つぐほ,tsuguho,継歩
つぐまさ,tsugumasa,継雅,継正,嗣雅,嗣政,次正,統正,二正
つぐみち,tsugumichi,嗣道,従道
つぐむ,tsugumu,嗣夢
つぐや,tsuguya,継哉,貢也,嗣哉,嗣也
つぐやす,tsuguyasu,嗣康,次康
つぐゆき,tsuguyuki,継之,嗣幸,嗣之,承之
つぐよし,tsuguyoshi,継義,嗣佳,嗣麗,次吉,紹義,紹芳
つぐより,tsuguyori,継頼
つぐる,tsuguru,告,嗣,詔,詔尊
つたう,tsutau,伝
つたえ,tsutae,傳衛
つたお,tsutao,津田夫,伝夫
つたのぶ,tsutanobu,伝宣
つつむ,tsutsumu,包
つづみ,tsuzumi,鼓
つとむ,tsutomu,佳,格,義,強,勤,勲,功,功夢,作力,司,孜,奨,勢,津富,努,努武,努夢,働,敦,任,敏,勉,務,孟,力,力武,力睦,励,労
つなお,tsunao,維郎,綱男,綱夫,綱雄,卓生,統夫
つなき,tsunaki,綱喜,綱基,綱貴,綱起,綱輝,綱樹,純宜,統紀,統貴,緑樹
つなくに,tsunakuni,綱邦
つなし,tsunashi,綱誌,津奈志
つなしげ,tsunashige,綱重
つなたか,tsunataka,綱孝,綱高
つなと,tsunato,維人
つなのぶ,tsunanobu,綱伸,綱宣,統進
つなはる,tsunaharu,綱治
つなひさ,tsunahisa,綱久
つなひと,tsunahito,綱仁
つなひろ,tsunahiro,維太,維大
つなまさ,tsunamasa,綱昌,綱正
つなゆき,tsunayuki,維起,綱行
つなよし,tsunayoshi,綱喜,綱吉,綱良,剛由
つね,tsune,常
つねあき,tsuneaki,経晃,経昌,経明,玄明,恒晃,恒彰,恒昭,恒章,恒成,恒明,恒亮,恒朗,常昭,常晶,常精,常明,典明,庸光,庸明,律章
つねあり,tsuneari,恒在,恒存,恒有
つねいちろう,tsuneichirou,常一郎
つねお,tsuneo,幹夫,経男,経夫,経雄,恒央,恒王,恒生,恒男,恒夫,恒雄,式生,常生,常男,常夫,常雄,宣夫,統男,庸央,庸男,庸夫,庸雄,庸和,律夫
つねおみ,tsuneomi,常臣
つねおり,tsuneori,恒織
つねかず,tsunekazu,経一,経和,恒一,恒和,常一,常和,庸和,恆和
つねかつ,tsunekatsu,常勝
つねき,tsuneki,経輝,恒喜,恒貴,恒樹,常喜,常己,常樹,典揮
つねきち,tsunekichi,常吉
つねきよ,tsunekiyo,常聖
つねごろう,tsunegorou,常五郎
つねさぶろう,tsunesaburou,常三郎
つねし,tsuneshi,経史
つねしげ,tsuneshige,常成
つねじ,tsuneji,恒司,恒次,恒治,恒二,常司,常次,常治
つねすけ,tsunesuke,恒介,常祐
つねぞう,tsunezou,常造
つねたか,tsunetaka,経貴,恒貴,恒喬,恒孝,常貴,常能,常隆,庸隆
つねただ,tsunetada,恒忠,常正
つねたろう,tsunetarou,常太郎
つねと,tsuneto,恒人,常人,常登,凡人,庸人
つねとし,tsunetoshi,恒俊,恒稔,恒利,常俊,常敦,常敏,常稔
つねとみ,tsunetomi,恒富
つねとも,tsunetomo,常知,常智,常朝,常友,庸公,庸智,庸倫
つねとよ,tsunetoyo,恒豊,常豊
つねなお,tsunenao,常実
つねなが,tsunenaga,恒永,常長
つねなり,tsunenari,経誠,恒成,常成,庸成
つねのぶ,tsunenobu,恒延,恒信,常宣,典伸,庸順,庸信,庸靖
つねのり,tsunenori,経乗,経典,経範,恒規,恒教,恒経,恒憲,恒至,恒則,恒智,恒典,恒徳,常紀,常憲,常宣,常則,常典,常法,凡徳,庸紀,庸訓,庸仁,倫紀
つねはる,tsuneharu,恒治,恒晴,常治,常晴,庸晴
つねひこ,tsunehiko,経彦,恒彦,常彦,毎彦,庸彦,恆彦,經彦
つねひさ,tsunehisa,恒久,恒寿,常久,典久,統久,庸久,倫久
つねひで,tsunehide,恒栄,恒英,恒秀
つねひと,tsunehito,恒人,恒仁,常人,常仁,庸人,庸仁
つねひら,tsunehira,常平
つねひろ,tsunehiro,経央,経宏,経広,経弘,経博,経裕,恒宏,恒弘,恒浩,恒宗,恒太,恒大,恒博,恒裕,恒洋,常寛,常宏,常弘,常浩,常泰,常博,常裕,常洋,常廣,典弘,庸弘,庸浩
つねふみ,tsunefumi,恒文,常郁,庸文
つねまさ,tsunemasa,経正,常允,常雅,常正,庸雅
つねみ,tsunemi,恒己,恒実,恒弥,常海,常水
つねみち,tsunemichi,経通,経道,恒亨,恒通,恒道,常道,常倫,庸道
つねみつ,tsunemitsu,恒光,恒充,常光,常充
つねもと,tsunemoto,幹元
つねや,tsuneya,恒哉,恒也,常哉,典也
つねやす,tsuneyasu,恒康,恒泰,恒保,常安,常泰,常保,庸恭,庸泰,庸能
つねゆき,tsuneyuki,経幸,経行,経之,恒幸,恒行,恒志,恒之,常幸,常行,常之,典幸,庸行,恆之
つねよ,tsuneyo,常世
つねよし,tsuneyoshi,恒儀,恒義,恒吉,恒慶,恒好,恒純,恒仁,恒善,式慶,常義,常吉,常睦,常由,常良,統祥,庸義,庸吉
つねより,tsuneyori,恒頼
つばさ,tsubasa,聖翼,隼,飛翼,飛翔,翼,翔
つもる,tsumoru,積
つゆき,tsuyuki,露貴,露輝
つゆと,tsuyuto,露人
つよき,tsuyoki,剛紀,剛起,剛樹,剛生,豪毅
つよし,tsuyoshi,威,威志,確,乾,侃志,幹,幹史,幹士,敢,敢史,毅,毅史,毅士,毅志,毅次,義,強,強司,強史,強士,強志,強至,傑,健,健義,健司,健師,健志,健資,堅,拳,厳,綱,鋼,剛,剛毅,剛健,剛司,剛史,剛嗣,剛士,剛始,剛志,剛旨,剛紫,剛至,剛視,剛資,剛之,剛脩,豪,豪史,豪志,穀,士,壮,壮志,耐,大,大剛,津義,津吉,津好,津代司,津代志,津由,津与志,都義,都吉,都世志,都美,都芳,彪,勉,猛,雄,養,力,烈,勁代志,嚴,壯,懿軒,洸
つよひで,tsuyohide,剛秀
つよひと,tsuyohito,強人,剛仁
つらのり,tsuranori,貫徳
つらゆき,tsurayuki,貫行,貫之
つるあき,tsuruaki,鶴昭,鶴章
つるお,tsuruo,鶴男,鶴夫,鶴雄
つるき,tsuruki,鶴喜
つるきち,tsurukichi,鶴吉
つるぎ,tsurugi,剣
つると,tsuruto,鶴人
つるよし,tsuruyoshi,鶴義
ていいち,teichi,貞一,貞市,堤一,定一,定市,悌一,禎一
ていいちろう,teichirou,貞一郎,悌一郎,禎一朗,禎一郎
ていざぶろう,teizaburou,禎三郎
ていじ,teiji,貞司,貞次,貞治,貞仁,貞二,定治,定二,悌司,悌次,悌二,汀路,禎司,禎史,禎次,禎治,禎二
ていじゅ,teiju,貞寿
ていじろう,teijirou,貞次郎,貞二郎,定次郎,悌次郎,悌二郎,禎二郎
ていすけ,teisuke,帝介,禎介,禎助,禎亮
ていぞう,teizou,貞三,悌三,抵三,禎三,禎蔵,禎造
ていた,teita,禎太
てっしょう,tesshou,哲彰,哲照,哲省,哲章
てっせい,tessei,哲成,哲生,哲聖,徹生,徹誠,鉄生
てった,tetta,哲太,徹太
てっぺい,teppei,哲兵,哲平,徹兵,徹平,鉄兵,鉄平,鐵兵
てつ,tetsu,哲,徹,鉄,軼
てつあき,tetsuaki,哲顕,哲晃,哲秋,哲彰,哲昭,哲晶,哲章,哲明,哲朗,徹晃,徹秋,徹昭,徹章,徹明,鉄明
てついち,tetsuichi,哲一,徹一,鉄一
てついちろう,tetsuichirou,哲一朗,哲一郎
てつえい,tetsuei,徹映
てつお,tetsuo,剛生,哲央,哲王,哲士,哲緒,哲人,哲生,哲大,哲男,哲夫,哲勇,哲雄,哲和,徹生,徹大,徹男,徹夫,徹勇,徹雄,撤於,鉄王,鉄生,鉄男,鉄津雄,鉄夫,鉄雄,鐵応,鐵男,鐵雄
てつおき,tetsuoki,徹意
てつおみ,tetsuomi,哲臣
てつき,tetsuki,哲樹
てつくに,tetsukuni,哲邦,徹有
てつごろう,tetsugorou,鉄五郎
てつさぶろう,tetsusaburou,鉄三郎
てつし,tetsushi,哲司,哲史,哲嗣,哲士,哲志,哲思,哲至,哲視,哲詩,哲洙,徹司,徹史,徹士,徹志,徹至,鉄史,鉄士,鉄志
てつしろう,tetsushirou,哲士朗
てつじ,tetsuji,哲司,哲史,哲嗣,哲士,哲始,哲市,哲志,哲至,哲児,哲慈,哲次,哲滋,哲治,哲示,哲而,哲自,哲寿,哲仁,哲二,哲路,徹司,徹史,徹士,徹志,徹児,徹次,徹治,徹仁,徹二,徹路,鉄司,鉄次,鉄治,鉄示,鉄二
てつじろう,tetsujirou,哲志朗,哲次郎,哲二郎,徹次郎,徹二郎,鉄次郎,鉄治郎
てつすけ,tetsusuke,哲介
てつぞう,tetsuzou,哲三,哲蔵,哲造,徹三,鉄三,鐵藏
てつたろう,tetsutarou,哲太朗,哲太郎,哲汰朗,徹太郎,鉄太郎,鐵太郎
てつちか,tetsuchika,哲親
てつと,tetsuto,哲人,徹人,鉄人
てつとし,tetsutoshi,哲聡,哲利,哲老
てつとも,tetsutomo,哲知,哲友
てつなお,tetsunao,哲直
てつなが,tetsunaga,鉄長
てつなり,tetsunari,哲宜,哲就,哲成,鉄成
てつのしん,tetsunoshin,鉄之伸
てつのすけ,tetsunosuke,哲之介,哲之輔,徹之介,鉄之介,鉄之輔
てつのぶ,tetsunobu,哲伸,哲之,哲庸,哲亘,徹伸,鉄信
てつのり,tetsunori,哲紀,哲規,哲教,哲憲,哲成,哲宣,哲則,哲典,哲徳,哲範,哲法,哲理,哲律,哲令,徹紀,徹規,徹議,徹典,徹徳,徹範,鉄徳
てつはる,tetsuharu,哲治,哲晴,哲陽,徹治,徹大,鉄治,鉄春,鉄晴
てつひこ,tetsuhiko,哲比古,哲彦,徹彦,鉄彦
てつひさ,tetsuhisa,哲央,哲久,哲尚,徹久,鉄久
てつひで,tetsuhide,哲英,哲央,哲秀,徹英,徹豪,鉄英
てつひと,tetsuhito,哲史,哲人,哲仁,徹士,徹人,鉄人
てつひろ,tetsuhiro,哲拡,哲寛,哲宏,哲広,哲弘,哲浩,哲丈,哲尋,哲大,哲博,哲彦,哲弥,哲裕,哲洋,徹栄,徹寛,徹宏,徹広,徹弘,徹浩,徹航,徹大,徹博,徹裕,徹容,徹洋,鉄宏,鉄大,鉄博,鉄洋
てつひん,tetsuhin,哲斌
てつふみ,tetsufumi,哲史,哲典,哲文,徹史,徹文
てつへい,tetsuhei,哲平
てつま,tetsuma,哲馬,哲磨,徹真,徹路,鉄真
てつまさ,tetsumasa,哲幹,哲昌,哲正,徹雅,徹昌,徹真,鉄昌
てつみ,tetsumi,哲己,哲三,哲実,哲臣,哲巳,徹己,徹三,徹実
てつみち,tetsumichi,哲道
てつむね,tetsumune,哲宗
てつもり,tetsumori,哲守
てつや,tetsuya,堤津也,哲哉,哲也,哲弥,哲矢,哲彌,徹哉,徹也,徹夜,徹弥,徹矢,撤哉,鉄哉,鉄八,鉄也,鉄弥,鉄矢,天都也
てつやす,tetsuyasu,哲安,哲康,哲靖
てつゆき,tetsuyuki,哲幸,哲行,哲征,哲之,徹幸,徹行,徹到,徹之,鉄之
てつよ,tetsuyo,哲世,哲代
てつよし,tetsuyoshi,哲嘉,哲義,哲好,哲次,哲美,哲睦,哲由,哲良,徹吉,鉄義
てつり,tetsuri,哲理
てつろう,tetsurou,哲朗,哲郎,徹朗,徹郎,鉄朗,鉄郎,鐵朗
てる,teru,瑛,輝,照,耀
てるあき,teruaki,映光,栄亮,瑛章,央顕,央招,輝映,輝憲,輝顕,輝晃,輝秋,輝彰,輝昌,輝昭,輝章,輝彬,輝明,輝亮,輝朗,光映,光顕,光行,光彰,光昭,光章,光明,光陽,光亮,光朗,晃彰,晃章,晃彬,晃明,晃朗,彰顕,昭明,照旭,照晃,照秋,照彰,照昭,照晶,照章,照旦,照哲,照明,照陽,照朗,曜彰,曜章,皓章,皓明
てるあさ,teruasa,輝朝
てるい,terui,晃以
てるいち,teruichi,輝一
てるうみ,terumi,輝海
てるお,teruo,映夫,栄緒,栄雄,栄朗,央夫,輝央,輝生,輝大,輝男,輝夫,輝勇,輝雄,輝郎,光生,光勇,光雄,晃央,晃弘,晃生,晃男,晃夫,晃勇,晃雄,晃隆,晃朗,晃郎,彰男,彰夫,昭夫,昭雄,晶雄,照央,照士,照生,照男,照夫,照雄,照朗,照郎,曜生,暉夫,皓雄
てるおき,teruoki,栄興,輝起,光沖,皓興
てるおみ,teruomi,輝臣,光臣,晃臣
てるかず,terukazu,映和,輝一,輝和,晃一,晃憲,晃和,照一,照和
てるかつ,terukatsu,輝勝,照勝
てるき,teruki,映希,映樹,央希,央樹,輝喜,輝基,輝希,輝機,輝毅,輝紀,輝記,輝貴,輝起,輝軌,輝己,輝樹,光貴,光樹,晃揮,晃毅,晃輝,晃己,照喜,照貴,照起,照樹,照生,耀記,陽輝,皓輝
てるきよ,terukiyo,輝清,輝白,照清
てるくに,terukuni,英城,輝久仁,輝訓,輝州,輝邦,昭国,照国
てるさだ,terusada,光貞
てるし,terushi,輝志,晃士,照司,照史
てるしげ,terushige,輝薫,輝重,輝成,輝繁,晃茂,照重
てるじ,teruji,央司,輝次,輝治,晃至,晃治,照司,照慈,照治,照仁,照二
てるすみ,terusumi,輝澄
てるぞう,teruzou,輝三,輝蔵,照三
てるたか,terutaka,映孝,央敬,輝貴,輝圭,輝好,輝孝,輝高,輝誉,輝隆,光貴,光孝,晃孝,晃崇,晃生,照恭,照敬,照孝,照高,照星,照尊,照隆,曜教,暉高
てるたけ,terutake,輝壮,晃武,照剛
てるただ,terutada,輝匡,輝考,輝忠
てるたみ,terutami,輝民
てるたろう,terutarou,照太郎
てるちか,teruchika,輝親,晃央,晃睦
てるつぎ,terutsugi,輝次
てるつぐ,terutsugu,輝嗣,輝次,光亜,光世,晃嗣,明嗣
てるつね,terutsune,輝恒
てると,teruto,輝人,輝登,輝飛,光人,暉人
てるとし,terutoshi,輝俊,輝星,光章,晃敏,晃利,照敏
てるとも,terutomo,輝智,光朝
てるなお,terunao,輝直,照尚
てるなが,terunaga,輝永,晃永,照永
てるなり,terunari,輝成
てるのすけ,terunosuke,輝之助
てるのぶ,terunobu,映亘,輝慶,輝伸,輝信,輝宣,輝展,輝亘,光将,光伸,光信,光申,光宣,晃伸,晃宣,晃庸,照信,曜正
てるのり,terunori,輝紀,輝記,輝憲,輝智,輝典,輝徳,輝範,輝法,光紀,晃規,晃式,照憲,照徳
てるはる,teruharu,輝治
てるひこ,teruhiko,映彦,央光,央彦,輝比古,輝彦,光彦,晃彦,昭彦,照彦,晴彦,天留彦,陽光,皓彦
てるひさ,teruhisa,映久,瑛久,央永,輝久,輝寿,輝尚,晃永,晃央,晃久,晃寿,晃尚,彰久,晶久,照久,照尚,日久
てるひで,teruhide,輝英,輝秀,晃秀,照英
てるひと,teruhito,映人,映仁,英史,輝一,輝史,輝士,輝人,輝仁,光人,晃史,照人,照仁,暉仁
てるひら,teruhira,照平
てるひろ,teruhiro,旭洋,映寛,英彦,輝寛,輝啓,輝宏,輝弘,輝浩,輝大,輝博,輝洋,光啓,光宏,晃啓,晃宏,晃弘,晃大,晃洋,彰宏,照寛,照啓,照弘,照浩,照博,皓大
てるふみ,terufumi,輝史,輝文,晃史,照史,照文
てるぶみ,terubumi,照文
てるまさ,terumasa,映眞,英匡,英正,央昌,央聖,輝雅,輝匡,輝公,輝将,輝昌,輝真,輝成,輝政,輝正,輝聖,輝当,輝將,輝眞,暁正,光正,晃匡,晃将,晃昌,晃成,晃政,晃正,晃和,照雅,照薫,照済,照将,照昌,照真,照政,照正,皓昌,皓正
てるみち,terumichi,輝運,輝通,輝道,光生,光通,光伯,光理,晃康,晃通,照通,照道,照路
てるみつ,terumitsu,映光,栄光,央光,輝光,輝充,輝彦,輝満,光充,晃充,昭光,昭充,照光,照満,晄三
てるみね,terumine,光峰
てるむね,terumune,輝宗
てるもと,terumoto,央大,照元
てるや,teruya,旭哉,瑛也,輝哉,輝也,輝弥,晃也,照也,照弥
てるやす,teruyasu,央泰,輝康,輝泰,輝保,輝靖,光尉,光快,光康,晃安,晃育,晃康,晃弥,晃靖,彰康,照恭,照康,照泰,照靖,曜靖
てるゆき,teruyuki,映幸,映行,映之,瑛之,英志,央幸,央行,輝幸,輝行,輝志,輝至,輝之,光亨,光幸,光至,光之,光由,晃教,晃孝,晃幸,晃行,晃志,晃千,晃透,晃之,昭之,照起,照享,照幸,照行,照将,照之,照礼,曜行,皓之
てるよし,teruyoshi,英嘉,英義,英仁,央啓,央剛,央芳,輝佳,輝宜,輝義,輝吉,輝欣,輝好,輝克,輝善,輝典,輝美,輝芳,輝良,光能,光由,光良,晃佳,晃嘉,晃歓,晃貴,晃義,晃慶,晃功,晃好,晃祥,晃芳,晃由,晃良,彰泰,昭祥,昭美,昭和,照佳,照義,照美,照芳,照由,照良,暉好
てるを,teruo,彰男
てんか,tenka,天夏
てんが,tenga,天河
てんき,tenki,天輝
てんご,tengo,展吾
てんし,tenshi,天志
てんしょう,tenshou,天翔
てんしん,tenshin,天心
てんせい,tensei,典正
てんち,tenchi,天地
てんと,tento,天人
てんま,tenma,天馬
てんめい,tenmei,天明
てんゆう,tenyu,天佑
でつや,detsuya,哲也
でん,den,伝
でんいち,denichi,伝一
でんいちろう,denichirou,伝一朗
とう,tou,闘
とうい,toui,冬威
とういちろう,touichirou,東一郎,統一郎,藤市郎,透一郎
とうが,touga,冬芽
とうきちろう,toukichirou,藤吉郎
とうご,tougo,桐吾,冬吾,東伍,東吾,統吾,統悟,藤吾,闘吾,瞳吾
とうし,toushi,統史,透志,闘志
とうじ,touji,東児,東二,統治
とうじゅうろう,toujurou,東十郎
とうじろう,toujirou,東次郎,桃次郎,統治朗,統二郎
とうた,touta,稲太,兜太,桐大,登太,統太,到太,藤太,踏太,透太,任太
とうたろう,toutarou,統太郎,藤太郎
とうち,touchi,透地
とうま,touma,冬真,冬馬,刀麻,桃馬,透真,透馬
とうむ,toumu,刀夢
とうや,touya,冬野,透也,透矢,柊弥
とうり,touri,透悟
とうる,touru,亨
とおし,toshi,遠
とおま,toma,十磨,十雄馬,透摩
とおる,toru,格,貫,亨,享,啓,公,孔,済,進,澄,宣,太,耐,泰,達,暢,超,通,哲,徹,徹瑠,渡欧留,統,到,透,導,道,融,予,利,理,竜,龍,了,亮,亘,傳
とかし,tokashi,都河士
ときあき,tokiaki,時秋
ときいち,tokichi,時一
ときお,tokio,解夫,外喜夫,季朗,暁雄,時央,時貴男,時生,時男,時夫,時雄,時朗,十樹男,斗紀雄,斗貴夫,登喜男,登喜雄,登紀男,登紀夫,登紀雄,登規夫,登貴男,登貴雄,登起男,都輝央,東毅雄,到規男,渙男
ときかず,tokikazu,暁一,暁和,時和,聡一,東貴和
ときかつ,tokikatsu,時勝
ときさだ,tokisada,時禎
ときしげ,tokishige,時茂,斉重
ときじ,tokiji,時治,時示
ときぞう,tokizou,時造
ときた,tokita,時太
ときたか,tokitaka,季高,時隆
ときただ,tokitada,時忠
ときと,tokito,時人
ときなり,tokinari,勅成
ときのぶ,tokinobu,時信,宙亘,兆伸
ときのり,tokinori,時宣,時則,宗律,宗了,祝宣,世師,聡徳
ときはる,tokiharu,時治,昇希晴,信晴,節治
ときひこ,tokihiko,期彦,季彦,時彦,斉彦,説彦,宙彦
ときひさ,tokihisa,時久,時尚
ときひと,tokihito,時人,十紀人
ときひら,tokihira,聡祥
ときひろ,tokihiro,時寛,時啓,時宏,時弘,時浩,時大,時博,時洋,時廣,節寛,聡宏,聡大,辰世
ときふみ,tokifumi,祈史
ときへい,tokihei,時平
ときまさ,tokimasa,季正,時政,登喜正
ときまる,tokimaru,常丸
ときみつ,tokimitsu,候充,時光,時充,登輝光
ときみね,tokimine,宗峰
ときむね,tokimune,時宗
ときや,tokiya,克己,時哉,時也,時弥,時矢,斗希也,冬気也
ときやす,tokiyasu,時恭,時康,時保
ときゆき,tokiyuki,時之,辰行
ときよし,tokiyoshi,時宜,時義,時敬,辰可,勅嘉,勅欣,登起義
とくあき,tokuaki,徳顕,徳晃,徳明,督明,篤明
とくいち,tokuichi,得市,徳一,徳市,篤一
とくいちろう,tokuichirou,徳一郎,督一郎,篤一郎
とくお,tokuo,登久雄,得生,得男,得雄,徳生,徳男,徳夫,徳雄,徳郎,督夫,篤男
とくおみ,tokuomi,篤臣
とくかず,tokukazu,徳一
とくさぶろう,tokusaburou,徳三郎
とくしげ,tokushige,篤重
とくしろう,tokushirou,得四郎,徳司郎,徳四郎,徳伸朗
とくじ,tokuji,登久二,得司,得史,得治,得二,得路,徳司,徳士,徳時,徳治,徳爾,徳寿,徳二,督治,督二,篤司,篤治
とくじろう,tokujirou,徳次郎,徳治郎,徳二郎
とくじん,tokujin,徳仁
とくすけ,tokusuke,徳介,徳輔,篤介
とくぞう,tokuzou,得三,徳三,徳蔵,督三
とくた,tokuta,徳太
とくたろう,tokutarou,徳太朗,徳太郎,篤太郎
とくなり,tokunari,徳成,徳誠,篤也
とくのしん,tokunoshin,得之信
とくのぶ,tokunobu,篤宣
とくのり,tokunori,徳学,徳紀,徳規,徳憲,徳仁,徳政,徳則,徳典,徳法,徳倫,督徳,篤紀,篤典,篤範
とくはる,tokuharu,得晴,徳治,徳冶
とくひこ,tokuhiko,得彦,徳彦
とくひさ,tokuhisa,得寿,徳久,徳仁,督久,篤久
とくひで,tokuhide,徳英,徳秀
とくひと,tokuhito,徳人
とくひろ,tokuhiro,得広,得博,得祐,徳寛,徳宏,徳広,徳弘,徳浩,徳大,徳博,徳裕,督大,篤敬,篤宏,篤弘,篤博
とくふみ,tokufumi,徳郁
とくべえ,tokube,徳兵衛
とくま,tokuma,徳真,徳馬,徳磨,徳麻
とくまさ,tokumasa,得雅,得傑,徳雅,徳匡,徳尚,徳昌,徳政
とくまる,tokumaru,徳丸
とくみ,tokumi,徳己,徳三,徳実
とくみち,tokumichi,徳通,徳道,篤道
とくみつ,tokumitsu,徳光
とくもり,tokumori,徳盛
とくや,tokuya,徳哉,徳也,督也,篤哉,篤也,篤弥
とくやす,tokuyasu,徳恭,徳健,篤康
とくゆき,tokuyuki,得之,徳幸,徳行,徳之,督幸,督行
とくよし,tokuyoshi,得由,徳義,徳善,徳芳,徳良
とくろう,tokurou,得郎,徳朗,徳郎,篤朗,篤郎
としあき,toshiaki,季晃,季昭,季明,紀昌,紀昭,紀明,敬明,憲昭,賢明,考亮,才景,才明,歳昭,歳明,寿暁,寿顕,寿晃,寿秋,寿彰,寿昭,寿晶,寿章,寿哲,寿明,寿亮,寿朗,寿顯,淑晃,淑明,俊旭,俊瑛,俊暁,俊見,俊顕,俊光,俊晃,俊秋,俊彰,俊昌,俊昭,俊晶,俊省,俊祥,俊章,俊聡,俊哲,俊明,俊亮,俊曉,峻愛,淳暁,信朗,聖明,聡輝,聡晃,聡昭,聡晶,聡章,聡明,聡亮,聡朗,智旭,智彰,登志明,藤志明,敦昭,年晃,年秋,年昭,年晶,年章,年哲,年明,敏瑛,敏輝,敏顕,敏公,敏晃,敏秋,敏彰,敏昌,敏昭,敏晶,敏章,敏聡,敏明,敏耀,敏了,敏亮,敏朗,富氏章,稔映,稔晃,稔秋,稔昭,稔晶,稔章,稔哲,稔明,稔亮,利謙,利顕,利光,利公,利晃,利秋,利彰,利昌,利昭,利晶,利章,利成,利聡,利知,利哲,利明,利亮,利朗,理章,理明,聰明
としあつ,toshiatsu,敏厚,稔淳,利厚
としいえ,toshie,俊家,利家
としいち,toshichi,寿一,俊一,敏一,壽一
としいちろう,toshichirou,俊一郎,利一郎
としえい,toshiei,利衛
としお,toshio,外史男,外志男,外志夫,外志雄,季生,季夫,紀男,紀夫,紀雄,暁生,敬雄,健男,健夫,虎志雄,歳生,歳男,歳雄,歳郎,寿央,寿生,寿男,寿尾,寿夫,寿勇,寿雄,寿朗,寿郎,宗夫,宗躍,十四夫,十四雄,十志夫,淑夫,淑雄,俊央,俊王,俊士,俊生,俊男,俊夫,俊雄,俊朗,俊郎,駿夫,順朗,世朗,聖生,聡生,聡男,聡夫,聡雄,聡郎,智士,智生,智雄,斗志男,斗志夫,斗志雄,斗施雄,登司夫,登司雄,登姿雄,登志生,登志男,登志夫,登志雄,登志郎,登尚雄,都志夫,都紫夫,土支夫,刀志男,東詩雄,統志夫,年央,年緒,年生,年男,年雄,年郎,敏央,敏生,敏男,敏夫,敏扶,敏雄,敏朗,敏郎,富志男,富志雄,稔生,稔大,稔男,稔夫,稔雄,稔朗,稔郎,明男,利央,利司夫,利志夫,利生,利男,利夫,利雄,利朗,利郎,倫生,倫男,壽男,壽夫,壽雄,壽郎
としおき,toshioki,俊興,利興,利典
としおみ,toshiomi,俊臣,聡臣,敏臣,利臣,壽臣
としかず,toshikazu,鋭和,季三,季和,紀一,賢一,賢和,校和,歳和,寿一,寿知,寿量,寿和,宗一,俊一,俊勝,俊多,俊量,俊和,駿和,仁一,聡一,聡和,智雄,智和,登士和,登志一,年一,年和,肇一,隼一,隼司,隼和,繁一,敏一,敏員,敏計,敏算,敏守,敏数,敏和,稔一,稔員,稔司,稔和,利一,利員,利士一,利数,利和,壽一,壽和,聰和
としかた,toshikata,俊剛,利方
としかつ,toshikatsu,季克,紀克,健功,寿克,寿勝,寿勉,俊克,俊勝,俊彰,俊和,章克,聡克,聡勉,徹勝,等勝,年功,年克,年勝,敏活,敏且,敏克,敏勝,稔勝,要勝,利且,利功,利克,利勝
としかづ,toshikazu,寿一,俊一,俊和,稔和,利一
としき,toshiki,英樹,季輝,季樹,紀基,紀貴,紀樹,憲樹,考起,歳樹,寿喜,寿基,寿紀,寿規,寿記,寿貴,寿起,寿輝,寿宜,寿樹,寿城,寿来,宗紀,淑樹,俊幹,俊喜,俊器,俊基,俊岐,俊希,俊幾,俊揮,俊毅,俊季,俊紀,俊規,俊記,俊貴,俊起,俊輝,俊樹,俊生,峻規,峻起,駿貴,駿輝,世規,聡希,聡貴,聡己,聡樹,智基,智紀,智輝,智己,智樹,渡史樹,登司貴,登史紀,登史樹,登志貴,登志樹,到来,敦樹,年揮,年紀,年記,年貴,年起,年輝,年樹,隼揮,隼輝,敏喜,敏基,敏希,敏機,敏季,敏紀,敏規,敏記,敏貴,敏輝,敏己,敏樹,敏生,富史樹,稔喜,稔基,稔季,稔規,稔貴,稔己,稔哉,稔樹,明紀,利喜,利器,利基,利毅,利季,利紀,利規,利記,利貴,利騎,利樹,利生,理貴,理樹,律揮,壽樹
としきよ,toshikiyo,寿清,俊清,敏清
としくに,toshikuni,寿訓,寿邦,樹邦,叔邦,俊匡,俊国,俊邦,年邦,敏之,敏邦,敏有,利国,利州,利地,利邦
としさだ,toshisada,寿貞,聡貞,敏貞,利貞,利定
としさぶろう,toshisaburou,利三朗
とししげ,toshishige,鋭成,寿成,俊成,俊茂,敏茂,稔茂,利茂
としじ,toshiji,才二,歳司,寿二,俊司,俊次,俊治,俊二,聡二,登志二,敏司,敏次,敏治,敏二,利次,利治,利二
としじろう,toshijirou,敏次郎,敏二郎
としすけ,toshisuke,寿介,俊介,俊資,俊典,俊輔,敏資,敏祐,利祐
としずみ,toshizumi,利純,利澄
としぞう,toshizou,歳三,俊三,智三,敏三,敏蔵,稔三,利三,利造
とした,toshita,利太
としたか,toshitaka,英貴,季陵,紀貴,寿貴,寿孝,寿考,寿高,寿尚,寿崇,寿隆,宗位,宗嵩,淑貴,俊毅,俊貴,俊享,俊敬,俊孝,俊崇,俊尊,俊卓,俊廷,俊峰,俊茂,俊隆,章誉,聡毅,聡貴,聡孝,聡高,智尚,智堂,登志考,年央,年孝,年隆,敏貴,敏宜,敏孝,敏考,敏高,敏臣,敏崇,敏卓,敏隆,稔貴,稔敬,稔高,稔尚,稔崇,稔隆,利宇,利毅,利貴,利宜,利享,利敬,利孝,利高,利崇,利隆,理崇,聰隆
としたけ,toshitake,寿丈,俊毅,俊剛,俊豪,俊丈,俊武,聡威,智猛,年猛,敏剛,敏丈,敏武,稔健,利健,利建,利剛,利壮,利武
としただ,toshitada,俊匡,俊公,俊忠,俊任,聡祥,敏忠,稔直,利忠
としたつ,toshitatsu,歳竜,寿竜,俊達,駿龍,利達
としたろう,toshitarou,寿太郎,肇太郎
としちか,toshichika,宗史,俊哉,俊親,俊睦,敏周,敏親,稔睦,利親
としつか,toshitsuka,敏司
としつぎ,toshitsugi,敏次
としつぐ,toshitsugu,哉亜,寿貢,寿次,俊胤,俊継,俊嗣,俊次,智次,登史嗣,登志次,刀志嗣,年次,敏継,敏貢,敏嗣,敏次,利継,利嗣,利次,利譜,倫嗣
としつな,toshitsuna,俊綱,利綱
としつね,toshitsune,寿常,利常
としつら,toshitsura,稔常
としてる,toshiteru,暁輝,寿光,寿照,俊輝,俊光,敏輝,敏照,利晃
としと,toshito,俊人,敏人,利人
としとも,toshitomo,利朝,理知
としなお,toshinao,寿直,宗直,俊尚,俊直,聡直,敏修,敏尚,敏直,稔直,利公,利尚,利真,利直,利有
としなか,toshinaka,寿仲
としなが,toshinaga,季良,寿永,年永,敏良,利長
としなり,toshinari,鏡友,寿成,寿生,寿也,俊哉,俊就,俊成,俊徳,俊也,峻成,登志成,年成,敏巧,敏哉,敏成,敏生,敏誠,敏斉,敏也,稔成,稔生,稔也,利成
としのぶ,toshinobu,季伸,寿伸,寿信,寿宣,寿暢,寿展,寿亘,宗将,俊延,俊修,俊将,俊伸,俊信,俊紳,俊進,俊宣,俊暢,俊廷,俊展,俊布,俊亘,章信,世庸,聡伸,聡信,聡宣,智信,智之,智庸,智頌,登志信,年延,年伸,年信,年展,肇伸,肇暢,敏修,敏順,敏伸,敏信,敏進,敏宣,敏暢,稔信,稔展,利延,利薫,利修,利伸,利信,利宣,利暢,利長,利亘,壽信
としのり,toshinori,栄徳,鋭則,鋭典,季則,季典,紀真,紀徳,恵規,健生,憲広,歳紀,歳則,寿基,寿紀,寿規,寿記,寿宜,寿教,寿憲,寿悟,寿考,寿成,寿則,寿典,寿徳,寿範,寿法,寿倫,寿論,宗徳,十志範,淑訓,粛功,俊雅,俊紀,俊規,俊宜,俊教,俊敬,俊憲,俊式,俊象,俊宣,俊則,俊知,俊智,俊哲,俊典,俊統,俊徳,俊範,俊文,俊法,俊理,俊倫,俊礼,俊論,俊亘,駿典,順記,順智,順雄,仁憲,世紀,成憲,聖宜,誠法,聡紀,聡規,聡登,聡倫,智紀,智功,智詞,智仙,智徳,登司憲,登志紀,都志則,年規,年記,年教,年憲,年則,年範,肇法,敏紀,敏規,敏記,敏教,敏敬,敏憲,敏謙,敏康,敏宗,敏順,敏仁,敏宣,敏則,敏哲,敏典,敏徳,敏範,敏陛,敏法,稔紀,稔規,稔記,稔功,稔則,稔智,稔典,稔統,稔倫,利基,利紀,利宜,利教,利謹,利憲,利至,利章,利宣,利則,利典,利徳,利範,利法,壽紀,壽則,壽徳,壽範
としはる,toshiharu,季治,亨浩,才治,寿治,寿春,寿晴,寿張,樹春,俊玄,俊治,俊春,俊晴,俊日,俊美,俊輔,俊陽,淳良,世始,聖晴,聡治,聡晴,智治,智春,登史治,登志春,登志晴,都史春,統史温,年治,年春,年晴,年冶,隼陽,敏玄,敏治,敏春,敏晴,稔治,稔春,稔晴,利治,利春,利晴,利明,利陽,隆之,壽治,壽春,壽晴,壽令
としひこ,toshihiko,英彦,鋭彦,季彦,紀彦,暁彦,憲彦,歳彦,史彦,寿彦,十詩彦,淑彦,俊比古,俊彦,順彦,聡彦,智彦,登司彦,登士彦,登志彦,都志彦,年彦,敏比古,敏彦,冨次彦,稔彦,明彦,利彦,壽彦
としひさ,toshihisa,季久,紀久,紀尚,歳久,資久,寿久,寿尚,宗央,俊久,俊寿,俊尚,俊壽,仁久,聡久,聡尚,知央,智央,智久,智寿,登志久,敏央,敏久,敏寿,敏長,稔学,稔久,稔尚,利久,利寿,利尚
としひで,toshihide,季秀,紀秀,暁秀,慶一,敬英,健秀,歳英,寿英,寿豪,寿秀,俊栄,俊英,俊傑,俊豪,俊秀,聖英,聡秀,智英,登志秀,年英,年秀,肇秀,敏英,敏秀,稔英,利栄,利英,利季,利秀,和日出,壽英,壽秀
としひと,toshihito,愛仁,敬人,国分,寿人,寿仁,宗人,淑人,俊人,俊仁,駿人,聡人,聡仁,智史,智人,智仁,登志人,年均,敏人,敏仁,稔人,稔仁,要人,利一,利公,利史,利人,利仁,了仁,壽仁
としひろ,toshihiro,逸裕,鋭弘,鋭浩,鋭大,翁弘,季宏,季広,季弘,季洋,紀宏,紀浩,紀太,紀博,紀裕,紀洋,敬弘,敬浩,敬裕,健弘,考弘,寿寛,寿啓,寿宏,寿広,寿弘,寿浩,寿紘,寿仁,寿大,寿博,寿祐,寿裕,寿洋,宗弘,宗浩,宗大,十志博,淑浩,淑裕,俊央,俊寛,俊啓,俊敬,俊互,俊宏,俊広,俊弘,俊浩,俊紘,俊治,俊宣,俊泰,俊大,俊博,俊蕗,俊祐,俊裕,俊洋,俊廣,俊皓,峻洸,駿光,仁宏,世浩,世大,聖弘,聖大,聡寛,聡宏,聡弘,聡浩,聡大,聡展,聡博,聡裕,聡洋,智啓,智宏,智弘,智博,智裕,智洋,登志宏,登志広,登志弘,都志大,敦浩,敦博,年寛,年啓,年宏,年広,年弘,年浩,年博,年祐,年裕,年洋,年廣,肇啓,肇宏,肇浩,隼外,隼弘,敏央,敏寛,敏啓,敏宏,敏広,敏弘,敏浩,敏紘,敏丈,敏聖,敏大,敏展,敏博,敏祐,敏裕,敏洋,敏廣,甫啓,稔啓,稔宏,稔広,稔弘,稔浩,稔紘,稔太,稔泰,稔大,稔博,稔裕,稔洋,雄大,利央,利寛,利啓,利公,利宏,利広,利弘,利浩,利周,利宗,利純,利泰,利大,利博,利祐,利裕,利洋,利廣,梨寛,理宏,理広,理博,理裕,倫弘,壽啓,壽宏,壽弘,壽浩,壽仁,壽大,禧寛
としふさ,toshifusa,敏房,利芳,利房
としふみ,toshifumi,逸史,季史,紀史,紀文,亨文,享史,敬史,憲文,載文,賛史,寿史,寿文,淑文,俊郁,俊史,俊典,俊文,順文,聡史,聡文,智史,智文,渡志文,登志史,登志文,年史,念史,敏史,敏文,稔郁,稔史,稔章,稔文,利郁,利史,利志文,利典,利文,理史,壽文
としふゆ,toshifuyu,敏冬
としぶみ,toshibumi,俊史,俊文,敏史,敏文,利文
としまさ,toshimasa,季正,歳昌,歳正,財将,寿匡,寿昌,寿真,寿政,俊允,俊雅,俊匡,俊賢,俊将,俊昌,俊真,俊政,俊正,俊多,俊祐,俊理,駿将,駿正,章正,聡将,知将,智修,智将,惇大,年成,年正,年優,年將,敏雅,敏匡,敏公,敏昌,敏真,敏政,敏正,敏全,敏眞,稔賢,稔昌,稔祐,稔理,稔將,利允,利雅,利匡,利公,利将,利昌,利真,利政,利正,利方,利優,利理,壽將
とします,toshimasu,利益
としまろ,toshimaro,寿麿
としみち,toshimichi,季通,紀道,寿道,寿倫,寿迪,叔径,俊充,俊成,俊通,俊道,俊理,俊倫,俊路,峻理,聖進,智通,智道,登志道,都志道,敏充,敏通,敏途,敏道,稔真,稔統,明道,利経,利充,利通,利道,利満,利倫,利路
としみつ,toshimitsu,紀光,紀充,寿光,寿満,淑光,俊允,俊恭,俊慶,俊光,俊三,俊充,俊満,聡允,聡光,聡充,智三,智充,登史光,登志光,年光,年充,敏光,敏充,敏満,稔光,利允,利光,利実,利充,利通,利之,利満,利蜜,理充,壽光
としむね,toshimune,寿宗,俊宗,敏宗,利宗
としもと,toshimoto,俊元,敏元,利元
としもり,toshimori,俊守,利守
としや,toshiya,逸也,季也,紀哉,紀也,紀弥,暁也,敬也,歳也,史哉,寿家,寿哉,寿也,寿弥,寿矢,宗哉,宗也,宗矢,修哉,十志也,叔也,淑哉,淑也,俊哉,俊也,俊弥,俊矢,準哉,捷也,聖也,聡哉,聡也,聡弥,聡矢,聡彌,知也,智哉,智也,鋳哉,斗志矢,登士哉,登志也,刀志也,東志也,灯至也,等志也,年哉,年也,年弥,肇哉,肇也,隼也,隼矢,敏哉,敏也,敏弥,敏矢,敏彌,敏椰,稔哉,稔也,稔弥,稔矢,利哉,利也,利弥,理也,倫也,和久哉,壽哉,壽也,曉也
としやす,toshiyasu,衡育,歳康,寿安,寿恭,寿康,淑安,俊安,俊康,俊泰,俊保,仁康,智尉,智靖,敦靖,年泰,年保,敏安,敏恭,敏康,敏泰,敏保,敏靖,稔康,稔泰,利安,利恭,利康,利祥,利泰,利保
としゆき,toshiyuki,外志幸,毅之,季幸,季之,紀元,紀幸,紀行,紀志,紀至,紀之,暁之,訓之,恵幸,恵行,敬之,健行,賢幸,賢之,豪公,哉志,才幸,才行,歳介,歳之,寿亨,寿元,寿幸,寿行,寿之,寿侑,淑行,淑之,俊維,俊介,俊亨,俊享,俊恭,俊元,俊孝,俊幸,俊行,俊志,俊至,俊進,俊征,俊透,俊如,俊之,準起,順幸,章介,信行,信志,世幸,聖幸,聖之,聖由樹,聡介,聡行,聡之,智介,智幸,智行,智章,智之,智由,登志行,登志之,年幸,年行,年之,肇之,隼幸,隼之,敏介,敏享,敏幸,敏行,敏至,敏征,敏如,敏之,敏由,敏由紀,敏裕,稔幸,稔行,稔志,稔至,稔之,明幸,利往,利介,利亨,利享,利恭,利幸,利行,利志,利至,利章,利晋,利征,利之,利由,理行,理之,倫行,倫之,倫由紀,和孝,壽之,聰行,聰之
としよし,toshiyoshi,寿宜,俊義,敏義,敏美,利芳
としろう,toshirou,鋭郎,寿朗,寿郎,淑郎,俊良,俊朗,俊郎,世朗,聖郎,聡朗,聡郎,智朗,智郎,登志朗,登志郎,年良,年朗,年郎,敏朗,敏郎,稔朗,稔郎,勇郎,利朗,利郎,理郎,壽朗,壽郎
とつき,totsuki,十月
とにお,tonio,都仁央
とみ,tomi,都海
とみあき,tomiaki,臣暁,聡明,富昭,富信,富明
とみいちろう,tomichirou,富一郎
とみお,tomio,十三男,十三夫,十三雄,十美男,臣生,臣男,智雄,斗光臣,渡海男,登己勇,登美男,登美夫,登美雄,登巳夫,東海雄,東光雄,富央,富貴男,富実夫,富生,富大,富男,富美男,富美夫,富美雄,富夫,富望,富雄,富郎,豊美男
とみかず,tomikazu,富一,富万,富和
とみかつ,tomikatsu,富勝
とみさぶろう,tomisaburou,富三朗,富三郎
とみじ,tomiji,富司,富次,富治
とみじろう,tomijirou,富次郎
とみぞう,tomizou,富三,富蔵,富造
とみたか,tomitaka,富貴,富敬,富孝,富高,富隆
とみたろう,tomitarou,富太郎
とみと,tomito,富登
とみなお,tominao,富尚
とみのり,tominori,臣範,富紀,富規,富教,富則,冨儀
とみはる,tomiharu,富治,富春,富晴
とみひこ,tomihiko,富彦
とみひさ,tomihisa,富久
とみひで,tomihide,富英,富秀
とみひと,tomihito,富人
とみひろ,tomihiro,臣啓,臣宏,臣広,臣弘,臣博,富宏,富広,富弘,富浩,富博,富裕,富洋,富廣
とみふみ,tomifumi,富文
とみまさ,tomimasa,臣賢,富昌,富正
とみや,tomiya,富哉,富也,富弥
とみやす,tomiyasu,臣康,徳泰,富安,富康,富泰,富保
とみゆき,tomiyuki,登美幸,富幸,富行,富将,富之,冨行
とみよし,tomiyoshi,富喜,富義,富好,富善,富代志,富良
とみを,tomio,富夫
とむ,tomu,十夢,斗夢,登夢
とめお,tomeo,留生,留男,留夫,留雄
とめはち,tomehachi,留八
とも,tomo,知,智,朝,朋,睦,友
ともあき,tomoaki,委且,委晃,寛顕,寛昭,寛成,寛明,紀彰,義明,共晃,共章,共哲,具明,兼亮,公明,幸成,実亮,衆亮,丈晃,丈晶,丈明,澄晃,誠晶,誠聡,大暁,大晶,大織,大朗,卓明,知較,知輝,知暁,知謙,知光,知晃,知秋,知彰,知昭,知晶,知祥,知章,知誠,知聡,知明,知亮,知朗,知曉,智旭,智映,智瑛,智暁,智顕,智光,智晃,智秋,智彰,智昌,智昭,智晶,智照,智祥,智章,智紹,智成,智全,智聡,智著,智哲,智彬,智明,智陽,智亮,智諒,智朗,智聰,智顯,朝映,朝秋,朝彰,朝昭,朝章,朝明,朝陽,伴暁,伴晃,伴彰,伴昭,伴明,伴朗,備彰,文章,奉昭,朋瑛,朋輝,朋暁,朋晃,朋秋,朋彰,朋昌,朋昭,朋章,朋正,朋聡,朋明,朋亮,朋朗,友亨,友暁,友啓,友顕,友晃,友秋,友淳,友彰,友昭,友晶,友章,友聡,友哲,友彬,友明,友陽,友亮,友朗,有晃,有亮,与豪,与明,僚顕,倫敬,倫彰,倫明,倫朗,呂晃
ともあつ,tomoatsu,寛敦,知厚,知篤,智厚,智篤,智敦,伴敦,朋厚,朋篤,朋敦,友厚,友敦,友陸,倫敦
ともい,tomoi,知以,智伊,友偉
ともいえ,tomoie,具家
ともいち,tomoichi,供一,智一,友一,友市
ともいちろう,tomoichirou,知一郎,智一朗,智一郎,禎一郎,朋一郎,友市良
ともお,tomo,寛夫,紀生,供生,具勇,公生,承生,大生,大雄,知央,知士,知緒,知生,知男,知夫,知雄,知郎,智央,智応,智桜,智緒,智生,智男,智伯,智夫,智穂,智勇,智雄,智朗,智郎,朝生,朝男,朝夫,朝雄,登茂雄,巴音,伴緒,伴生,伴夫,朋央,朋緒,朋生,朋男,朋夫,朋雄,友緒,友織,友生,友男,友夫,友雄,友朗,友郎,倫生,倫男,倫夫
ともおき,tomoki,知興,智興,朋興
ともおみ,tomomi,知臣,智臣,朋臣,友臣
ともおり,tomori,知織,友織
ともかげ,tomokage,友景
ともかず,tomokazu,共一,共和,具一,公一,丈和,誠和,大一,大司,大七,大和,知一,知憲,知司,知寿,知数,知万,知和,智一,智計,智憲,智司,智重,智数,智良,智量,智和,朝一,朝政,朝和,禎一,等一,那和,伴一,伴和,奉寿,奉和,朋一,朋知,朋和,友一,友円,友紀,友教,友寿,友数,友二,友利,友良,友和,与和,僚一,倫一,倫壱,倫数,倫和
ともかた,tomokata,智孝
ともかつ,tomokatsu,公克,誠勝,知功,知克,知勝,智克,智勝,朝亮,奉勝,朋克,友克,友勝
ともがず,tomogazu,朝和
ともき,tomoki,寛基,基樹,共喜,共希,共記,共樹,喬貴,具記,具樹,群生,交基,公希,丈貴,丈樹,誠記,大喜,大起,大輝,大樹,大生,知喜,知基,知希,知毅,知季,知紀,知規,知記,知貴,知起,知輝,知茎,知己,知樹,知城,知生,知姫,智黄,智喜,智基,智岐,智希,智揮,智機,智毅,智季,智紀,智規,智記,智貴,智軌,智輝,智騎,智宜,智健,智己,智樹,智城,智生,智大,智妃,智来,智氣,朝基,朝貴,朝樹,朝城,那喜,巴樹,伴樹,奉毅,奉示,朋喜,朋基,朋希,朋棋,朋毅,朋季,朋紀,朋記,朋貴,朋起,朋輝,朋求,朋己,朋樹,朋生,朋妃,朋木,朋来,友幹,友喜,友基,友希,友揮,友毅,友季,友紀,友規,友記,友貴,友起,友輝,友騎,友己,友樹,友生,友来,僚希,僚輝,僚章,量喜,倫希,倫己,倫哉,倫樹,與樹
ともきち,tomokichi,知吉,智吉
ともきよ,tomokiyo,智清,朝清,朋聖,友清
ともくに,tomokuni,寛訓,知州,知邦,智邦,朝邦,朋晋,朋邦,友邦
ともさだ,tomosada,知貞,友貞
ともさと,tomosato,知聡,智達,智哲,朋里,友悟
ともさぶろう,tomosaburou,友三郎
ともし,tomoshi,知史,智史
ともしげ,tomoshige,大成,知重,知成,知茂,智哉,智滋,智重,智成,智茂,朝重,朝茂,文臣,朋重,朋茂,友重,友繁,友茂,倫樹,倫成
ともしろう,tomoshirou,知士郎
ともじ,tomoji,外茂二,共司,丈士,大嗣,知司,知史,知至,知治,知仁,知地,知二,知路,智司,智士,智慈,智次,智治,智二,朝嗣,朋司,朋嗣,朋二,友志,友次,友治,友二,友路
ともじろう,tomojirou,知二郎,朋次郎
ともすけ,tomosuke,知佑,智介,智輔,朋輔,朋亮,友右,有佑
ともすみ,tomosumi,知純,智純,友純
ともずみ,tomozumi,知純,友純
ともぞう,tomozou,知三,智三,智蔵,奉三,友三,友造
ともた,tomota,公太,智太,朋太
ともたか,tomotaka,具孝,具隆,公孝,公隆,相孝,大毅,大敬,大崇,知宇,知貴,知尭,知敬,知孝,知昂,知高,知剛,知俊,知崇,知正,知生,知能,知隆,智栄,智毅,智貴,智教,智敬,智健,智孝,智考,智高,智俊,智峻,智尚,智臣,智崇,智正,智天,智誉,智容,智隆,朝岳,朝貴,朝恭,朝啓,朝孝,朝剛,朝崇,朝誉,朝隆,巴高,伯昂,伴隆,朋岳,朋貴,朋孝,朋高,朋生,朋飛,朋隆,友貴,友喬,友敬,友孝,友高,友剛,友崇,友隆,量崇,倫尚,和貴
ともたけ,tomotake,具丈,具壮,幸毅,大岳,知威,知岳,知剛,知丈,知武,智岳,智健,智建,智剛,智丈,智武,智勇,智雄,朝健,朝武,朋岳,朋健,朋丈,友岳,友健,友剛,友丈
ともただ,tomotada,義忠,智匡,智斉,智忠,智唯,友忠,倫匡,倫直
ともたつ,tomotatsu,知竜,知龍,智達
ともたろう,tomotarou,具太郎,智太郎,朋太郎,友太朗,友太郎
ともちか,tomochika,知寛,知哉,知周,知親,知用,智哉,智史,智親,智睦,朝親,伴周,文睦,朋哉,朋史,友親
ともつぐ,tomotsugu,幹嗣,具嗣,知嗣,知諭,智継,智嗣,智次,朝世,朋継,朋次,友嗣,友次,倫世,與嗣
ともつな,tomotsuna,知綱,友綱
ともつね,tomotsune,友恒
ともてる,tomoteru,知輝,智輝,朝光,朋輝,友照
ともと,tomoto,知人,智人,智登,朋人,友人
ともとし,tomotoshi,知利,智寿,智俊,智敏,朋寿,友俊,友敏,友利
ともなお,tomonao,具直,大直,知尚,知直,智尚,智真,智直,朝直,朋直,友直
ともなか,tomonaka,公沖,智央
ともなが,tomonaga,共永,知永,知修,知長,智長,智良,朝永,奉久,朋永,友長
ともなり,tomonari,寛也,具就,具成,具也,具有,兼成,始孝,大宜,知愛,知孝,知樹,知就,知成,知生,知斉,知也,智成,智生,智誠,智斉,智也,智有,朝成,伴成,伴也,比音,朋斎,朋成,朋生,朋也,友教,友響,友成,友也,与成,僚也,倫成,倫也
ともなる,tomonaru,知愛
とものしん,tomonoshin,朋之進
とものすけ,tomonosuke,知之介
とものぶ,tomonobu,委伸,知延,知史,知伸,知信,知宣,智延,智喜,智宜,智修,智将,智伸,智信,智誠,智設,智宣,智敦,智庸,智亘,朝伸,朝信,伴暢,朋延,朋伸,朋信,朋暢,朋展,友延,友喜,友伸,友信,友宣,有伸,有信
とものり,tomonori,寛則,幹理,基格,共紀,共範,興将,具紀,具典,具範,恵範,交宣,幸紀,丈典,丈範,誠紀,誠規,誠憲,誠慎,誠宣,誠典,大徳,大倫,大路,知雅,知寛,知紀,知規,知記,知宜,知教,知訓,知慶,知敬,知憲,知賢,知孝,知行,知載,知周,知宗,知章,知丈,知生,知仙,知宣,知則,知哲,知典,知展,知徳,知伯,知範,知布,知法,知命,知理,知里,知律,知倫,知令,智永,智温,智雅,智格,智寛,智基,智紀,智規,智記,智宜,智義,智教,智訓,智慶,智敬,智経,智憲,智謙,智功,智孝,智史,智師,智詞,智識,智升,智詔,智慎,智進,智成,智政,智仙,智宣,智則,智大,智典,智統,智得,智徳,智伯,智範,智文,智法,智理,智律,智倫,智礼,朝規,朝宜,朝教,朝憲,朝功,朝則,朝典,朝徳,朝範,禎徳,典憲,伯典,伴訓,伴憲,伴則,伴典,伴徳,備識,文則,奉勲,奉功,朋位,朋紀,朋記,朋軌,朋儀,朋恭,朋教,朋勲,朋慶,朋敬,朋憲,朋仁,朋宣,朋則,朋智,朋哲,朋典,朋徳,朋納,朋範,朋倫,朋令,朋論,友雅,友紀,友規,友宜,友議,友教,友謹,友矩,友訓,友敬,友憲,友詞,友識,友慎,友宣,友則,友知,友典,友登,友道,友徳,友乃,友範,友里,友了,友量,友倫,有慶,有範,有礼,僚哲,倫紀,倫仙,倫典,倫徳,倫能,倫範,倫理,與章,與典
ともはる,tomoharu,寛大,供晴,兼玄,丈晴,仁晴,知玄,知治,知春,知晴,知暖,智栄,智開,智啓,智治,智春,智晴,智大,智張,智明,智靖,智悠,智陽,朝治,朝春,朝晴,朝陽,那治,伴治,朋治,朋春,朋晴,友時,友治,友春,友晴,友陽,与晴,倫治,倫晴
ともひこ,tomohiko,外茂彦,共彦,具彦,公彦,知比古,知彦,智比古,智彦,朝彦,寅彦,那彦,伴彦,文彦,朋比古,朋彦,明彦,友彦,倫彦
ともひさ,tomohisa,寛久,義尚,共久,具久,公久,幸久,始久,丈久,誠久,知久,知寿,知尚,知仙,智永,智央,智久,智寿,智尚,智仁,智宣,智壽,朝久,朝寿,朝尚,伴久,朋永,朋央,朋久,朋寿,朋尚,朋仙,友久,友寿,友壽,僚久,僚寿,量久,倫央,倫久,倫尚
ともひで,tomohide,共英,共秀,丈栄,知英,知秀,智英,智豪,智秀,智任,朝英,朝秀,伴秀,朋英,朋嗣,朋秀,友愛,友英,友秀,倫英,倫秀
ともひと,tomohito,寛仁,義仁,具士,丈士,誠人,節人,全人,大士,大人,知人,知仁,智一,智史,智士,智人,智仁,伴人,伴仁,奉仁,朋史,朋士,朋人,朋仁,友士,友人,友仁,有人,与史,倫一,倫史,倫士,倫人
ともひら,tomohira,兼平,智平,倫平
ともひろ,tomohiro,栄博,寛大,寛博,寛祐,寛裕,供宏,供広,共宏,共広,共弘,協弘,匡宏,具宏,具大,具裕,兼宏,兼丈,兼尋,兼大,兼裕,交啓,交洋,光輝,公寛,公敬,公宏,公尋,資浩,丈公,丈浩,丈泰,丈拓,丈洋,誠寛,誠宏,誠浩,誠大,誠祐,誠洋,大寛,大紘,大宙,大博,大裕,大洋,知央,知拡,知寛,知輝,知啓,知敬,知玄,知光,知宏,知広,知弘,知晃,知浩,知紘,知衡,知祥,知尋,知世,知大,知展,知博,知比呂,知彦,知優,知裕,知洋,知礼,知廣,智央,智拡,智寛,智強,智啓,智敬,智景,智宏,智広,智弘,智浩,智郊,智寿,智仁,智尋,智泰,智大,智拓,智達,智博,智彦,智悠,智祐,智裕,智雄,智洋,智礼,智廣,智皓,朝寛,朝広,朝弘,朝大,朝天,朝博,朝裕,朝洋,朝廣,朝洸,禎宏,徒広,寅広,寅弘,寅彦,伴宏,伴弘,伴裕,伴洋,比宏,奉宏,奉広,奉弘,奉博,朋央,朋拡,朋寛,朋欣,朋勲,朋宏,朋広,朋弘,朋浩,朋紘,朋泰,朋大,朋博,朋彦,朋弥,朋祐,朋裕,朋洋,朋廣,睦泰,友寛,友紀,友啓,友敬,友宏,友広,友弘,友浩,友紘,友尋,友太,友泰,友大,友拓,友担,友博,友普,友豊,友弥,友祐,友裕,友洋,有宏,有弘,有大,有博,僚大,倫央,倫拡,倫寛,倫啓,倫宏,倫広,倫弘,倫大,倫裕,倫洋,倫廣
ともふさ,tomofusa,知房,智房,智亮
ともふみ,tomofumi,紀史,具史,誠文,知郁,知史,知文,智郁,智史,智章,智文,朝史,朝文,寅文,伴文,備史,奉史,奉文,朋郁,朋史,朋典,朋文,友史,友文,有誌,倫史,倫文
ともまさ,tomomasa,具公,具正,誠正,知雅,知将,知昌,知正,知聖,知優,智雅,智将,智真,智政,智正,智全,智優,智祐,智將,朝雅,朝正,伴公,伴将,朋昌,朋正,勇正,友政,友正,友祐,有正,倫正
ともまろ,tomomaro,智麿
ともみ,tomomi,具視
ともみち,tomomichi,寛達,共路,大度,大路,知教,知宙,知通,知徹,知道,知倫,知路,智巌,智教,智達,智通,智道,智路,朝道,朝路,伴通,朋通,朋道,明道,友通,友道,友陸,友路,倫道,倫理
ともみつ,tomomitsu,大充,知光,知充,知満,智輝,智光,智三,智充,智満,朝光,伴充,朋光,朋充,友光,友三,倫光
ともむ,tomomu,奉矛
ともむね,tomomune,智宗,朋宗,友宗
とももり,tomomori,朝盛
ともや,tomoya,寛也,貴也,倶也,具也,兼也,幸也,丈哉,誠也,大也,知哉,知也,知弥,知矢,知彌,智哉,智世,智八,智也,智耶,智弥,智矢,智和,智彌,智椰,朝哉,朝也,朝矢,悌也,禎也,那哉,巴哉,伴哉,扶也,朋哉,朋也,朋弥,朋矢,朋彌,睦也,友哉,友也,友耶,友弥,友彌,僚也,倫哉,倫也,倫弥,倫矢,和弥,與也
ともやす,tomoyasu,寛泰,具泰,兼育,公康,公泰,丈康,大泰,知安,知恭,知康,知資,知泰,知寧,知保,知靖,智安,智尉,智恭,智康,智泰,智保,智靖,朝康,朝保,寅泰,伴康,朋安,朋康,朋保,朋靖,友尉,友穏,友恭,友康,友資,友泰,友保,友靖,有康,倫康,倫保,倫靖
ともゆ,tomoyu,知諭
ともゆき,tomoyuki,寛潔,寛幸,寛雪,寛之,共孝,共幸,共行,恭孝,具志,具之,兼之,公志,公千,公之,資幸,資之,丈之,誠元,誠幸,誠行,誠志,誠之,誠侑,大元,大幸,大志,知介,知勧,知亨,知享,知敬,知元,知幸,知行,知志,知至,知将,知章,知晋,知征,知雪,知致,知之,知由,知廉,智介,智喜,智亨,智享,智敬,智潔,智元,智公,智孝,智幸,智行,智志,智至,智順,智将,智祥,智章,智晋,智是,智征,智雪,智如,智之,智文,智由,智由樹,智祐,智洋,智將,朝幸,朝行,朝之,禎之,伴幸,伴行,伴晋,伴征,伴之,伴由起,扶之,文之,奉之,奉文,朋享,朋幸,朋行,朋征,朋之,朋由起,朋裕樹,睦之,友介,友亨,友享,友敬,友孝,友幸,友行,友志,友主,友章,友肖,友是,友征,友雪,友透,友如,友之,友由輝,友由樹,友遊,友侑,頼行,僚行,僚政,倫幸,倫行,倫至,倫之,倫由紀,呂之,和敬,和孝,偕行
ともよし,tomoyoshi,寛嘉,寛昌,寛正,寛憙,共祥,具良,資善,大義,知愛,知佳,知義,知恵,知慶,知好,知秀,知是,知善,知禎,知美,知芳,知睦,知由,知良,智佳,智嘉,智且,智喜,智宜,智義,智吉,智啓,智圭,智慶,智好,智巧,智康,智祥,智宣,智善,智禎,智能,智美,智福,智芳,智由,智良,朝義,朝祥,朝善,禎芳,伴嘉,伴善,文祥,朋嘉,朋義,朋章,朋美,朋由,朋良,友喜,友義,友啓,友圭,友慶,友好,友祥,友譲,友善,友泰,友禎,友美,友彦,友芳,友理,友良,有快,有誼,有秀,与喜,倫義,倫好,呂佳,呂嘉
ともより,tomoyori,知順,智順
ともろう,tomorou,知朗,知郎,智郎,朋郎,友朗,友郎
とよあき,toyoaki,豊晃,豊秋,豊彰,豊昭,豊晶,豊章,豊明,豊朗
とよいち,toyoichi,豊一,豊市
とよいちろう,toyoichirou,豊一朗,豊一郎
とよお,toyo,豊生,豊大,豊男,豊稔,豊雄
とよかず,toyokazu,仁一,富一,豊一,豊和,豐數
とよかつ,toyokatsu,豊克,豊勝
とよかね,toyokane,豊包
とよき,toyoki,豊喜,豊己,豊樹,豊城
とよきち,toyokichi,豊吉
とよきよ,toyokiyo,豊清
とよくに,toyokuni,豊国,豊邦
とよし,toyoshi,仁志,豊司,豊志
とよしげ,toyoshige,豊重,豊成,豊繁,豊茂
とよしろう,toyoshirou,豊四郎
とよじ,toyoji,豊司,豊次,豊治,豊二
とよじろう,toyojirou,豊次郎
とよすけ,toyosuke,豊輔
とよぞう,toyozou,豊三,豊蔵,豊造
とよた,toyota,豊太
とよたか,toyotaka,豊毅,豊貴,豊孝,豊高,豊隆
とよたろう,toyotarou,豊太郎
とよちか,toyochika,豊周,豊親
とよつぐ,toyotsugu,豊継,豊嗣,豊次
とよつな,toyotsuna,豊綱
とよと,toyoto,豊人
とよとし,toyotoshi,豊稔,豊利
とよなお,toyonao,豊尚,豊直
とよなが,toyonaga,豊永
とよなり,toyonari,豊成
とよなる,toyonaru,豊稔
とよのじょう,toyonojou,豊之丞
とよのぶ,toyonobu,豊延,豊修,豊伸,豊信,豊暢
とよのり,toyonori,豊紀,豊規,豊記,豊憲,豊識,豊則,豊典,豊徳,豊範
とよはる,toyoharu,豊治,豊春,豊晴
とよひこ,toyohiko,仁彦,豊世彦,豊比古,豊彦
とよひさ,toyohisa,豊永,豊央,豊久,豊寿
とよひで,toyohide,豊英,豊秀,豊日出
とよひと,toyohito,豊人,豊仁
とよひろ,toyohiro,登世宏,豊寛,豊啓,豊宏,豊広,豊弘,豊浩,豊泰,豊大,豊博,豊裕,豊洋,豊廣
とよふみ,toyofumi,豊史,豊文
とよま,toyoma,豊馬
とよまさ,toyomasa,豊将,豊正
とよみち,toyomichi,豊道
とよみつ,toyomitsu,渡世充,登代充,豊光,豊充,豊満
とよやす,toyoyasu,豊康,豊泰,豐康
とよゆき,toyoyuki,豊幸,豊行,豊之,豊侑
とらい,torai,渡来
とらいち,toraichi,寅壱
とらお,torao,虎生,虎大,虎男,虎雄,寅雄
とらじろう,torajirou,虎二郎,寅次郎
とらた,torata,虎太
とらたろう,toratarou,虎太郎,寅太郎
とらのすけ,toranosuke,虎ノ介,虎之介,虎之助
とらひこ,torahiko,虎彦,寅彦
とらや,toraya,寅弥
とらゆき,torayuki,虎幸
とりお,torio,登里生
とん,ton,惇
どう,dou,憧
どうじん,doujin,憧人
どうや,douya,動矢
どく,doku,独
ないと,naito,成意斗
なえたろう,naetarou,苗太郎
なお,nao,尚,直,直生
なおあき,naoaki,宜明,巨光,巨哲,巨明,修明,順明,順亮,尚央,尚顕,尚晃,尚秋,尚昭,尚晶,尚照,尚章,尚翠,尚明,尚亮,真聡,真明,直瑛,直暁,直顕,直晃,直秋,直彰,直昌,直昭,直晶,直照,直祥,直章,直審,直征,直誠,直聡,直彬,直明,直陽,直亮,直諒,直朗
なおあつ,naoatsu,尚篤
なおいち,naoichi,直一
なおいちろう,naoichirou,直一郎
なおえ,naoe,直栄,直衛
なおおき,naoki,直興
なおおみ,naomi,尚臣,直臣
なおかげ,naokage,尚景,直陰
なおかず,naokazu,尚一,尚克,尚和,真一,直一,直計,直司,直和,有一
なおかた,naokata,直享,直方
なおかつ,naokatsu,尚克,直克,直勝,直雄,直亮
なおき,naoki,夏生樹,巨樹,公輝,公樹,作樹,治紀,修基,修規,修輝,修宜,修己,淳喜,順紀,順輝,尚幹,尚喜,尚基,尚希,尚揮,尚毅,尚季,尚紀,尚規,尚記,尚貴,尚起,尚輝,尚宜,尚橘,尚己,尚樹,尚城,尚生,尚巳,尚暉,尚熙,植樹,真輝,真樹,真城,真聖,成基,正旭,正樹,斉輝,直葵,直幹,直伎,直喜,直基,直希,直幾,直揮,直毅,直季,直紀,直規,直記,直貴,直起,直輝,直騎,直興,直己,直克,直樹,直城,直生,直大,直妃,直已,直暉,有樹,猶規
なおきち,naokichi,直吉
なおくに,naokuni,尚邦,直邦
なおし,naoshi,七生史,尚司,尚史,尚士,尚志,尚吏,真吏,直,直司,直史,直嗣,直士,直志,直誌,直之,有志
なおしげ,naoshige,尚繁,尚茂,直滋,直樹,直重,直成,直繁,直茂,有重
なおじ,naoji,尚司,尚史,尚士,尚治,直司,直嗣,直治,直知,直二,直路
なおじろう,naojirou,直次郎,直治郎,直二郎
なおすけ,naosuke,巨輔,尚右,尚介,尚典,尚輔,尚佑,尚祐,尚亮,直介,直助,直典,直輔,直佑,直祐,直亮
なおすみ,naosumi,巨純
なおずみ,naozumi,尚角,尚純,尚澄,直純,直澄,有純
なおぞう,naozou,尚三,尚蔵,直蔵
なおた,naota,尚太,直太
なおたか,naotaka,修生,順山,尚貴,尚敬,尚孝,尚高,尚剛,尚崇,尚卓,尚登,尚誉,尚隆,尚鎬,尚堯,真栄,真孝,真崇,真誉,仁孝,直岳,直毅,直貴,直挙,直喬,直敬,直賢,直孝,直考,直高,直剛,直社,直充,直崇,直生,直飛,直誉,直隆,納敬,能鷹,隼也,有栄
なおたけ,naotake,尚威,尚剛,尚丈,尚武,尚兵,直威,直岳,直毅,直健,直剛,直丈,直壮,直長,直武,有健
なおただ,naotada,尚忠,直匡,直正,直忠
なおたつ,naotatsu,尚達,尚辰,直辰
なおたね,naotane,直胤
なおたろう,naotarou,尚太郎,直太朗,直太郎
なおちか,naochika,尚央,尚史,尚真,直史,直親
なおつぎ,naotsugi,直嗣
なおつぐ,naotsugu,尚嗣,真嗣,直胤,直紀,直継,直嗣,直次
なおつね,naotsune,尚常,直承,直庸
なおてる,naoteru,尚輝,直輝,直照
なおと,naoto,巨人,巨登,亨人,菜緒人,治人,淳人,尚玄,尚史,尚人,尚仁,尚斗,尚登,尚土,尚門,尚利,照美,真人,真斗,正人,斉人,直士,直十,直人,直仁,直大,直徒,直斗,直渡,直登,直都,直努,直冬,直統,直歩,直豊,直門,直雄人,直利,直和,直翔,奈央人,奈緒人,如人,眞人,脩人
なおとき,naotoki,直時
なおとし,naotoshi,尚寿,尚俊,尚敏,尚稔,尚利,尚和,直紀,直功,直寿,直俊,直駿,直敏,直稔,直利,良利
なおとみ,naotomi,直臣
なおとも,naotomo,尚知,尚友,直知,直智,直朋,直友
なおのぶ,naonobu,巨展,尚信,直延,直史,直尚,直伸,直信,直宣,直展,直敦
なおのり,naonori,巨紀,尚威,尚寛,尚紀,尚慶,尚敬,尚功,尚孝,尚則,尚典,尚徳,尚範,直紀,直芸,直憲,直宣,直則,直典,直徳,直範
なおはる,naoharu,直温,直治,直春,直晴
なおひこ,naohiko,修彦,順彦,尚彦,真彦,直彦,奈央彦,奈緒彦,有彦,眞彦
なおひさ,naohisa,巨寿,尚央,尚久,尚寿,真央,直永,直央,直久,直恒,直寿,直尚,有央,有寿
なおひで,naohide,尚英,尚秀,真栄,直英,直幸,直秀
なおひと,naohito,巨一,尚史,尚人,尚仁,真史,真人,真仁,直均,直史,直士,直人,直仁,直民
なおひら,naohira,尚平
なおひろ,naohiro,巨泰,巨博,公博,菜穂洋,順広,尚央,尚寛,尚啓,尚宏,尚広,尚弘,尚浩,尚紘,尚大,尚博,尚裕,尚洋,真寛,真洋,斉広,直央,直寛,直敬,直宏,直広,直弘,直浩,直紘,直泰,直大,直博,直裕,直洋,直廣,有広,有洋
なおふみ,naofumi,巨史,修史,修文,尚史,尚典,尚文,肖史,真史,直央,直史,直典,直文,通史,有史
なおぶみ,naobumi,尚史,尚文,直史,直文
なおま,naoma,直磨
なおまさ,naomasa,巨将,尚雅,尚将,尚昌,尚真,尚政,尚正,尚優,真右,真祐,直雅,直匡,直将,直昌,直政,直正,有政
なおみ,naomi,尚己,尚巳,直己,直巳,直弥
なおみき,naomiki,直幹
なおみち,naomichi,治道,順道,尚通,尚道,真道,直慶,直達,直通,直典,直導,直道,直理,直路,眞理
なおみつ,naomitsu,巨充,尚光,尚満,直光,直充,直慎,直満
なおむね,naomune,直宗
なおもと,naomoto,尚元,直基
なおや,naoya,哉也,修也,順也,尚哉,尚也,尚耶,尚弥,尚矢,真哉,真也,直哉,直八,直保,直也,直耶,直弥,直矢,直彌,南生也,名雄也,有也,眞也,脩也
なおやす,naoyasu,君泰,尚恭,尚康,尚泰,尚保,尚靖,尚容,真康,真保,直恭,直康,直泰,直保,直靖,仍康
なおゆき,naoyuki,亨行,亨之,治之,実行,修行,修之,順之,尚往,尚亨,尚幸,尚行,尚志,尚晋,尚征,尚到,尚之,尚侑,真行,真志,真之,直維,直亨,直享,直恭,直教,直敬,直幸,直行,直志,直主,直征,直生之,直如,直之,直歩,直佑樹,直有希,直由,直由岐,直由記,直由樹,直祐樹,直礼,直廉,奈乙雪,名生之
なおよし,naoyoshi,尚宜,尚義,尚慶,尚謙,尚功,尚剛,尚祥,尚善,尚美,尚良,真祥,直愛,直悦,直佳,直嘉,直喜,直義,直慶,直詳,直賞,直善,直禎,直美,直芳,直由,直良,眞義
なおより,naoyori,真和,通聴
なか,naka,中
なかあき,nakaki,央晃
なかお,nakao,中央,仲夫,仲雄,務夫
なかおみ,nakaomi,央臣
なかと,nakato,中人
なかとし,nakatoshi,仲陽,仲利
なかとみ,nakatomi,中臣
なかのすけ,nakanosuke,仲之助
なかのぶ,nakanobu,仲庸
なかのり,nakanori,央法
なかひさ,nakahisa,仲恒
なかひと,nakahito,奈可仁
なかひら,nakahira,中平
なかひろ,nakahiro,中広,中浩,仲宏
なかや,nakaya,南夏也
なかゆき,nakayuki,仲之
ながあき,nagaki,永章,長昭,長明,長陽
ながお,nagao,永央,永生,永夫,長旺,長生,長雄,長郎
ながおき,nagaoki,永起,永興,長興
ながおみ,nagaomi,長臣
ながかず,nagakazu,永和,長計
ながし,nagashi,長
ながたか,nagataka,永隆
ながただ,nagatada,永忠
ながと,nagato,長人
ながとし,nagatoshi,永寿,永俊,永年,永敏,永利,長紀,長寿,長俊,長年,長敏,長稔,長利,良鋭
ながとも,nagatomo,永知,長知
ながなり,naganari,永也
ながのぶ,naganobu,永宣,永之,永亘
ながのり,naganori,永憲,永哲,永典,永徳,寿紀,長紀,長憲,長則
ながはる,nagaharu,永治,詠晴,長春,長晴,長陽
ながひ,nagahi,永日
ながひこ,nagahiko,長彦
ながひさ,nagahisa,修久,長久,長寿
ながひで,nagahide,永秀,長栄,長英,長秀
ながひと,nagahito,永人,永仁,長人,長仁
ながひろ,nagahiro,永寛,永浩,永大,永裕,長寛,長広,長弘,長浩,長大,長裕
ながまさ,nagamasa,永雅,永昌,永真,永正,長昌,長真,長政,長正
ながみち,nagamichi,永成,永道,長路
ながみつ,nagamitsu,永光
ながやす,nagayasu,永安,永康,永泰,修康,長恭,長康
ながゆき,nagayuki,永幸,永征,永之,寿千,長幸,長征,長之
ながよし,nagayoshi,永吉,永欣,永好,永能,永芳,長可,長祥,長芳
ながより,nagayori,永頼
ながる,nagaru,流
ながれ,nagare,流行
なぎと,nagito,凪人
なち,nachi,那知,那智
なつお,natsuo,夏生,夏男,夏夫,夏雄,夏郎,奈津央,奈津夫,奈津雄,奈都夫
なつき,natsuki,夏貴,夏輝,夏樹
なつし,natsushi,夏史
なつと,natsuto,夏人
なつひこ,natsuhiko,夏彦
なつひで,natsuhide,夏秀
なつひと,natsuhito,夏日人
なつひろ,natsuhiro,夏博,夏洋,夏皓
なつふみ,natsufumi,夏史
なつや,natsuya,夏哉,夏也,夏弥,七津也
なつゆき,natsuyuki,夏行
なつろう,natsurou,南津郎
ななろう,nanarou,七郎
なはと,nahato,南波人
なみお,namio,南海王
なみき,namiki,波輝
なみじ,namiji,奈実路,南海路
なみと,namito,夏海人
なみひと,namihito,洋人
なみひろ,namihiro,浪尋
なみへい,namihei,波平
なゆき,nayuki,奈幸
なゆた,nayuta,奈友多,奈由多,奈由太,那由他,那由多,那由太
なりあき,nariaki,済晃,就昭,就明,成輝,成顕,成晃,成秋,成彰,成昭,成章,成彬,成明,成陽,成朗,誠章,斉瑛,斉昭,斉哲,斉彬,斉明,斉亮,斉朗,忠明,也明,容朗
なりあつ,nariatsu,効団
なりお,nario,成夫,成雄,斉生
なりかず,narikazu,成一,成和,斉一,斉和,也一
なりかつ,narikatsu,斉且
なりさだ,narisada,成定
なりしげ,narishige,就盛,成繁,成茂
なりすけ,narisuke,成介,誠育
なりたか,naritaka,周高,成宇,成孝,成高,成隆,誠孝,也考,濟隆
なりたけ,naritake,徳丈
なりただ,naritada,成忠,斉忠
なりたつ,naritatsu,成龍
なりちか,narichika,就爾,成愛,成央,成親,斉睦
なりつぐ,naritsugu,就次,成継,成嗣
なりつね,naritsune,斎庸
なりと,narito,荷人,成時,成人,成斗,也人
なりとし,naritoshi,成寿,成俊,成敏,成利
なりとも,naritomo,克友,成大,成智,誠智
なりのぶ,narinobu,成信,誠直,斉信,徳信
なりのり,narinori,成徳
なりひこ,narihiko,成彦,斉彦
なりひさ,narihisa,成久,成寿,斉久
なりひで,narihide,成秀,也秀
なりひと,narihito,雅仁,城史,成一,成人,成仁,誠人,也人
なりひろ,narihiro,宜宏,周宏,周広,尚寛,勢大,成寛,成啓,成宏,成広,成弘,成浩,成紘,成博,成祐,成裕,成洋,誠広,斉寛,斉宏,斉広
なりふさ,narifusa,成房
なりふみ,narifumi,就史,成史,成文
なりまさ,narimasa,業盛,就将,就正,勢將,成雅,成将,成昌,成正,成祐,斉正
なりまろ,narimaro,成麿
なりみ,narimi,也実
なりみち,narimichi,周道,成通,成導,成道,成陸
なりみつ,narimitsu,成輝,成光
なりや,nariya,成哉,成也
なりやす,nariyasu,就康,成安,成益,成康,成泰,成靖,斉康,斉保
なりゆき,nariyuki,成幸,成行,成之,斉之
なりよし,nariyoshi,成可,成義,成能,成文,成良
なるお,naruo,成夫
なるおみ,naruomi,成臣
なるき,naruki,成輝,成樹
なるし,narushi,成志
なるちか,naruchika,成睦
なると,naruto,愛斗
なるとし,narutoshi,成俊,成淳,成利
なるひこ,naruhiko,成彦,稔彦
なるひさ,naruhisa,成久,成尚
なるひで,naruhide,成秀
なるひと,naruhito,成史,成人,成仁
なるひろ,naruhiro,成寛,成弘
なるゆき,naruyuki,成幸
なんと,nanto,楠人
なんよう,nanyou,南陽
にいと,nito,新人
にきた,nikita,二貴太
にきち,nikichi,仁吉
にじろう,nijirou,二次郎
にすけ,nisuke,仁介
にたろう,nitarou,二太郎
にちあき,nichiaki,日愛樹
にちお,nichio,日夫
にちひこ,nichihiko,日彦
にっき,nikki,弐樹
にへい,nihei,仁平,二平
ねいいち,neichi,寧一
ねいじ,neiji,寧時
ねつい,netsui,熱意
ねん,nen,熱
ねんじ,nenji,捻治,稔侍
ねんぺい,nempei,念平
のう,nou,農
のえる,noeru,野映留
のぎすけ,nogisuke,乃希介
のぞみ,nozomi,希望
のぞむ,nozomu,希,希武,希望,眺,望,望武,望夢
のびと,nobito,野陽人
のびひこ,nobihiko,暢彦
のびやす,nobiyasu,伸保
のふゆき,nofuyuki,伸幸
のぶ,nobu,允,延,宜,更,将,伸,信,宣,存,暢,展,乃蒲,乃生,乃婦,乃布,乃扶,乃文,野生,野武,野歩,庸,將
のぶあき,nobuaki,延晃,延嗣,延秋,延彰,延昭,延晶,延章,延明,延亮,延朗,寛明,喜映,喜昭,喜章,宜明,薫朗,訓明,啓明,史明,寿謙,修彰,修省,修章,修明,順啓,順章,昇明,上明,常晶,常知,伸旭,伸亨,伸暁,伸顕,伸光,伸晃,伸秋,伸彰,伸昌,伸昭,伸晶,伸照,伸章,伸成,伸聡,伸明,伸亮,伸朗,信暁,信顕,信光,信晃,信秋,信淳,信彰,信昭,信晶,信章,信証,信成,信哲,信明,信亮,信朗,信曉,振興,晋明,申晃,申哲,紳顕,進暁,進章,正亮,誠昭,誠聡,誠明,宣暁,宣公,宣充,宣彰,宣昭,宣晶,宣章,宣明,宣朗,総成,暢晃,暢昭,暢章,暢成,暢聴,暢彬,暢明,暢亮,暢朗,直晃,展彰,展昭,展章,展明,敦章,敦徹,備昭,靖朗,庸光,庸晃,亙聡,亘昭,亘成,亘朗,頌章
のぶあつ,nobuatsu,伸淳,信厚,信篤,宣篤,暢淳,暢敦
のぶいち,nobuichi,延一,信一,暢一,展一
のぶえい,nobuei,延栄,信衛
のぶえつ,nobuetsu,宣悦
のぶお,nobuo,允男,英雄,延生,延男,延夫,延甫,延雄,延郎,寛男,寛雄,寛郎,喜雄,宜男,宜雄,鋸雄,啓夫,恒夫,修央,修生,修男,修夫,修勇,修雄,修郎,述夫,順生,順夫,順雄,叙男,序生,将雄,昇於,伸央,伸王,伸弦,伸緒,伸生,伸男,伸夫,伸雄,伸朗,伸郎,信央,信緒,信生,信男,信夫,信雄,信郎,晋夫,紳夫,進夫,誠生,誠男,誠夫,誠雄,誠郎,宣生,宣男,宣夫,宣布男,宣穂,宣雄,宣朗,宣郎,惣生,尊生,暢央,暢生,暢男,暢夫,暢雄,暢郎,展央,展旺,展士,展生,展男,展夫,展雄,統雄,敦夫,敦雄,乃生雄,農夫雄,睦大,野武生,靖夫,靖雄,庸男,庸夫,庸雄,葉夫,量生,亘男,亘夫,頌夫
のぶおき,nobuoki,信興,宣興
のぶおみ,nobuomi,喜臣,信臣,庸臣
のぶかず,nobukazu,永和,延一,延和,慶和,修一,修和,伸一,伸司,伸説,伸和,信一,信教,信和,申和,宣一,宣和,暢一,展一,展和,伝一,敦一,忍和
のぶかた,nobukata,伸賢,伸好,信方
のぶかつ,nobukatsu,延克,延勝,修克,順克,順勝,将一,尚克,伸克,伸勝,伸和,信克,信勝,宣克,宣勝,能克
のぶき,nobuki,延気,延樹,修毅,修己,修生,伸喜,伸基,伸希,伸紀,伸記,伸貴,伸起,伸輝,伸樹,伸城,信喜,信希,信毅,信紀,信記,信貴,信輝,信樹,信城,真紀,進樹,誠基,誠樹,宣喜,宣希,宣貴,宣己,宣樹,宣生,暢希,暢季,暢紀,暢輝,暢宜,暢己,暢樹,展希,展幾,展紀,展規,展記,展己,展樹,統規,頌樹
のぶきよ,nobukiyo,寛清,伸享,伸潔,伸清,信清
のぶくに,nobukuni,信州,信邦
のぶさだ,nobusada,延貞,展禎
のぶしげ,nobushige,延臣,喜重,喜茂,伸樹,伸重,伸成,伸繁,伸茂,信重,信成,信繁,信茂,宣成,暢重,暢成,暢茂,展重,展成,庸成
のぶしろ,nobushiro,伸城
のぶじ,nobuji,延二,伸次,信治,信二,宣二,農夫次
のぶすけ,nobusuke,延介,慶祐,修右,伸介,伸輔,信右,信介,信輔,信祐,誠祐,宣介,暢介,暢輔,之輔,亘典,亘祐
のぶすみ,nobusumi,延純
のぶぞう,nobuzou,信三,信造
のぶたか,nobutaka,允孝,延孝,延高,延剛,延隆,温将,寛高,宜孝,宜隆,欣貴,啓貴,啓孝,恒隆,史誉,修孝,修高,修生,順貴,順敬,伸岳,伸貴,伸空,伸敬,伸孝,伸昂,伸考,伸高,伸剛,伸尚,伸臣,伸崇,伸卓,伸天,伸飛,伸誉,伸隆,信毅,信貴,信宜,信教,信敬,信賢,信公,信孝,信幸,信昂,信考,信高,信尚,信臣,信崇,信節,信卓,信峰,信隆,申孝,誠孝,誠隆,宣貴,宣敬,宣賢,宣孝,宣尚,宣隆,薦正,総貴,暢貴,暢慶,暢孝,暢高,暢崇,暢隆,長生,通隆,展貴,展尭,展敬,展孝,展崇,展嵩,展生,展隆,督雄,敦貴,敦剛,乃文高,能崇,庸貴,庸賢,庸孝,庸崇,亙孝,亘毅,亘隆,脩孝,頌孝,頌渉,頌隆
のぶたけ,nobutake,恒丈,尚威,伸岳,伸建,伸剛,伸豪,伸丈,伸竹,伸武,信威,信毅,信剛,信丈,信竹,信武,宣武,暢威,暢剛,暢丈,敦丈
のぶただ,nobutada,延忠,修公,修忠,順督,伸忠,信維,信正,信忠,靖匡
のぶたつ,nobutatsu,信達,信龍
のぶたね,nobutane,信胤
のぶちか,nobuchika,延周,喜史,宜史,伸哉,伸周,伸誓,伸睦,信愛,信近,信周,信親,信誓,誠実,宣親,布慎
のぶつか,nobutsuka,伸司,宣吏
のぶつぎ,nobutsugi,信次
のぶつぐ,nobutsugu,修嗣,伸次,信継,信嗣,信次,整継,宣嗣,統次
のぶつな,nobutsuna,信綱
のぶつね,nobutsune,進恒
のぶてる,nobuteru,延光,史照,昇輝,伸映,伸輝,伸光,伸晃,信輝,信光,宣輝,展輝
のぶと,nobuto,允人,延人,寛人,修人,伸人,伸斗,伸門,信人,宣人,誕人,暢人,展人,展土,靖人
のぶとし,nobutoshi,悦年,延季,延歳,延俊,延敏,延稔,延利,史了,修敏,伸季,伸寿,伸俊,伸年,伸敏,伸利,信寿,信俊,信聡,信年,信敏,信利,誠健,宣俊,宣年,宣敏,宣利,暢俊,暢敏,長世,展年,展利,靖敏,庸紀,庸年,亘俊
のぶとも,nobutomo,延友,延僚,伸知,伸智,伸朋,信知,信智,信朝,信友,庸寛
のぶとよ,nobutoyo,伸豊,展豊
のぶとら,nobutora,信虎
のぶなお,nobunao,史尚,将直,伸直,信直
のぶなが,nobunaga,信長
のぶなり,nobunari,修也,常雅,伸成,信成,信斉,信也,誠也,宣成,敦也,陽成
のぶね,nobune,伸音,信音,信根
のぶの,nobuno,信乃
のぶのり,nobunori,伸典,伸徳,信則,信徳,信模,宣紀,宣法
のぶはる,nobuharu,允晴,延治,喜治,喜春,修治,伸治,伸春,伸晴,伸明,伸陽,信元,信治,信春,信晴,信陽,宣玄,宣治,宣春,宣晴,暢治,靖玄,靖治,庸晴
のぶひこ,nobuhiko,允彦,延彦,宜彦,修彦,順彦,叙彦,将彦,伸彦,信光,信秀,信比古,信彦,進彦,誠彦,宣彦,暢比古,暢彦,展彦,敦彦,亘彦
のぶひさ,nobuhisa,延永,延久,延寿,寛久,喜久,宜久,慶久,修央,修久,修尚,順久,将央,将久,伸央,伸久,伸寿,伸尚,信央,信久,信寿,信尚,晋久,進久,誠久,誠寿,宣央,宣久,宣桐,宣寿,宣壽,暢久,暢尚,展央,展久,敦久,敦桐,敦寿,乃久,靖尚,裕久,庸央,亘久,亘桐
のぶひで,nobuhide,延英,延秀,順英,将英,将秀,伸英,伸季,伸秀,信栄,信英,信秀,進英,宣英,宣秀,暢英,暢秀,展英,展秀,靖秀
のぶひと,nobuhito,惟人,永人,延史,延仁,喜仁,啓人,啓仁,恒仁,修史,修士,述仁,順仁,将史,将士,将人,将仁,伸史,伸人,伸仁,信均,信人,信仁,進人,誠人,説史,宣公,宣史,宣人,宣仁,惣仁,暢人,暢仁,展史,展人,展仁,敦士,敦人,靖仁,裕人,庸史,庸士,亘人,頌人
のぶひろ,nobuhiro,允啓,允宏,允裕,延啓,延宏,延弘,延浩,延博,延祐,延裕,延洋,演寛,寛宏,寛紘,寛大,喜宇,喜広,喜浩,喜大,喜博,喜洋,宜啓,宜宏,宜広,宜弘,宜浩,宜大,啓弘,慶宏,慶博,修央,修寛,修啓,修宏,修広,修弘,修浩,修大,修裕,充宏,充博,順弘,順大,順博,順裕,順洋,将寛,将宏,将博,昇宏,昇博,昇洋,照博,伸央,伸拡,伸寛,伸啓,伸公,伸宏,伸広,伸弘,伸浩,伸紘,伸宗,伸泰,伸大,伸宙,伸展,伸博,伸弥,伸祐,伸裕,伸洋,伸礼,伸廣,信央,信完,信寛,信啓,信宏,信広,信弘,信浩,信紘,信尋,信太,信泰,信大,信博,信弥,信祐,信裕,信洋,信礼,信廣,信皓,晋寛,晋宏,晋広,申洋,紳浩,紳博,進弘,政弘,誠央,誠大,誠博,誠彦,誠洋,宣寛,宣啓,宣公,宣宏,宣広,宣弘,宣浩,宣尋,宣展,宣博,宣裕,宣洋,宣廣,惣浩,辰嘉,暢嘉,暢啓,暢宏,暢弘,暢浩,暢紘,暢仁,暢大,暢博,暢悠,暢洋,長広,長弘,直宏,陳裕,展宏,展広,展弘,展浩,展周,展大,展博,展裕,展洋,統弘,敦寛,敦啓,敦広,敦大,敦博,忍博,乃文弘,之寛,之豊寛,富弘,布裕,房広,睦央,靖啓,靖弘,靖太,庸宏,庸広,庸弘,庸浩,庸博,亙泰,亘啓,亘宏,亘広,亘弘,亘浩,亘洋,敍廣,昶煕
のぶふさ,nobufusa,延房,伸記,伸房,信総,信房
のぶふみ,nobufumi,延文,修史,順史,順文,昇吏,伸史,伸文,信史,信文,宣史,暢史,睦史,庸文
のぶほ,nobuho,亘穂
のぶまさ,nobumasa,延匡,延公,延昌,宜政,薫正,修幹,修昌,順允,将正,伸雅,伸尚,伸昌,伸政,伸正,伸全,信雅,信匡,信将,信昌,信政,信正,信方,信祐,宣将,宣真,宣政,宣正,宣全,暢将,暢正,展将,展正,敦雅,能成,靖昌,庸匡,庸真,亘正,傳眞
のぶみ,nobumi,信巳
のぶみち,nobumichi,修道,常道,伸道,伸美知,信充,信通,信徹,信道,信倫,信路,宣通,宣道,暢達,暢統,暢道,展道,葉岐,亘倫
のぶみつ,nobumitsu,延光,伸光,伸充,信光,信充,信満,進光,宣光,宣満,陳満,典満
のぶもと,nobumoto,修玄,伸元,伸泉,信元,信玄,暢幹,暢元,備基,靖基
のぶや,nobuya,允耶,延哉,延也,寛也,宜哉,宜也,修也,順也,叙也,将也,将弥,伸哉,伸八,伸也,伸弥,伸矢,信哉,信也,信弥,晋弥,誠矢,宣哉,宣也,暢哉,暢也,暢弥,長也,展欣,展哉,展也,登也,敦哉,敦也,乃歩也,乃巫弥,能舞也,靖也,与弥,亘哉
のぶやす,nobuyasu,円裕,延安,延尉,延康,延泰,延靖,喜康,修安,修康,伸安,伸育,伸恭,伸康,伸泰,伸保,伸靖,信安,信賢,信康,信泰,信保,晋康,進康,宣康,宣泰,暢安,暢恭,暢康,暢泰,暢保,展康,展靖,敦康,敦靖,靖康,庸恭,庸靖,亘康
のぶゆき,nobuyuki,允介,永之,延介,延元,延幸,延行,延志,延至,延之,寛之,喜幸,喜行,喜之,宜幸,宜行,宜之,欣幸,啓之,慶之,経幸,経至,弘之,恒介,恒敬,史之,修幸,修行,修通,修之,修平,順敬,順行,順之,叙之,将介,将公,将幸,将行,将之,昇幸,照行,伸維,伸介,伸起,伸享,伸元,伸五,伸公,伸幸,伸行,伸志,伸至,伸晋,伸征,伸雪,伸泰,伸到,伸之,伸由紀,伸祐樹,伸侑,信往,信公,信幸,信行,信志,信順,信雪,信如,信之,信祐,晋之,申之,紳行,紳之,進介,進之,誠敬,誠之,宣敬,宣元,宣幸,宣行,宣征,宣之,総之,辰幸,暢介,暢幸,暢行,暢志,暢之,直由,展享,展幸,展行,展之,登幸,登之,統之,敦亨,敦幸,敦行,敦之,乃之,布至,並之,睦文,靖幸,靖之,庸喜,庸亨,庸行,庸志,庸之,良太,亘享,亘行,頌之
のぶよし,nobuyoshi,永欣,延佳,延嘉,延喜,延義,延吉,延欣,延慶,延好,延幸,延祥,延美,延良,寛由,緩与,喜慶,喜良,宜致,宜芳,宜睦,史孝,修義,修功,修克,修由,修良,順義,順資,将嘉,将宜,昇義,章好,常義,伸悦,伸佳,伸嘉,伸宜,伸義,伸吉,伸欣,伸圭,伸賢,伸好,伸祥,伸是,伸宣,伸兆,伸典,伸美,伸芳,伸睦,伸由,伸良,信允,信悦,信佳,信嘉,信喜,信儀,信義,信吉,信慶,信敬,信好,信至,信順,信祥,信善,信禎,信能,信美,信芳,信由,信良,晋義,晋芳,申佳,申宜,進嘉,誠良,宣佳,宣嘉,宣介,宣義,宣吉,宣慶,宣好,宣孔,宣祥,宣是,宣代士,宣美,宣芳,宣利,総義,暢克,暢純,暢善,暢芳,暢良,暢烈,長慶,展佳,展義,展啓,展慶,展功,展祥,展芳,展由,布佳,靖佳,靖吉,靖禎,裕允,庸嘉,庸貴,庸好,庸禎,亘純,亘理
のぶより,nobuyori,伸頼,信頼
のぶろう,noburou,延郎,述郎,伸朗,伸郎,信郎,暢朗,暢郎
のぼる,noboru,旭,岳,昂,晃,升,昇,伸,斉,遷,暢,登,騰,徳,豊,竜,龍,晟,襄
のまひこ,nomahiko,野馬彦
のりあき,noriaki,威彰,育昭,賀晶,賀章,雅章,格昌,鑑晃,希昭,希明,紀晃,紀秋,紀彰,紀昭,紀晶,紀章,紀信,紀聡,紀哲,紀穂,紀明,紀陽,紀亮,規覚,規景,規晃,規秋,規彰,規昭,規晶,規照,規章,規亮,規朗,記晃,記章,記明,儀明,宜昭,宜章,宜明,宜亮,義朗,議晶,教晃,教彰,教昭,教督,教明,教朗,謹昭,矩明,訓彰,訓昭,訓章,訓明,慶輝,慶明,敬晃,敬章,敬明,憲顕,憲晃,憲秋,憲彰,憲昌,憲昭,憲晶,憲照,憲章,憲明,憲陽,憲亮,憲朗,謙聡,謙朗,玄明,公昭,公明,功晃,功章,功知,功哲,功明,孔明,孝章,孝朗,工朗,康暁,詞旭,式昭,識介,宗昭,宗章,宗亮,祝昭,昇明,章晃,章亮,肖明,乗晃,乗昭,常晃,慎明,慎朗,仁昭,仁明,成晃,成昭,成明,説輝,宣亨,宣彰,宣昌,宣昭,宣晶,宣章,宣明,宣朗,則晃,則秋,則彰,則昭,則晶,則章,則成,則明,則亮,知昭,智輝,智晃,智昭,智明,智亮,智朗,稚晃,哲章,哲明,哲朗,典旭,典輝,典亨,典顕,典晃,典秋,典彰,典昭,典章,典聡,典哲,典明,典陽,典朗,展明,登昭,登章,統章,統彬,統明,徳旭,徳暁,徳顕,徳晃,徳彰,徳昭,徳章,徳明,徳亮,徳朗,伯章,伯明,範華,範晃,範秋,範彰,範昌,範昭,範晶,範章,範明,範朗,文昭,法顕,法晃,法昭,法章,法宣,法聡,法明,法亮,律昭,律明,倫暁,倫彰,倫章,倫明,倫陽,令明,礼啓,礼彰
のりあつ,noriatsu,基充,紀篤,紀富,憲宏,至淳,昇厚,知篤,典厚,典篤,徳厚
のりい,nori,徳伊
のりいち,norichi,則一,統一
のりうみ,noriumi,憲海
のりお,norio,寛生,寛雄,基生,希生,希雄,紀央,紀緒,紀生,紀男,紀夫,紀雄,紀郎,規央,規王,規生,規男,規夫,規雄,規良,規朗,規郎,記央,記緒,記勝,記生,記男,記夫,儀夫,宜央,宜生,宜男,義夫,議雄,議郎,教生,教男,教夫,教輔,教雄,教朗,教郎,勤夫,勤雄,勤郎,矩男,訓央,訓応,訓生,訓男,啓生,啓男,啓雄,敬生,敬夫,敬雄,経生,経男,経夫,憲映,憲央,憲王,憲生,憲男,憲夫,憲雄,憲朗,憲郎,謙雄,吾夫,悟夫,悟勇,功生,功男,功夫,孝夫,克夫,士夫,式夫,識央,識生,周央,宗生,宗男,秀斗,祝夫,順生,順雄,昇央,昇巨,昇生,章夫,章雄,伸郎,慎夫,慎雄,成生,成郎,仙夫,宣男,宣夫,宣雄,則生,則男,則尾,則夫,則雄,則郎,知生,智夫,智勇,智雄,超夫,哲央,哲生,哲男,哲夫,哲勇,典央,典緒,典生,典男,典夫,典勇,典雄,典良,典朗,典郎,統夫,道雄,徳士,徳治,徳収,徳生,徳男,徳夫,徳雄,徳朗,徳郎,乃里夫,範央,範生,範男,範夫,範勇,範雄,範郎,法央,法旺,法周,法生,法男,法夫,法勇,法雄,明男,野利男,野里生,理生,律夫,律雄,略夫,緑生,倫生,倫男,倫夫,令雄,礼生,礼男,礼雄
のりおう,noriou,規央
のりおき,norioki,宣興,則興,法興
のりおみ,noriomi,紀臣,規臣,憲臣,典臣,徳臣,範臣,法臣,令臣
のりかげ,norikage,紀景
のりかず,norikazu,賀一,雅一,格知,希和,紀一,紀量,紀和,規一,規員,規嘉津,規司,規和,記一,記和,宜和,教一,教和,訓一,訓和,慶一,敬和,憲一,憲計,憲和,悟一,功一,功和,孝容,孝和,士司,周和,祝一,昇一,昇計,昇三,昇千,昇和,章員,章和,慎一,仁一,成良,宣一,宣寿,宣多,則一,則和,智一,哲一,哲和,典一,典計,典和,登一,統一,徳一,徳司,徳万,徳利,徳和,伯一,範一,範員,範計,範和,文一,法一,法和,律和,倫一,倫司,倫和,亘一,勳一
のりかた,norikata,義豊,宣方
のりかつ,norikatsu,規克,規勝,教克,慶勝,憲功,憲克,憲勝,悟克,識勝,乗克,乗勝,宣勝,則克,則勝,典巧,典克,徳克,徳勝,範勝,法克,法勝,律克,倫克
のりかね,norikane,教鐘,憲鉄,智兼
のりき,noriki,紀輝,紀樹,教記,矩揮,憲機,憲紀,憲樹,憲城,憲生,式希,識紀,乗樹,則基,則希,則揮,則樹,典希,典輝,典樹,徳樹,範樹,法希,法機,法樹,緑樹,倫己
のりきよ,norikiyo,訓清,憲清,憲精,則清,道清,伯挙,範清,稔恭
のりくに,norikuni,宜邦,憲邦,誠邦,宣邦,徳州,範訓,法邦,了州
のりさだ,norisada,紀定,憲定,法正,法定
のりさと,norisato,紀誠,規聡,憲聖,則聡,典諭,徳識
のりしげ,norishige,紀重,紀成,紀茂,規成,記成,慶重,憲樹,憲重,憲茂,工盛,周重,祝成,昇成,慎恵,仁茂,宣成,則重,則成,典重,典成,徳重,徳臣,徳成,徳盛,徳茂,伯成,範重,範繁,礼成
のりじ,noriji,紀二,規司,則次,則二
のりすけ,norisuke,紀祐,教介,謙佑,典輔,統介,得輔
のりすみ,norisumi,法純
のりたか,noritaka,永好,永尚,永隆,雅行,鑑宇,鑑孝,紀貴,紀孝,紀考,紀高,紀剛,紀隆,規貴,規孝,規高,規嵩,規能,儀隆,宜敬,宜孝,宜農,議隆,教貴,教好,教孝,教剛,謹高,訓孝,慶孝,敬高,敬崇,敬隆,憲貴,憲孝,憲高,憲尚,憲臣,憲嵩,憲生,憲壮,憲隆,憲陵,謙尚,謙万,謙和,悟隆,功賢,功孝,功隆,孝賢,至享,至剛,周啓,宗孝,昇孝,慎高,慎隆,臣貴,仁誠,仁尊,成隆,宣貴,宣孝,宣考,宣隆,宣亮,則貴,則孝,則尊,則隆,智孝,智尚,智崇,智嵩,智能,程隆,哲央,哲貴,哲敬,哲孝,哲尚,哲崇,哲誉,典貴,典敬,典孝,典高,典剛,典飛,典峰,典隆,展崇,徳栄,徳貴,徳賢,徳厳,徳孝,徳高,徳崇,徳尊,徳堂,徳隆,範貴,範孝,範高,範尚,範臣,範崇,範隆,法貴,法孝,法高,法剛,法平,法隆,律宇,了誉,倫孝,令隆,礼隆
のりたけ,noritake,規威,規武,訓丈,憲威,憲健,憲丈,憲武,功剛,則豪,則武,典毅,典剛,典丈,徳岳,徳武,範丈,範武,法剛,論武
のりただ,noritada,雅理,紀匡,紀忠,記忠,敬止,憲義,憲忠,宣正,則忠,智禎,典忠,範規,倫忠,礼忠
のりたつ,noritatsu,紀達,紀翔,規立,典竜
のりたね,noritane,徳胤
のりちか,norichika,永親,格央,寛慈,紀親,紀力,宜哉,宜尋,教慎,教親,勤恭,訓史,敬近,憲央,憲親,憲睦,仁力,宣親,則近,哲史,典愛,典近,典親,徳元,徳親,範史,範周,範親,法央,法哉,法爾
のりつぐ,noritsugu,祈次,紀嗣,紀次,紀二,規次,宜嗣,教嗣,教倫,訓嗣,敬貢,敬嗣,建次,憲継,憲嗣,憲次,憲承,謙承,悟次,行嗣,式丞,宗嗣,祝嗣,伸次,慎諭,宣嗣,宣次,則継,則嗣,則次,智胤,哲嗣,典亜,典司,典嗣,徳告,徳嗣,範継,範貢,範次,法継,法嗣,法承,頼二,倫嗣,倫承
のりつな,noritsuna,典綱
のりてる,noriteru,紀輝,登晃,法照,亘輝
のりと,norito,紀人,紀仁,紀斗,紀登,規人,記人,義人,教人,憲人,憲土,昭人,則人,典人,徳人,徳翔,伯人,範人,法人,律人
のりとし,noritoshi,紀寿,紀年,紀敏,規俊,規敏,規利,規壽,宜利,教年,訓敏,慶章,憲紀,憲寿,憲俊,憲聡,憲利,悟稔,宗俊,慎俊,仙寿,則俊,則智,則年,則肇,則敏,則利,智俊,智稔,稚敏,哲敏,哲稔,典寿,典俊,典駿,典敏,典利,統世,統敏,徳寿,徳俊,徳智,徳敏,任世,伯利,範俊,範年,範敏,範利,法利
のりとも,noritomo,学呂,紀知,紀友,規智,規友,記朋,教等,教友,敬智,憲誠,憲智,憲友,謙知,師友,仙丈,則友,徳朝,範知,範智,範朋,範倫
のりなお,norinao,憲尚,憲直,則直,徳尚,徳有
のりなが,norinaga,紀永,宜長,宣長,典永,徳長,法修,法長
のりなり,norinari,典成
のりのぶ,norinobu,紀信,則信,法伸
のりはる,noriharu,紀治,紀春,規晴,教晴,恵治,憲治,憲春,乗晴,典治,徳治,法治
のりひこ,norihiko,賀彦,格彦,紀彦,紀弥,規彦,宜彦,教人,教彦,矩彦,勲彦,訓彦,敬彦,憲彦,功彦,孝彦,考彦,至彦,詞彦,式彦,周彦,祝彦,順彦,昇彦,仁彦,成彦,仙彦,宣彦,則彦,智彦,哲彦,典比古,典彦,徳彦,伯彦,範彦,文彦,法彦,野理彦,倫彦,礼彦
のりひさ,norihisa,紀久,紀寿,紀尚,紀之,規久,記央,記久,儀尚,宜久,義久,教永,教久,教尚,矩久,矩寿,訓永,訓久,訓寿,敬久,憲永,憲央,憲久,憲寿,憲尚,憲昌,功久,師久,視久,周古,宗久,宗寿,修久,祝久,順久,昇久,昇尚,慎久,宣久,宣尚,則久,則寿,則尚,知久,智永,智久,智尚,朝央,帝勲,哲久,典永,典央,典久,典寿,典壽,展久,統久,徳久,徳寿,徳尚,乃了寿,伯尚,範永,範久,範尚,法央,法久,容久,倫央,倫久,倫尚,令久,礼久
のりひで,norihide,永英,基嗣,紀英,紀秀,規英,規嗣,規秀,宜栄,義英,教偉,勲任,訓秀,敬英,憲英,憲秀,功英,昇秀,成次,宣英,則秀,知秀,智英,哲英,典英,典秀,徳英,徳秀,伯英,伯秀,範英,範豪,範秀,法英,法秀,了英,礼英
のりひと,norihito,賀仁,寛人,寛仁,紀一,紀史,紀人,紀仁,規士,規人,規仁,記史,記士,宜仁,義士,義仁,教人,教仁,敬人,敬仁,憲史,憲人,憲仁,謙人,謙仁,功人,孝仁,載仁,士人,識人,祝仁,慎人,仁一,仁人,績史,宣人,宣仁,則人,則仁,尊仁,智士,智仁,稚士,哲史,典史,典人,典仁,徳史,徳人,徳仁,乃仁,伯人,範士,範人,範仁,法人,法仁,庸人,庸仁,律史,了仁,倫士,令人,礼仁
のりひら,norihira,紀衡,典平
のりひろ,norihiro,賀大,雅弘,雅裕,格弘,寛弘,基広,紀寛,紀公,紀宏,紀広,紀弘,紀浩,紀大,紀博,紀祐,紀裕,紀洋,紀廣,規宏,規広,規弘,規浩,規尋,規博,規裕,規陽,記啓,記宏,記広,記大,記博,記裕,記洋,儀裕,宜宏,宜広,宜弘,義彦,議生,議博,恭弘,教寛,教宏,教広,教弘,教浩,教尋,教博,教裕,教洋,教皓,謹啓,謹裕,訓寛,訓弘,訓大,訓裕,訓洋,敬容,経弘,憲宏,憲広,憲弘,憲浩,憲大,憲展,憲博,憲平,憲裕,憲洋,憲廣,謙浩,玄洋,功寛,功啓,功浩,功博,功裕,載弘,視丈,詞啓,詞大,式皓,識宏,周弘,周洋,宗弘,修広,祝広,準明,準裕,昇宏,昇広,昇弘,昇大,昇洋,章博,詔啓,乗寛,慎啓,慎大,仁洋,成洋,宣広,宣弘,宣博,宣明,宣裕,宣洋,然浩,則宏,則広,則弘,則浩,則博,則裕,則廣,知宏,知広,智宏,智浩,智裕,智洋,哲広,哲弘,哲彦,典寛,典啓,典宏,典広,典弘,典浩,典紘,典泰,典大,典博,典祐,典裕,典洋,展弘,展裕,統央,統啓,徳寛,徳啓,徳宏,徳広,徳弘,徳浩,徳宗,徳尋,徳泰,徳大,徳拓,徳博,徳祐,徳裕,徳洋,範宏,範弘,範浩,範博,範裕,範洋,法宏,法広,法弘,法大,法博,法洋,法廣,律浩,律裕,倫寛,倫敬,倫宏,倫広,倫弘,倫大,令博,礼寛,愼裕
のりふさ,norifusa,敬房,悟亮,宣房,則房,智寅,徳房,伯麻
のりふみ,norifumi,以文,紀史,紀文,紀歩,規史,規文,記史,軌文,宜史,議史,教史,教二巳,教文,矩史,訓史,敬史,敬文,憲史,憲文,謙文,悟史,功文,至史,周史,周文,慎史,宣史,宣文,則史,則文,智史,智文,哲史,典史,典夫三,典文,徳郁,徳史,徳文,伯史,伯典,範史,範文,文史,陛史,法史,法文,庸史,律史,律典,律文,倫史,令史,礼史
のりぶみ,noribumi,規文,憲史,典文
のりまさ,norimasa,維勝,永昌,格正,学将,学正,紀雅,紀昌,紀政,紀正,規雅,規真,規仁,規正,規全,軌順,騎正,宜正,教雅,教正,教全,矩正,訓将,慶聖,敬将,敬正,憲雅,憲匡,憲賢,憲将,憲昌,憲征,憲成,憲政,憲正,憲優,公正,功昌,功眞,剛正,師正,至暢,宗昌,順正,宣政,宣正,則雅,則匡,則芸,則昌,則正,知正,智雅,智正,智優,哲成,哲正,哲聖,哲理,典雅,典将,典真,典成,典政,典正,典應,展正,徳雅,徳将,徳昌,徳真,徳政,徳正,徳聖,範雅,範匡,範勝,範将,範昌,範征,範正,範暢,文栄,法将,法昌,法政,法正,倫正,倫暢,礼雅,勳正
のりみ,norimi,典己
のりみき,norimiki,徳樹
のりみち,norimichi,永康,紀通,紀道,紀理,紀路,規充,規道,規路,記通,記道,記庸,軌道,教道,憲見智,憲通,憲導,憲道,憲路,悟道,昇道,宣道,則通,則道,知道,智充,智通,中理,典道,典路,範道,法道,倫通,倫道,礼迪
のりみつ,norimitsu,紀光,紀充,紀満,規光,規充,教光,教充,矩光,訓光,訓三,敬充,憲光,憲充,憲照,謙光,悟光,功光,功充,准光,章充,宣光,則光,則実,則充,則満,知光,哲光,典光,典克,典充,典満,展光,徳光,徳三,徳充,乃充,伯光,伯明,範光,範充,法光,法充,法満,律光,倫光
のりむね,norimune,徳宗,範宗,令宗
のりもと,norimoto,紀元,典玄,徳元,範元,法基
のりや,noriya,雅也,紀哉,紀也,紀矢,記也,敬哉,憲哉,則哉,知也,典也,徳也,範弥,法也,礼也
のりやす,noriyasu,紀康,紀泰,規安,規恭,規康,規泰,規靖,儀康,義泰,議穏,教安,教恭,教泰,教靖,訓康,啓泰,敬康,憲康,憲泰,憲保,憲靖,謙康,功泰,功又,孝康,識恭,章泰,仁康,宣康,則安,則恭,則康,則泰,則靖,則倫,知愛,智保,哲康,哲靖,典尉,典恭,典康,典泰,典保,典靖,徳恭,徳康,徳泰,徳保,徳靖,徳裕,伯恭,範安,範恭,範康,範泰,範保,文尉,法居,法保,雄恭,誉育,了康,礼康
のりゆき,noriyuki,威行,永幸,央幸,賀通,賀之,格行,学志,寛之,希征,紀亨,紀元,紀倖,紀孝,紀幸,紀行,紀征,紀之,紀裕貴,規亨,規幸,規行,規志,規至,規之,規由,記敬,記幸,記行,記之,軌行,儀幸,儀行,儀之,宜享,宜幸,宜行,宜征,宜之,議之,教幸,教行,教雪,教之,勤行,勤之,謹至,矩幸,矩行,矩之,訓幸,訓行,訓之,啓至,啓之,慶幸,慶之,敬幸,敬行,敬之,経之,憲幸,憲行,憲志,憲征,憲生,憲之,憲礼,謙亨,謙行,謙之,悟幸,悟行,悟章,悟之,悟由,功往,功介,功行,功至,功之,孝之,工幸,史之,士志,師行,師之,至行,識敬,識行,実志,主幸,周之,宗幸,宗将,祝行,祝之,準幸,順幸,順之,昇志,昇之,詔行,詔之,慎征,慎之,仁敬,仁幸,仁志,仙幸,仙之,宣幸,宣行,宣之,然之,則維,則介,則敬,則幸,則行,則之,短幸,知行,知之,知敏,智幸,智行,智之,哲享,哲孝,哲幸,哲行,哲之,哲廉,典亨,典敬,典幸,典行,典志,典政,典雪,典千,典之,展行,登幸,度之,統之,徳喜,徳敬,徳幸,徳行,徳志,徳至,徳是,徳征,徳如,徳之,乃之,納肖,能順,能登,能之,伯幸,伯行,伯如,伯之,範幸,範行,範志,範至,範征,範之,範有樹,法恭,法敬,法幸,法行,法征,法之,稔征,理行,律幸,律之,了之,倫幸,倫行,倫之,礼之,論行,愼享,愼章
のりよし,noriyoshi,学義,寛芳,基寛,紀佳,紀嘉,紀喜,紀宜,紀義,紀吉,紀好,紀賛,紀昌,紀是,紀善,紀美,紀芳,紀由,紀良,規悦,規佳,規可,規喜,規義,規祥,規善,規良,記佳,記嘉,記義,記良,儀良,宜義,宜祥,義善,教悦,教嘉,教義,教秀,教祥,教善,教禎,訓由,訓良,慶佳,慶吉,慶好,慶睦,敬承,経仁,憲佳,憲可,憲嘉,憲宜,憲義,憲欣,憲厳,憲好,憲司,憲美,憲芳,憲由,憲良,謙嘉,謙仁,己善,悟欣,悟善,功佳,功勝,功芳,功和,巧和,史芳,詞貴,詞義,識義,識祥,周良,順吉,昇功,昇兌,章愛,成美,仙佳,宣吉,宣良,則佳,則義,則吉,則好,則叔,則祥,則善,則芳,則良,代喜,智義,智祥,致美,哲義,哲好,典佳,典宜,典義,典恵,典功,典剛,典善,典芳,典由,典良,展好,徳喜,徳義,徳慶,徳好,徳善,徳彦,徳芳,徳良,乃善,能義,伯佳,伯文,範佳,範義,範好,範昌,範善,範芳,法義,法好,法典,法良,律嘉,律好,律善,了祥,倫義,倫尚,倫理
のるど,norudo,野留土
はあと,hato,羽亜人
はかり,hakari,計
はかる,hakaru,議,計,斗,度
はがお,hagao,初芽生
はがね,hagane,鋼
はく,haku,舶
はしる,hashiru,走
はじめ,hajime,一,魁,開,冠,基,紀,吉,啓,計,元,源,玄,昂,甲,哉,才,朔,始,治,自,式,宗,叔,淑,祝,春,順,初,新,先,祖,創,早,聡,太,大,拓,端,朝,天,統,肇,甫,萌,本,孟,弌
はずむ,hazumu,弾
はせる,haseru,馳
はちろう,hachirou,八朗,八郎
はつお,hatsuo,初男,初夫,初雄
はつし,hatsushi,初士,初至
はつじ,hatsuji,初次,初治
はつぞう,hatsuzou,釟三
はつたろう,hatsutarou,初太郎,釟太郎
はつひ,hatsuhi,初陽
はつひで,hatsuhide,初秀
はつひと,hatsuhito,初仁
はつひろ,hatsuhiro,初広,初弘,初浩,肇博
はつふみ,hatsufumi,初二三,創史
はつま,hatsuma,初馬
はつや,hatsuya,初哉,初也
はつゆき,hatsuyuki,初幸,初之
はなたけ,hanatake,華武
はなたろう,hanatarou,花太郎
はなまる,hanamaru,華丸
はなみち,hanamichi,花道
はなゆき,hanayuki,花行
はまいち,hamaichi,濱一
はやお,hayao,駿,早男,速雄,隼男,隼雄
はやおみ,hayaomi,隼臣
はやかず,hayakazu,速和,隼一
はやき,hayaki,駿,速樹,隼樹
はやし,hayashi,羽矢志,駿,迅史,早史,早士,早志,速,速士,隼
はやせ,hayase,速世,隼世
はやた,hayata,快太,征太,速太,八彌多,隼太,隼大
はやつぐ,hayatsugu,隼次
はやて,hayate,疾,疾風,敏風,颯
はやと,hayato,逸人,逸登,羽矢人,鋭人,快人,快仁,敬人,健人,剣人,甲矢人,粛人,駿人,駿斗,準人,準斗,将人,捷人,捷達,迅人,迅斗,迅登,早人,早登,速人,速徒,哲人,巴矢人,覇人,俳優人,隼史,隼士,隼人,隼仁,隼生,隼斗,隼登,隼都,隼土,隼道,隼利,隼翔,敏登,勇虎,勇人,勇仁,勇斗,勇登,勇都,勇利,勇和,葉弥斗,林人,翔人,颯人,颯斗
はやとし,hayatoshi,迅利,早敏
はやなり,hayanari,勇成
はやの,hayano,敬乃
はやひこ,hayahiko,早比古,隼彦
はやひと,hayahito,早人
はやみ,hayami,速実,速水
はゆま,hayuma,隼磨
はるあき,haruaki,玄晃,玄明,治顕,治晃,治昭,治章,春秋,春昭,春聡,春明,晴暁,晴秋,晴昭,晴章,晴成,晴明,晴亮,晴朗,泰生,張明,東明,陽輝,陽昭,陽明
はるいち,haruichi,治一,春一,晴一
はるいちろう,haruichirou,明一郎
はるえい,haruei,晴英
はるお,haruo,温男,温夫,啓夫,治王,治士,治生,治男,治夫,治穂,治雄,春生,春男,春夫,春雄,晴央,晴巨,晴士,晴生,晴男,晴夫,晴雄,東男,明男,陽生,陽夫,陽雄
はるおみ,haruomi,治臣,春臣,晴臣
はるか,haruka,悠,遥河,瞭,遼
はるかず,harukazu,治和,春一,晴一,晴計,晴和
はるき,haruki,栄希,栄樹,永季,温喜,温紀,啓生,玄季,玄記,玄貴,玄樹,玄生,治喜,治基,治希,治揮,治季,治紀,治規,治記,治貴,治輝,治己,治樹,治城,治生,治妃,春喜,春基,春希,春毅,春紀,春貴,春起,春輝,春錦,春樹,春城,春生,春木,晴喜,晴基,晴希,晴紀,晴規,晴記,晴貴,晴輝,晴己,晴樹,晴章,晴城,晴生,晴之,青樹,早春生,泰規,暖樹,東樹,明希,明樹,悠希,悠生,遥喜,遥希,遥輝,遥生,陽喜,陽基,陽希,陽気,陽紀,陽規,陽貴,陽輝,陽己,陽樹,陽城,遼紀
はるきよ,harukiyo,治清
はるくに,harukuni,治邦,晴国,晴國,青邦
はるさだ,harusada,治定
はるし,harushi,啓至,治司,治志,春士,晴司,陽史
はるしげ,harushige,温繁,開成,治重,治成,治茂,春重,春茂,晴滋,晴重,晴繁,晴茂,陽重
はるじ,haruji,治司,治二,春治,春二,晴路
はるすけ,harusuke,治助
はるすみ,harusumi,晴純
はるた,haruta,春太,遥太
はるたか,harutaka,玄崇,治巨,治孝,治尊,春隆,晴貴,晴敬,晴孝,晴耕,晴資,晴崇,晴任,晴誉,晴隆,東生,陽崇
はるたけ,harutake,玄武,治武,晴丈
はるただ,harutada,陽正
はるたね,harutane,晴胤
はるたろう,harutarou,治太郎,春太郎
はるちか,haruchika,元慎,治史
はるつぐ,harutsugu,治胤,春次,晴嗣,明次
はると,haruto,温斗,玄人,時人,治人,春人,春仁,春斗,駿登,晴人,晴仁,晴斗,晴渡,晴土,晴任,晴翔,悠人,悠斗,悠翔,遥登,陽人,陽仁,陽大,陽斗,陽土,遙人,遙斗
はるとき,harutoki,晴季
はるとし,harutoshi,温鋭,開俊,治俊,治年,治敏,治稔,治利,春寿,春俊,春年,春敏,晴淑,晴俊,晴年,晴敏,晴利,陽俊,陽敏
はるとも,harutomo,玄知,治智,治友,明智,明友
はるなお,harunao,玄直,晴修
はるなか,harunaka,治仲
はるなが,harunaga,治永,陽長
はるなり,harunari,治成,春成,晴成,晴也
はるのすけ,harunosuke,晴之介,晴之輔,晴之祐
はるのぶ,harunobu,治恒,治史,治順,治伸,治信,治暢,治之,春伸,春信,晴永,晴修,晴伸,晴信,晴宣,晴庸,東伸,東信,明伸,悠暢,陽伸,陽亘
はるのり,harunori,玄徳,治憲,治則,治典,治徳,治範,春徳,晴紀,晴規,晴憲,晴謙,晴則,晴典,晴徳,晴律,大尋,張徳,美至,陽紀,陽準
はるひこ,haruhiko,温彦,元彦,玄彦,治比古,治彦,春彦,晴比古,晴彦,東彦,波留彦,遥彦,陽彦
はるひさ,haruhisa,温尚,始寿,治永,治久,治寿,治尚,治壽,修久,春久,春寿,晴央,晴久,晴寿,大悠,東久,悠久,陽久,陽恒
はるひで,haruhide,玄任,治栄,治英,治秀,春英,晴英,東秀,陽英
はるひと,haruhito,栄人,温仁,元士,玄人,玄仁,治史,治人,治仁,春人,春仁,春仙,晴人,晴仁,悠人,陽人,陽仁,令人
はるひろ,haruhiro,温大,治宏,治広,治弘,治浩,治廣,春広,春博,晴寛,晴啓,晴宏,晴弘,晴浩,晴裕,晴洋,陽弘
はるふさ,harufusa,治房,晴房
はるふね,harufune,春舟
はるふみ,harufumi,治史,治文,晴史,晴文,明史,陽文
はるま,haruma,玄摩,春雅,春馬,晴真,晴馬,遥真
はるまさ,harumasa,玄昌,治将,治昌,治正,春雅,晴雅,晴公,晴政,晴正,晴將,張正,明祐,陽正
はるみち,harumichi,治通,治道,春道,晴通,晴道,悠貢,悠倫,陽通,陽道
はるみつ,harumitsu,治光,春光,春三,春充,晴光,晴充,陽光,陽充
はるみね,harumine,治峰,晴峰
はるもと,harumoto,晴幹,晴基,晴元
はるもり,harumori,晴盛,明績
はるや,haruya,温哉,元也,玄也,治哉,治也,治弥,春哉,春也,春弥,晴哉,晴也,暖矢,東也,日哉,遥也,陽哉,陽也,脩矢
はるやす,haruyasu,治安,治恭,晴康,晴庸,明育,陽康
はるゆき,haruyuki,温行,玄行,治幸,治行,治之,治文,春幸,春行,春之,晴幸,晴行,晴之,東行,明之,悠行,悠之,陽運,陽志,陽之,陽悠
はるよし,haruyoshi,温善,玄祥,治喜,治義,治慶,治好,治承,治善,治美,治良,春儀,春義,春慶,春好,春芳,晴惟,晴義,晴好,晴善,晴美,晴彬,晴芳,晴由,晴良,大義,東義,明意,明義,明昌,陽至,陽良
はるろう,harurou,晴朗,晴郎
はろう,harou,波郎
はん,han,帆
はんいちろう,hanichirou,範一郎
はんじろう,hanjirou,半次郎,繁二郎
はんす,hansu,帆朱
はんた,hanta,帆太
はんたろう,hantarou,帆太郎
はんと,hanto,帆人
ばく,baku,漠,麦
ばん,ban,晩
ばんか,banka,晩夏
ばんり,banri,万里
ひかり,hikari,輝,光,光人,晃,太陽,曜,耀,陽,暉,洸
ひかる,hikaru,映,瑛,英,輝,光
ひこいち,hikoichi,彦一
ひこいちろう,hikoichirou,彦一郎
ひこさぶろう,hikosaburou,彦三郎
ひこしろう,hikoshirou,彦四郎
ひこじろう,hikojirou,彦次朗,彦次郎,彦二郎
ひこぞう,hikozou,彦三
ひこた,hikota,彦太
ひこたろう,hikotarou,彦太郎
ひこつぐ,hikotsugu,彦次
ひこはる,hikoharu,彦治
ひこま,hikoma,彦馬
ひこまる,hikomaru,彦丸
ひこまろ,hikomaro,彦摩呂
ひこや,hikoya,彦弥
ひこゆき,hikoyuki,彦行,彦之
ひこよし,hikoyoshi,彦慶,彦善
ひさあき,hisaki,栄昭,永晃,永明,央淳,央昭,久阿紀,久輝,久顕,久晃,久彰,久昌,久昭,久晶,久章,久聡,久哲,久明,久朗,寿昭,寿章,尚晃,尚彰,尚章,尚明,比三明
ひさあつ,hisatsu,久淳
ひさいち,hisaichi,寿一
ひさお,hisao,永生,永雄,永朗,喜夫,久生,久大,久男,久夫,久普,久雄,久朗,久郎,寿生,寿男,寿夫,寿雄,寿朗,寿郎,尚央,尚功,尚臣,尚生,尚男,尚夫,尚雄,尚郎,比佐夫,比左夫,悠夫,裕夫,壽男,壽夫,壽雄,壽朗,壽郎
ひさおみ,hisaomi,永臣,久臣,寿臣
ひさかず,hisakazu,央多,央和,久一,久唄,久和,寿一,寿量,寿和,尚一,尚和
ひさかつ,hisakatsu,久克,久勝,寿克,尚克,長克
ひさかづ,hisakazu,久和
ひさき,hisaki,永樹,央基,央樹,久企,久喜,久希,久揮,久祈,久記,久貴,久起,久輝,久己,久樹,久城,寿喜,寿紀,寿輝,寿樹,寿来,尚希,尚毅,尚紀,尚記,悠生
ひさくに,hisakuni,久国,久邦
ひささね,hisasane,久実
ひさし,hisashi,栄志,永司,永詞,央史,央嗣,央志,央至,央資,学司,学史,喜史,久佐司,久伺,久司,久史,久嗣,久士,久師,久志,久視,久詞,久詩,久資,久賜,久進,久之,久巳,恭志,九史,九志,向士,恒司,恒史,恒志,寿司,寿史,寿嗣,寿士,寿志,寿旨,寿詩,寿資,寿吏,尚司,尚史,尚嗣,尚士,尚志,尚将,尚巳,比佐志,比左思,飛彩士,悠,悠史,悠志,壽志,脩示
ひさしげ,hisashige,久滋,久重,久繁,久茂
ひさしろう,hisashirou,尚四郎
ひさじ,hisaji,久司,久次,久治,久二,寿治
ひさすけ,hisasuke,久介
ひさずみ,hisazumi,久純
ひさたか,hisataka,永高,永尚,央隆,久貴,久喬,久恭,久敬,久孝,久高,久剛,久尚,久臣,久崇,久隆,寿孝,尚敬,尚孝,尚隆,壽貴
ひさたけ,hisatake,学武,久剛,久武,寿壮,尚大,尚武
ひさただ,hisatada,久忠
ひさたろう,hisatarou,久太郎,寿太郎,壽多朗
ひさつぐ,hisatsugu,久継,久貢,久嗣,久次,寿継,寿次,尚嗣,藤嗣,弥嗣
ひさつな,hisatsuna,久綱
ひさつね,hisatsune,永恒,久恒
ひさてつ,hisatetsu,久哲
ひさてる,hisateru,久輝,久晃,久照
ひさと,hisato,栄人,永人,央人,学人,久人,久仁,久斗,久登,久都,久隼,久門,久友,久里,桐人,紘里,寿己,寿人,寿仁,寿斗,寿杜,寿登,尚人,尚登,尚豊,申人,宣人,日佐登,日里,妃里,比佐人,悠人,壽人
ひさとし,hisatoshi,永壽,久季,久寿,久宗,久俊,久聡,久敏,久稔,久利,寿俊,寿仁,寿聡,寿登司,寿年,寿利,尚寿,尚俊,尚敏,尚稔,尚利,昌寿,仁俊,翔俊
ひさとみ,hisatomi,久富
ひさとも,hisatomo,久知,久智,久朋,久友,寿知,寿智,尚朋,尚友,長氏
ひさとよ,hisatoyo,久豊
ひさなお,hisanao,学尚,久尚,久真,久直,寿直,尚直
ひさなが,hisanaga,久永,久長,寿長,尚永
ひさなり,hisanari,央成,久育,久就,久成,久也,寿成,尚成,能功
ひさのすけ,hisanosuke,久之輔
ひさのぶ,hisanobu,永悦,永修,永晋,央信,央展,久延,久喜,久宜,久史,久修,久伸,久信,久宣,久直,久展,久能,久靖,恭暢,寿昇,寿伸,寿信,寿暢,寿陳,尚延,尚史,尚伸,尚信,尚宣
ひさのり,hisanori,永周,永典,永統,央紀,央矩,央慎,央典,喜紀,喜智,久賀,久鑑,久紀,久規,久記,久義,久教,久訓,久敬,久憲,久功,久祝,久順,久詔,久成,久則,久智,久哲,久典,久展,久徳,久範,久法,久律,久倫,久令,久礼,恒紀,恒則,恒徳,寿学,寿紀,寿規,寿教,寿憲,寿宣,寿則,寿典,寿徳,寿伯,寿範,寿法,修士,尚紀,尚規,尚訓,尚敬,尚憲,尚孝,尚宣,尚則,尚典,尚徳,尚伯,尚範,尚法,尚倫,尚令,仁徳,是徳,仙誠,壽紀,壽則
ひさはる,hisaharu,央晴,久治,久春,久晴,久正,寿治,寿陽,常治
ひさひこ,hisahiko,久彦,寿彦,尚彦
ひさひで,hisahide,久英,寿英,尚秀
ひさひと,hisahito,久人,久仁,寿人,尚仁,悠仁
ひさひろ,hisahiro,久寛,久公,久広,久弘,久浩,久紘,久尋,久博,久裕,久洋,恒浩,寿宏,尚宏,尚広,尚弘,富大
ひさふみ,hisafumi,央文,久史,久文,寿文,尚史,尚文,弥文,悠史
ひさまる,hisamaru,久丸
ひさまろ,hisamaro,久麿,尚麿
ひさみち,hisamichi,久通,久道,久倫,尚達,尚通,尚道,仁道,之通,能道
ひさみつ,hisamitsu,永光,永充,央充,久光,久充,久満,恭充,寿光,寿晃,寿充,寿満,尚光
ひさむね,hisamune,央宗,久宗
ひさもと,hisamoto,久征,久泰
ひさもり,hisamori,久守,久盛
ひさや,hisaya,央也,久哉,久也,久弥,久矢,久彌,恒也,寿哉,寿也,寿弥,尚哉,尚也,尚弥,長也,壽也
ひさやす,hisayasu,永康,央康,久恭,久康,久泰,久保,久靖,久裕,寿康,寿泰,尚泰
ひさゆき,hisayuki,永行,央恭,央幸,央行,央征,央之,学千,喜之,久敬,久幸,久行,久征,久之,久遍,久礼,桐亨,恒幸,剛征,寿介,寿倖,寿幸,寿行,寿之,寿祐,尚亨,尚敬,尚幸,尚志,尚千,尚之,仙幸,長之,富行,富之,壽幸
ひさよし,hisayoshi,永佳,永祥,永善,永芳,央祥,央能,久愛,久允,久悦,久佳,久嘉,久賀,久喜,久貴,久宜,久義,久吉,久慶,久敬,久賢,久好,久資,久純,久尚,久昌,久祥,久宣,久善,久泰,久禎,久芳,久睦,久由,久洋,久良,恭良,恒圭,寿栄,寿佳,寿好,寿善,寿能,寿芳,寿良,尚佳,尚宜,尚義,尚慶,尚昌,尚善,尚芳,尚由,尚良,比佐義,壽芳
ひさより,hisayori,久依,久順
ひしゅん,hishun,飛駿
ひしょう,hishou,飛翔
ひじり,hijiri,聖
ひそか,hisoka,密
ひで,hide,英,秀
ひであき,hideaki,栄晃,栄彰,栄昭,栄章,栄明,栄朗,瑛明,英映,英輝,英享,英暁,英謙,英顕,英晃,英秋,英彰,英昇,英昌,英昭,英晶,英章,英証,英詳,英成,英聡,英知,英智,英聴,英哲,英彬,英明,英了,英亮,英朗,季晃,秀映,秀瑛,秀輝,秀暁,秀顕,秀晃,秀秋,秀彰,秀昌,秀昭,秀晶,秀照,秀章,秀聡,秀哲,秀彬,秀明,秀亮,秀朗,秀聰,日出秋,任昭,任章
ひであつ,hideatsu,英厚,秀篤,秀敦
ひであり,hideari,英有,秀在,秀有
ひでいち,hideichi,英一,英市,秀伊智,秀一,秀市
ひでいちろう,hideichirou,英一郎
ひでいつ,hideitsu,秀逸
ひでお,hideo,偉生,偉夫,偉雄,偉郎,栄男,栄夫,栄朗,栄郎,英央,英応,英士,英臣,英世,英生,英大,英男,英夫,英勇,英雄,英良,英朗,英郎,季生,季男,求生,幸勇,豪男,豪雄,秀央,秀旺,秀王,秀巨,秀士,秀出央,秀世,秀生,秀男,秀夫,秀雄,秀朗,秀郎,淑夫,淑雄,日出生,日出男,日出夫,日出雄,日出郎
ひでおき,hideoki,英興,英洋,秀起,秀興
ひでおみ,hideomi,栄臣,英臣,秀臣
ひでかず,hidekazu,栄一,栄和,英一,英計,英数,英知,英和,求知,寿和,秀一,秀壱,秀胤,秀計,秀憲,秀収,秀数,秀和,日出一,日出和,和一
ひでかた,hidekata,英方,秀方
ひでかつ,hidekatsu,偉克,栄克,英活,英克,英勝,英力,豪克,秀克,秀勝
ひでかづ,hidekazu,英一,秀一,秀和
ひでき,hideki,栄幹,栄基,栄毅,栄紀,栄貴,栄輝,栄材,栄樹,英幹,英喜,英基,英希,英揮,英機,英毅,英気,英季,英紀,英規,英記,英貴,英起,英輝,英宜,英君,英己,英樹,英城,英生,英柱,英木,英来,英暉,季希,季紀,季生,幸希,幸樹,豪紀,豪規,豪樹,秀喜,秀基,秀希,秀棋,秀機,秀毅,秀紀,秀規,秀記,秀貴,秀起,秀輝,秀騎,秀宜,秀技,秀興,秀己,秀樹,秀城,秀生,秀妃,秀木,秀来,日出喜,日出紀,日出貴,日出樹
ひできち,hidekichi,英吉,秀吉
ひできみ,hidekimi,秀公
ひできよ,hidekiyo,英清,秀清
ひでくに,hidekuni,栄邦,英訓,英邦,秀国,秀邦
ひでさく,hidesaku,英作
ひでさだ,hidesada,英禎,秀貞,秀定,秀禎
ひでさと,hidesato,英郷,英賢,英聖,英聡,秀郷,秀里
ひでさぶろう,hidesaburou,英三郎
ひでし,hideshi,栄志,英司,英史,英嗣,英士,英師,英志,英資,英滋,英之,傑之,秀司,秀史,秀嗣,秀士,秀志,秀之,日出志
ひでしげ,hideshige,栄成,英重,英茂,秀重,秀茂
ひでじ,hideji,瑛爾,英司,英嗣,英志,英次,英治,英二,秀司,秀嗣,秀次,秀治,秀仁,秀二
ひでじろう,hidejirou,秀次朗,秀次郎,秀治郎,秀二朗,秀二郎
ひですけ,hidesuke,栄介,英介,英督,英輔,英亮,秀助,秀典,秀祐
ひですみ,hidesumi,英純,秀純
ひでずみ,hidezumi,英純,秀純
ひでぞう,hidezou,英三,秀三,秀蔵
ひでた,hideta,英太,秀太,日出太
ひでたか,hidetaka,栄貴,栄孝,栄高,栄誉,英乙,英岳,英毅,英貴,英宜,英丘,英敬,英孝,英考,英高,英剛,英峻,英崇,英嵩,英正,英尊,英鷹,英陽,英隆,豪貴,豪剛,豪崇,豪隆,秀宇,秀岳,秀貴,秀喬,秀恭,秀空,秀敬,秀賢,秀好,秀孝,秀高,秀剛,秀財,秀尚,秀崇,秀尊,秀鷹,秀能,秀峰,秀峯,秀誉,秀隆,秀和
ひでたけ,hidetake,英威,英岳,英剛,英丈,英武,豪剛,秀威,秀岳,秀健,秀剛,秀竹,秀武,秀猛,秀勇
ひでただ,hidetada,英資,英忠,秀匡,秀忠,秀直,秀禎,秀任
ひでたつ,hidetatsu,栄達,英達,英立,英竜,秀達,秀龍
ひでたろう,hidetarou,英太郎,秀太朗,秀太郎
ひでちか,hidechika,英慶,英哉,英史,英周,英親,秀央,秀哉,秀周,秀慎,秀親
ひでちよ,hidechiyo,秀千代
ひでつぐ,hidetsugu,栄胤,栄嗣,英継,英嗣,英次,英諭,秀胤,秀暁,秀継,秀告,秀嗣,秀次
ひでつな,hidetsuna,偉綱
ひでつね,hidetsune,英庸,秀常
ひでてつ,hidetetsu,英哲
ひでてる,hideteru,英照,秀輝
ひでと,hideto,栄人,栄斗,栄登,英俊,英人,英仁,英達,英斗,英登,英都,英隼,豪人,嗣士,嗣人,嗣仁,秀史,秀人,秀仁,秀斗,秀登,秀都,秀年,日出人,日出登,日出東,任人
ひでとき,hidetoki,秀時
ひでとし,hidetoshi,栄寿,栄俊,栄利,英毅,英才,英歳,英資,英寿,英淑,英俊,英峻,英信,英仁,英聖,英聡,英知,英智,英登志,英年,英隼,英敏,英稔,英明,英利,豪紀,豪俊,豪敏,豪利,嗣敏,秀紀,秀寿,秀叔,秀俊,秀駿,秀章,秀聡,秀年,秀肇,秀繁,秀敏,秀甫,秀稔,秀利,任利,榮利
ひでとみ,hidetomi,英富,秀臣
ひでとも,hidetomo,偉友,栄大,栄智,栄友,英知,英智,英朋,英友,豪友,秀具,秀丈,秀大,秀知,秀智,秀朝,秀伴,秀朋,秀友
ひでとよ,hidetoyo,英豊
ひでとら,hidetora,英虎
ひでなお,hidenao,英巨,英尚,英直,秀尚,秀直
ひでなが,hidenaga,英永,英長,秀永,秀長
ひでなり,hidenari,栄生,英就,英成,英生,英誠,英也,秀周,秀成,秀斉,秀也,秀有
ひでのしん,hidenoshin,秀之進
ひでのすけ,hidenosuke,秀之助
ひでのぶ,hidenobu,偉伸,栄喜,栄伸,栄信,栄暢,栄展,英允,英延,英修,英順,英将,英伸,英信,英申,英進,英誠,英宣,英暢,英展,豪伸,豪紳,秀允,秀延,秀史,秀修,秀昇,秀伸,秀信,秀臣,秀誠,秀宣,秀暢,秀長,秀展,秀靖,秀亘
ひでのり,hidenori,栄紀,栄記,栄敬,栄乗,栄慎,栄典,栄登,栄徳,栄範,英永,英雅,英寛,英鑑,英紀,英規,英記,英儀,英宜,英巨,英教,英矩,英訓,英慶,英敬,英芸,英憲,英悟,英功,英孝,英識,英順,英昇,英仁,英宣,英則,英知,英智,英哲,英典,英統,英徳,英伯,英範,英文,英方,英法,英稔,英明,英友,英誉,英里,英了,英倫,英論,季紀,季規,幸考,豪紀,豪則,豪知,豪徳,嗣規,嗣宣,嗣徳,秀維,秀格,秀基,秀紀,秀規,秀記,秀儀,秀宜,秀教,秀勲,秀訓,秀啓,秀憲,秀賢,秀昇,秀仁,秀宣,秀則,秀知,秀智,秀稚,秀勅,秀哲,秀典,秀徳,秀伯,秀範,秀文,秀法,秀理,秀律,秀倫,秀亘,日出憲,任規,任智,任伯
ひではち,hidehachi,英八
ひではる,hideharu,英啓,英治,英春,英晴,英相,英知,豪治,嗣治,秀勲,秀治,秀春,秀晴,秀明,秀冶,日出玄,日出治
ひでひこ,hidehiko,偉彦,栄彦,英日己,英比古,英彦,豪彦,秀比古,秀彦,日出彦
ひでひさ,hidehisa,英久,英向,英寿,英尚,秀久,秀寿,秀尚,秀壽,榮久
ひでひと,hidehito,栄人,栄仁,英士,英人,英仁,英民,季仁,豪史,豪仁,秀史,秀人,秀仁,秀飛人
ひでひろ,hidehiro,栄宇,栄博,栄洋,英寛,英敬,英玄,英宏,英広,英弘,英浩,英史,英尋,英大,英博,英比呂,英裕,英洋,英廣,英皓,秀岳,秀寛,秀啓,秀広,秀弘,秀浩,秀紘,秀大,秀拓,秀博,秀裕,秀洋,日出拡
ひでふさ,hidefusa,英総,英房,秀薫,秀房
ひでふみ,hidefumi,偉史,栄文,英郁,英史,英冨美,英文,豪文,嗣史,秀史,秀出郁,秀章,秀典,秀文
ひでぶみ,hidebumi,英史,英章,英文,秀文
ひでほ,hideho,秀穂
ひでま,hidema,英摩,秀馬,秀麻
ひでまさ,hidemasa,栄昌,栄成,英雅,英匡,英賢,英剛,英将,英昌,英真,英征,英政,英正,英督,英優,秀雅,秀匡,秀将,秀昌,秀真,秀真佐,秀政,秀正,秀全,秀多,秀方,秀優,日出正
ひでまつ,hidematsu,秀松
ひでまる,hidemaru,英丸,秀丸
ひでまろ,hidemaro,英麿,秀摩呂,秀麿
ひでみ,hidemi,秀水
ひでみち,hidemichi,栄道,英道,英理,英倫,英路,秀享,秀径,秀誠,秀通,秀導,秀道,秀法,秀倫,秀路
ひでみつ,hidemitsu,英光,英充,英満,英弥,幸充,秀光,秀充,秀満,日出光
ひでむね,hidemune,秀宗
ひでもと,hidemoto,英資,秀元
ひでもり,hidemori,英衛,英守,英盛,秀盛
ひでや,hideya,偉也,英哉,英也,英弥,英矢,豪哉,豪也,秀哉,秀也,秀弥,秀矢
ひでやす,hideyasu,栄恭,栄泰,栄鎮,英恭,英康,英資,英泰,英保,英靖,嗣康,秀安,秀易,秀育,秀康,秀泰,秀保,秀靖,任康
ひでゆき,hideyuki,栄幸,栄行,栄之,瑛之,英介,英久,英亨,英享,英恭,英敬,英公,英幸,英行,英志,英就,英順,英将,英征,英如,英之,英文,英由基,英由季,英由紀,幸享,豪行,豪之,嗣順,嗣之,秀維,秀介,秀享,秀恭,秀敬,秀幸,秀行,秀将,秀章,秀晋,秀進,秀征,秀徹,秀之,秀友希,秀礼,秀廉,秀侑,日出幸,日出行
ひでよ,hideyo,栄世,英好,英世,英誉,秀世,日出世
ひでよし,hideyoshi,英喜,英義,英吉,英好,英充,英俊,英世士,英精,英禎,英芳,英由,英誉,英良,季義,秀英,秀悦,秀佳,秀嘉,秀宜,秀義,秀吉,秀好,秀剛,秀祥,秀世志,秀善,秀芳,秀容,秀良
ひでより,hideyori,秀頼
ひでろう,hiderou,英朗,英郎,秀朗,秀郎,日出朗,日出郎
ひとあき,hitoaki,仁昭,仁明
ひとお,hito,仁生,仁勇
ひとおみ,hitomi,一臣,仁臣
ひとかず,hitokazu,仁一,仁和
ひとき,hitoki,一樹,仁希,仁稀,仁紀,仁規,仁貴,仁輝,仁樹
ひとし,hitoshi,一嘉,一司,一史,一士,一志,一詩,一誌,一十四,一東志,火斗志,均,均司,均史,均志,欽,結,恒,衡,斎志,寿,准,旬,旬志,準,準士,将,称,人司,人史,人嗣,人士,人志,人詩,人織,人之,仁,仁一,仁伺,仁司,仁史,仁嗣,仁士,仁姿,仁志,仁思,仁支,仁施,仁氏,仁祉,仁至,仁視,仁詩,仁誌,仁資,仁慈,仁偲,仁守,仁俊,仁信,仁笥,仁崇,仁是,仁清,仁之,仁銖,整,斉,斉史,斉志,大,中,的,徹,等,等司,等史,等志,等笥,日登士,日登志,比斗史,比斗志,比登史,比登志,飛途士,平,倫史,和,和史,將,渾,齊
ひとじ,hitoji,仁次,仁路
ひとつぐ,hitotsugu,仁嗣
ひとなり,hitonari,仁成
ひとのぶ,hitonobu,人信,仁伸
ひとのり,hitonori,人則,仁宣,仁典
ひとはる,hitoharu,仁治
ひとひこ,hitohiko,仁彦
ひとひさ,hitohisa,人寿,仁久
ひとひろ,hitohiro,人大
ひとふさ,hitofusa,一房
ひとふみ,hitofumi,人文,仁文
ひとまさ,hitomasa,仁政,仁正
ひとまる,hitomaru,仁丸
ひとむ,hitomu,一歩
ひとや,hitoya,人哉,仁哉,仁也
ひとやす,hitoyasu,仁康,仁泰
ひとり,hitori,一人,仁理,独
ひなた,hinata,陽
ひびき,hibiki,響,響希,響貴,響生,比日樹
ひゅうが,hyuga,日向
ひゅうご,hyugo,飛悠吾,飛雄吾
ひゅうま,hyuma,飛馬,飛雄馬
ひょう,hyou,彪
ひょういち,hyouichi,彪一
ひょういちろう,hyouichirou,兵一郎
ひょうご,hyougo,飛伍,彪吾,兵庫,兵伍,兵吾
ひょうすけ,hyousuke,俵介
ひょうま,hyouma,兵馬
ひよく,hiyoku,飛翼
ひらお,hirao,比羅夫,比良夫
ひらく,hiraku,開,啓,墾,拓,展
ひりゅう,hiryu,飛竜
ひろ,hiro,宇宙,弘,浩,尋,比呂,祐
ひろあき,hiroaki,央光,央晃,央明,央朗,央耿,寛暁,寛顕,寛晃,寛秋,寛彰,寛昭,寛晶,寛章,寛成,寛聡,寛明,寛盟,寛亮,寛朗,啓暁,啓顕,啓光,啓晃,啓彰,啓昭,啓晶,啓照,啓章,啓晋,啓成,啓聡,啓明,啓有,啓亮,啓朗,敬晃,敬彰,敬照,敬章,敬明,景章,玄昭,公顕,公章,公明,公亮,宏旭,宏亨,宏暁,宏啓,宏顕,宏公,宏晃,宏秋,宏彰,宏招,宏昌,宏昭,宏晶,宏照,宏祥,宏章,宏紹,宏聡,宏哲,宏彬,宏明,宏亮,宏朗,宏曉,巧晃,広輝,広暁,広顕,広晃,広秋,広彰,広昭,広晶,広祥,広章,広哲,広彬,広明,広揚,広洋,広陽,広亮,広朗,弘旭,弘瑛,弘暁,弘顕,弘晃,弘秋,弘彰,弘昌,弘昭,弘晶,弘照,弘祥,弘章,弘信,弘成,弘哲,弘彬,弘明,弘盟,弘陽,弘亮,弘朗,弘顯,浩覚,浩輝,浩暁,浩啓,浩顕,浩晃,浩秋,浩彰,浩昌,浩昭,浩晶,浩照,浩章,浩成,浩聡,浩彬,浩明,浩了,浩亮,浩朗,紘顕,紘彰,紘昭,紘晶,紘章,紘信,紘明,紘亮,紘朗,紘顯,衡明,郊紀,周明,宗晃,宗昭,宗照,宗明,宗諒,淳晃,尚明,丈晃,仁晃,仁晶,仁明,仁亮,尋輝,尋秋,尋昭,尋章,尋明,尋亮,太昭,太陽,泰暁,泰彰,泰昌,泰章,泰成,泰明,泰亮,泰朗,大英,大暁,大謙,大顕,大晃,大彰,大昌,大昭,大晶,大祥,大章,大誠,大聡,大哲,大明,大陽,大朗,大皓,拓尭,拓光,拓晃,拓彰,拓昌,拓昭,拓晶,拓章,拓明,拓亮,宙暁,宙彰,宙昭,宙明,展明,博愛,博愛規,博瑛,博輝,博暁,博啓,博敬,博顕,博光,博晃,博秋,博彰,博昌,博昭,博晶,博照,博章,博成,博聡,博哲,博文,博明,博陽,博亮,博玲,博朗,比呂晃,彦明,普朗,豊輝,弥光,弥晃,祐暁,祐秋,祐昭,祐章,祐明,祐玲,裕亜紀,裕旭,裕右,裕映,裕覚,裕卿,裕暁,裕啓,裕顕,裕晃,裕秋,裕淳,裕彰,裕昌,裕昭,裕晶,裕照,裕章,裕詔,裕成,裕聡,裕哲,裕彬,裕明,裕陽,裕了,裕亮,裕朗,裕晟,裕顯,雄明,容彰,容章,容明,洋旭,洋介,洋輝,洋暁,洋光,洋晃,洋彰,洋昭,洋照,洋章,洋正,洋壮,洋輔,洋明,洋陽,洋亮,洋朗,洋皓,廣暁,廣晃,廣秋,廣昭,廣照,廣章,廣明,彌明,洸昂,皓暁,皓晃
ひろあつ,hiroatsu,央篤,宏篤,広篤,弘昌,弘篤,浩厚,浩淳,浩敦,展淳,博厚,博篤,裕厚
ひろあり,hiroari,弘在,浩存
ひろいちろう,hiroichirou,博一郎
ひろお,hiro,央夫,寛生,寛大,寛男,寛夫,寛雄,寛朗,寛郎,啓生,啓男,啓雄,宏生,宏大,宏夫,宏雄,宏郎,広生,広大,広男,広夫,広雄,広朗,広郎,弘生,弘男,弘夫,弘雄,弘朗,洪男,浩央,浩生,浩壮,浩大,浩男,浩夫,浩雄,浩朗,浩郎,紘生,紘夫,紘雄,紘郎,泰生,泰男,大乙,大生,大穂,大雄,大朗,宙生,宙夫,展央,博央,博生,博大,博男,博夫,博雄,博郎,弥生,悠雄,祐男,祐雄,裕央,裕州,裕生,裕大,裕男,裕夫,裕穂,裕雄,裕朗,裕郎,洋央,洋生,洋大,洋男,洋夫,洋雄,洋朗,洋郎,廣生,廣男,皓生
ひろおき,hiroki,寛興,宏興,広興,広宙,広隆,大興,大宙,博興,博典,洋興,洋宙,廣居
ひろおみ,hiromi,央臣,寛臣,宏臣,広臣,弘臣,浩臣,紘臣,鴻臣,尋臣,泰臣,大臣,博臣,明臣,祐臣,裕臣,洋臣,廣臣
ひろかず,hirokazu,央一,央和,嘉一,拡和,寛一,寛和,巨一,啓一,啓員,啓憲,啓収,啓和,敬和,公一,厚一,宏一,宏員,宏計,宏和,広一,広計,広数,広多,広量,広和,弘一,弘員,弘運,弘教,弘九,弘憲,弘数,弘万,弘量,弘和,浩一,浩且,浩計,浩主,浩寿,浩数,浩量,浩和,浩壽,紘一,紘主,紘千,紘和,宗万,順和,尚一,祥一,仁一,尋一,太一,太和,泰一,泰麗,泰和,大一,大計,大寿,大数,大和,拓一,拓員,宙一,展和,博一,博紀,博計,博憲,博司,博万,博良,博量,博和,彦知,普一,平和,弥一,弥寿,祐一,祐和,裕一,裕員,裕運,裕円,裕計,裕憲,裕司,裕重,裕千,裕万,裕和,洋一,洋数,洋年,洋量,洋和,壽一,廣一,廣和
ひろかぜ,hirokaze,大風,裕風
ひろかた,hirokata,宏器,宏賢,宏方,弘賢,弘容,尋方,博賢,洋方
ひろかつ,hirokatsu,寛勝,啓克,啓勝,敬勝,湖勝,宏克,宏勝,広克,広勝,弘克,弘勝,浩克,浩勝,紘勝,泰克,泰勝,大活,大勝,大雄,博且,博桂,博克,博勝,明勉,祐勝,裕克,裕勝,洋且,洋克,洋勝,洋力,廣勝
ひろかづ,hirokazu,弘和,浩和
ひろき,hiroki,宇基,央喜,央希,央揮,央毅,央記,央貴,央輝,央己,央樹,央城,嘉貴,嘉樹,拡基,拡輝,拡樹,郭己,完樹,寛喜,寛基,寛岐,寛希,寛幾,寛揮,寛毅,寛季,寛稀,寛紀,寛規,寛記,寛貴,寛起,寛輝,寛騎,寛興,寛己,寛樹,寛生,寛大,貴規,義貴,巨城,京樹,啓企,啓喜,啓希,啓幾,啓旗,啓機,啓毅,啓紀,啓規,啓記,啓貴,啓起,啓輝,啓己,啓樹,啓城,啓生,啓暉,啓熙,敬基,敬紀,敬貴,敬輝,敬樹,敬生,敬彬,光希,光貴,光生,公希,公紀,公規,公樹,厚貴,宏磯,宏幹,宏企,宏喜,宏基,宏希,宏揮,宏毅,宏気,宏祈,宏季,宏紀,宏規,宏記,宏貴,宏起,宏輝,宏騎,宏己,宏樹,宏章,宏城,宏生,広幹,広喜,広基,広希,広幾,広旗,広毅,広気,広季,広紀,広規,広記,広貴,広起,広輝,広宜,広己,広樹,広生,広氣,弘幹,弘企,弘喜,弘器,弘基,弘希,弘幾,弘揮,弘棋,弘機,弘毅,弘季,弘紀,弘規,弘記,弘貴,弘起,弘輝,弘騎,弘宜,弘己,弘晃,弘樹,弘城,弘生,弘妃,浩企,浩喜,浩基,浩希,浩幾,浩揮,浩毅,浩季,浩稀,浩紀,浩規,浩記,浩貴,浩起,浩輝,浩騎,浩宜,浩己,浩克,浩樹,浩城,浩生,浩大,浩来,浩暉,紘葵,紘器,紘基,紘希,紘毅,紘季,紘稀,紘貴,紘輝,紘騎,紘宜,紘己,紘樹,紘生,史樹,周樹,宗希,宗記,宗樹,州城,潤幹,潤樹,祥毅,祥樹,丈喜,伸基,仁基,仁紀,仁樹,尋希,尋規,尋貴,尋輝,尋己,尋樹,太喜,太希,太紀,太貴,太樹,泰喜,泰基,泰希,泰規,泰輝,泰己,泰樹,泰城,大葵,大幹,大喜,大器,大基,大希,大幾,大機,大毅,大気,大季,大稀,大紀,大記,大貴,大起,大軌,大輝,大騎,大己,大樹,大将,大城,大生,大暉,大氣,拓喜,拓希,拓紀,拓記,拓貴,拓起,拓輝,拓己,拓樹,拓生,達貴,宙希,宙輝,宙樹,天希,天貴,展生,伯季,伯樹,博幹,博喜,博基,博希,博揮,博毅,博気,博稀,博紀,博規,博記,博貴,博起,博輝,博己,博樹,博章,博城,博生,妃樹,比呂紀,比呂記,比呂貴,比呂樹,飛呂希,飛呂城,枇呂記,彦輝,彦樹,普喜,普紀,普規,普樹,文哉,明希,明樹,弥樹,弥来,佑樹,優大,悠樹,祐基,祐輝,祐己,祐樹,裕葵,裕幹,裕企,裕喜,裕基,裕希,裕揮,裕機,裕毅,裕季,裕紀,裕規,裕記,裕貴,裕起,裕輝,裕騎,裕匡,裕己,裕貢,裕樹,裕城,裕生,裕礎,裕大,裕来,容岐,容規,容生,様貴,洋磯,洋企,洋喜,洋基,洋岐,洋希,洋揮,洋旗,洋毅,洋祈,洋紀,洋規,洋記,洋貴,洋起,洋輝,洋響,洋己,洋樹,洋城,洋生,洋大,陽貴,礼基,礼紀,礼生,廣喜,廣紀,廣記,廣起,廣樹,愽紀,洸生,皓貴,皓輝,皓樹,皓暉
ひろきち,hirokichi,博吉
ひろきみ,hirokimi,博公
ひろきよ,hirokiyo,浩清,博清,裕清,廣清,渺清
ひろくに,hirokuni,完国,寛晋,啓邦,宏州,宏邦,宏有,広訓,広国,広邦,弘邦,浩国,浩州,浩邦,浩國,紘州,紘邦,淳邦,太邦,大邦,拓邦,博国,博邦,裕国,裕邦,裕國,洋州
ひろさだ,hirosada,宏貞,宏定,弘定,浩貞,博定
ひろさと,hirosato,寛聖,啓仁,宏郷,宏賢,宏諭,広里,紘聖,大賢,博郷,博里
ひろさね,hirosane,博誠
ひろし,hiroshi,偉至,一士,一呂史,宇司,宇宙,衛志,演,央,欧志,嘉司,嘉士,嘉志,快,海,拡,拡史,拡嗣,拡志,拡之,完,寛,寛司,寛史,寛嗣,寛士,寛志,寛視,寛之,巨司,京志,空,勲志,啓,啓司,啓史,啓嗣,啓士,啓志,啓氏,啓至,啓誌,啓資,啓仁,啓之,敬,敬司,敬史,敬士,敬志,敬詞,敬之,景之,潔,謙,玄,光司,光史,光嗣,公,公史,公志,公視,宏,宏好,宏使,宏司,宏史,宏士,宏始,宏志,宏思,宏氏,宏至,宏視,宏詞,宏誌,宏治,宏仁,宏是,宏壮,宏之,宏吏,広,広司,広史,広嗣,広士,広志,広至,広視,広資,広西,広之,広巳,弘,弘司,弘史,弘嗣,弘士,弘師,弘志,弘至,弘視,弘詞,弘詩,弘資,弘侍,弘芝,弘誓,弘任,弘之,弘祐,弘吏,洪,洪志,浩,浩司,浩史,浩嗣,浩士,浩志,浩至,浩詞,浩詩,浩資,浩示,浩晋,浩人,浩仁,浩直,浩之,浩也,浩吏,紘,紘司,紘史,紘嗣,紘士,紘志,紘至,紘資,紘審,紘之,紘吏,耕,航,周,周司,周士,周志,周至,宗史,宗士,宗志,衆,衆史,潤史,尚史,尚士,祥司,祥史,祥嗣,祥志,仁,仁史,仁士,仁志,尋,尋史,尋士,尋志,尋思,尋至,碩,碩志,仙志,壮志,太,太司,太士,太志,太信,太洋,泰,泰司,泰史,泰嗣,泰士,泰志,大,大司,大史,大嗣,大士,大志,大至,大視,大詞,大芝,大心,大洋,拓,拓司,拓史,拓嗣,拓志,拓資,拓之,地士,竹瀬,宙,宙司,宙史,宙士,宙志,宙詩,暢,天,展,展史,展士,展至,篤史,二葉,博,博伺,博司,博史,博嗣,博士,博志,博旨,博紫,博至,博視,博詞,博資,博治,博清,博之,博文,博巳,博茂,博吏,漠,汎司,比呂司,比呂史,比呂志,比朗志,飛呂士,普,普司,普嗣,普至,豊史,明史,弥志,悠,悠史,祐,祐司,祐史,祐士,祐志,祐資,裕,裕司,裕史,裕嗣,裕士,裕志,裕至,裕詞,裕滋,裕芝,裕之,雄大,容司,容史,容士,洋,洋司,洋史,洋嗣,洋士,洋志,洋思,洋支,洋至,洋詞,洋誌,洋之,洋巳,洋吏,陽史,僚,礼,廣,廣司,廣史,廣嗣,廣士,廣志,廣之,洽,洸,浤,溥,皓,皓士,衞志,熙
ひろしげ,hiroshige,拡茂,寛重,寛成,寛盛,寛繁,寛茂,敬重,敬成,宏重,宏成,宏繁,宏茂,広重,広成,広茂,弘重,弘臣,弘成,弘茂,浩成,浩茂,浩誉,祥成,仁樹,尋繁,泰成,大成,大茂,博滋,博重,博成,博繁,博茂,普成,祐成,裕薫,裕滋,裕重,裕成,裕繁,裕茂,洋成,廣成
ひろじ,hiroji,完守,寛次,寛治,寛二,宏司,宏治,広治,広二,弘治,弘晋,弘二,浩司,浩二,博司,博治,博二,裕二,洋次,廣治,廣二
ひろすけ,hirosuke,央昌,嘉介,寛相,寛輔,啓佑,啓友,宏介,宏丞,宏輔,宏友,宏祐,広介,広輔,広祐,弘祐,浩介,浩資,紘典,郊恭,碩祐,太助,大輔,大祐,宙祐,博介,博祐,裕介,裕輔,裕亮,洋介,洋佑,洋祐,皓祐
ひろすみ,hirosumi,寛純,宏純,広澄,弘純,浩澄,大純,博純,洋紀
ひろずみ,hirozumi,寛角,寛純,啓純,宏純,広住,広純,弘済,弘純,浩純,浩澄,大純,博住,裕純,裕澄,洋純
ひろぞう,hirozou,浩三,博三,博造
ひろた,hirota,宏太,広太,博太,洋太
ひろたか,hirotaka,演孝,央貴,央考,寛央,寛岳,寛貴,寛空,寛啓,寛敬,寛賢,寛孝,寛高,寛剛,寛崇,寛能,寛容,寛隆,巨隆,啓宇,啓貴,啓喬,啓孝,啓高,啓剛,啓正,啓峰,啓隆,敬貴,敬俊,敬隆,光毅,光崇,公孝,宏学,宏岳,宏貴,宏宜,宏恭,宏教,宏尭,宏敬,宏賢,宏孝,宏昂,宏考,宏高,宏剛,宏尚,宏昇,宏崇,宏嵩,宏太,宏卓,宏天,宏任,宏隆,宏堯,広宇,広毅,広貴,広孝,広考,広高,広尚,広崇,広峰,広誉,広陽,広隆,弘学,弘毅,弘貴,弘宜,弘教,弘尭,弘敬,弘賢,弘孝,弘考,弘高,弘剛,弘尚,弘崇,弘尊,弘卓,弘宝,弘峰,弘理,弘隆,浩央,浩毅,浩貴,浩宜,浩丘,浩敬,浩賢,浩孝,浩考,浩高,浩尚,浩崇,浩尊,浩堂,浩隼,浩誉,浩隆,紘貴,紘孝,紘尚,紘隆,宗孝,潤孝,祥貴,祥敬,丈貴,仁傑,仁孝,尋貴,尋孝,宣隆,太敬,太公,太孝,泰岳,泰貴,泰宜,泰孝,泰尚,泰宣,泰尊,泰和,大貴,大空,大敬,大孝,大高,大剛,大宗,大俊,大尚,大崇,大嵩,大節,大卓,大天,大飛,大孟,大雄,大誉,大隆,拓貴,拓賢,拓平,忠孝,展貴,展敬,博貴,博匡,博喬,博敬,博公,博孝,博考,博高,博尚,博昇,博崇,博生,博太,博堂,博隆,博亮,比呂貴,普隆,悠貴,祐宜,祐孝,祐尚,祐嵩,祐隆,裕貴,裕宜,裕敬,裕警,裕孝,裕昂,裕考,裕高,裕剛,裕峻,裕尚,裕崇,裕生,裕卓,裕誉,裕隆,容敬,容孝,容崇,洋宇,洋岳,洋貴,洋啓,洋敬,洋孝,洋考,洋高,洋尚,洋崇,洋太,洋卓,洋飛,洋誉,洋隆,礼孝,亘高,廣貴,廣宜,廣高,廣隆,洸宇,洸鷹,皓貴,皓嵩,皓天,皓隆,禮孝,絋崇
ひろたけ,hirotake,寛健,寛丈,寛大,玄武,宏建,宏剛,宏豪,宏全,宏武,広岳,広剛,広丈,広壮,弘威,弘岳,弘毅,弘健,弘剛,弘丈,弘武,浩岳,浩毅,浩健,浩剛,浩丈,浩武,泰健,大岳,大毅,大剛,大武,大孟,宙丈,博威,博健,博丈,普武,祐岳,祐武,裕威,裕岳,裕健,裕剛,裕丈,洋岳,洋丈,洋武
ひろただ,hirotada,央達,寛忠,寛任,啓忠,敬直,敬理,厚忠,宏匡,宏斉,宏忠,宏禎,宏理,広忠,弘匡,弘宰,弘忠,弘禎,浩忠,浩唯,代忠,博匡,博正,博忠,博唯,裕忠,裕貞,裕任,裕唯,洋匡,洋正,洋忠
ひろたつ,hirotatsu,寛達,寛竜,宏達,広起,広達,弘達,浩起,博達,比呂達,裕達,洋達,洋龍
ひろたね,hirotane,博胤,裕胤
ひろたみ,hirotami,啓民,宏太三,浩民,博民
ひろたろう,hirotarou,寛太郎,広太郎,弘太郎,浩太郎,紘太朗,博太郎,廣太郎
ひろちか,hirochika,寛央,宏近,宏哉,宏親,宏知,宏直,宏盟,広近,広周,広親,弘愛,弘史,弘誓,弘智,浩史,浩親,紘央,大睦,拓史,宙周,博愛,博央,博哉,博親,裕近,裕恒,裕哉,裕税,裕睦,洋央,洋慶,洋知,廣親
ひろちよ,hirochiyo,広千代,博千代
ひろつぐ,hirotsugu,宇紹,拡嗣,寛嗣,寛次,寛承,啓継,啓嗣,啓次,敬二,憲嗣,宏胤,宏嗣,宏次,宏紹,宏諭,広継,広嗣,広次,広譜,弘継,弘嗣,弘次,弘治,弘承,弘紹,弘知,浩胤,浩継,浩貢,浩嗣,浩次,浩紹,浩世,浩二,紘嗣,祥嗣,尋嗣,大健,大貢,大嗣,大詞,大次,大承,大倫,博胤,博継,博嗣,博詞,博次,祐嗣,祐次,裕継,裕嗣,裕次,裕償,裕紹,裕世,裕二,洋亜,洋嗣,洋次,洋世,廣嗣,廣次
ひろつな,hirotsuna,寛綱,広綱,浩綱,博緑,裕是
ひろつね,hirotsune,寛恒,浩庸,大雅,博恒,博実,博庸,洋恒
ひろてる,hiroteru,寛晃,啓晃,宏輝,宏照,広輝,広光,弘輝,浩光,大晃,博輝,博晃,博照,裕照,洋輝
ひろと,hiroto,央人,嘉人,拡人,寛士,寛人,寛澄,寛智,寛斗,寛登,寛飛,啓人,啓仁,啓太,啓登,敬人,公人,宏人,宏仁,宏斗,宏翔,広人,広徒,広登,広途,広隼,広翔,弘人,弘斗,弘渡,弘登,弘都,浩人,浩聡,浩大,浩登,紘士,紘人,紘都,紘土,仁人,尋都,泰人,泰斗,大元,大人,大斗,大杜,大登,大土,大翔,拓人,拓登,宙人,宙大,宙斗,哲人,展人,展土,日呂登,伯人,博音,博人,博仁,博斗,博登,博都,博任,比呂人,宥人,悠人,祐人,裕人,裕聡,裕斗,裕登,裕都,裕度,裕騰,裕豊,裕翔,洋人,洋仁,洋斗,洋登,洋灯,洋任,洋翔,陽路人,礼人,廣人,昊人,洸人,洸斗
ひろとし,hirotoshi,宇利,拡利,寛歳,寛俊,寛智,寛年,寛敏,寛利,空俊,啓年,啓敏,啓稔,啓利,宏寿,宏俊,宏聡,宏智,宏年,宏肇,宏敏,宏勇,広寿,広俊,広聡,広年,広敏,広稔,広利,弘寿,弘俊,弘臣,弘年,弘敏,弘稔,弘利,浩寿,浩俊,浩登志,浩年,浩敏,浩稔,浩利,紘世,紘利,常利,仁俊,太駿,泰俊,泰世,大俊,大鉄,大年,大稔,大利,拓寿,拓聡,拓稔,宙稔,博温,博寿,博俊,博順,博聡,博年,博敏,博稔,博利,博壽,豊智,悠稔,祐俊,祐敏,祐利,裕紀,裕寿,裕俊,裕聡,裕智,裕敦,裕敏,裕稔,裕利,洋俊,洋智,洋敏,洋利,廣壽,洸明
ひろとも,hirotomo,寛大,寛知,寛智,寛朋,寛友,啓公,啓知,啓智,啓友,敬友,宏知,宏智,宏朝,宏朋,宏友,宏有,広知,広智,弘知,弘智,弘朋,弘友,浩智,浩朋,泰智,大智,大朋,大和,博智,博友,悠智,裕丈,裕大,裕智,裕友,洋智,洋友,廣朋,滉知,熙友
ひろとら,hirotora,浩虎
ひろなお,hironao,寛尚,寛直,啓直,宏哉,宏尚,宏直,広尚,広直,弘尚,弘真,弘直,弘有,浩尚,浩直,大尚,大直,拓直,博尚,博直,明正,祐直,裕尚,裕直,洋尚,洋直,洋良,廣有
ひろなが,hironaga,寛永,啓永,宏長,弘永,浩永,浩修,大永,博永,博長,悠良,裕長,洋大
ひろなり,hironari,拡哉,官成,寛雅,寛成,寛生,寛也,啓業,啓成,啓生,啓也,景生,宏成,広成,広也,弘成,弘也,浩成,浩生,浩然,浩也,紘成,紘生,史成,尋成,太就,太成,大就,大成,大也,博成,博也,佑成,祐成,裕克,裕成,裕晴,裕也,洋成,洋生,洋也,廣也
ひろのしん,hironoshin,広之進,弘之進,浩之進
ひろのすけ,hironosuke,弘之輔,浩之介
ひろのぶ,hironobu,央宜,央展,寛延,寛修,寛将,寛伸,寛信,寛申,寛展,寛之,寛庸,寛朗,啓修,啓順,啓伸,啓信,啓進,啓展,啓亘,敬修,敬信,光恒,公伸,公信,公宣,宏允,宏延,宏喜,宏宜,宏修,宏伸,宏信,宏晋,宏紳,宏宣,宏暢,宏長,宏展,宏庸,宏亘,広悦,広延,広伸,広信,広宣,広展,弘延,弘修,弘将,弘伸,弘信,弘晋,弘宣,弘暢,弘展,弘靖,弘亘,浩允,浩延,浩喜,浩恒,浩修,浩伸,浩信,浩申,浩紳,浩宣,浩暢,浩展,浩睦,浩靖,浩庸,浩亘,紘伸,周伸,仁信,泰延,泰伸,泰暢,泰睦,大修,大伸,大信,大進,大宣,大智,大暢,大典,大展,拓允,拓延,拓史,拓宣,拓暢,博延,博順,博伸,博信,博申,博誠,博宣,博暢,博通,博展,博布,普宣,悠修,祐伸,祐信,祐敦,裕延,裕喜,裕宜,裕啓,裕修,裕昇,裕伸,裕信,裕晋,裕宣,裕展,裕之,裕靖,裕亘,洋延,洋修,洋順,洋伸,洋信,洋宣,洋暢,洋敦,洋亘,礼遵,礼展,亘信,廣延,廣信,廣宣
ひろのり,hironori,央典,央統,拡憲,郭典,寛基,寛紀,寛規,寛記,寛教,寛矩,寛敬,寛憲,寛師,寛宗,寛成,寛則,寛智,寛哲,寛典,寛統,寛徳,寛納,寛範,寛法,寛倫,寛禮,啓雅,啓寛,啓紀,啓規,啓義,啓議,啓恭,啓憲,啓孝,啓識,啓慎,啓典,啓徳,啓範,啓了,敬規,敬則,敬哲,敬徳,厳基,光憲,光徳,公則,孔則,宏允,宏基,宏紀,宏規,宏宜,宏教,宏謹,宏敬,宏憲,宏謙,宏功,宏昇,宏章,宏仁,宏仙,宏宣,宏則,宏知,宏智,宏哲,宏典,宏統,宏徳,宏範,宏法,宏倫,広紀,広規,広宜,広教,広訓,広憲,広識,広祝,広宣,広則,広知,広典,広展,広徳,広範,広法,広頼,広倫,弘紀,弘規,弘宜,弘教,弘矩,弘訓,弘慶,弘敬,弘憲,弘師,弘周,弘昌,弘乗,弘宣,弘則,弘智,弘哲,弘典,弘統,弘徳,弘能,弘範,弘法,弘律,弘倫,弘乘,浩紀,浩規,浩教,浩訓,浩敬,浩健,浩憲,浩功,浩孝,浩考,浩至,浩昇,浩章,浩仙,浩然,浩則,浩智,浩典,浩徳,浩範,浩風,浩理,紘規,紘典,紘徳,紘範,史紀,宗紀,宗宜,宗肖,宗徳,祥憲,祥典,仁憲,尋教,尋徳,泰紀,泰教,泰憲,泰成,泰典,泰徳,泰範,大格,大寛,大紀,大記,大憲,大謙,大賢,大悟,大詔,大仁,大成,大知,大智,大忠,大哲,大典,大展,大統,大徳,大倫,拓憲,拓則,拓典,宙紀,展督,博雅,博紀,博規,博記,博儀,博宜,博義,博教,博敬,博憲,博功,博至,博式,博識,博順,博勝,博章,博数,博成,博宣,博則,博智,博典,博統,博徳,博範,博法,博理,博律,博倫,博路,普賢,普徳,豊崇,明憲,明昇,弥範,祐則,祐典,祐徳,祐了,裕永,裕基,裕紀,裕規,裕記,裕宜,裕義,裕教,裕矩,裕訓,裕敬,裕憲,裕悟,裕功,裕至,裕昇,裕仁,裕成,裕宣,裕則,裕知,裕智,裕典,裕斗,裕徳,裕範,裕雄,裕倫,容周,容徳,洋紀,洋規,洋敬,洋憲,洋仁,洋成,洋宣,洋則,洋典,洋統,洋徳,洋範,洋宝,陽記,礼宜,礼宗,廣記,廣教,廣謙
ひろはる,hiroharu,寛治,啓晴,宏治,宏春,宏晴,宏陽,広治,広晴,広陽,弘玄,弘治,弘春,弘晴,浩治,浩晴,紘明,泰治,大治,大晴,博治,博晴,薄治,裕治,裕春,裕晴,裕陽,洋治,洋晴,廣晴
ひろひこ,hirohiko,寛彦,啓彦,宏彦,広彦,弘彦,浩彦,紘彦,寿彦,泰彦,大彦,拓彦,博彦,比呂彦,緋朗彦,弥彦,裕彦,洋彦,熙彦
ひろひさ,hirohisa,絢央,寛久,寛尚,啓永,啓央,啓久,啓寿,敬久,宏久,宏寿,宏尚,広久,広尚,弘久,弘尚,弘悠,浩永,浩央,浩久,浩寿,浩悠,紘久,仁久,尋久,碩久,大央,大久,拓久,博永,博央,博久,博尚,博壽,裕永,裕久,裕尚,裕壽,洋央,洋久,洋寿,洋長,廣久,皓久
ひろひで,hirohide,寛英,寛秀,啓秀,公英,公秀,宏英,宏秀,広英,広秀,弘英,弘秀,浩英,浩秀,紘幸,博英,博秀,祐秀,裕英,裕秀,洋英,洋秀
ひろひと,hirohito,寛人,寛仁,啓人,啓仁,宏人,宏仁,広仁,弘人,弘仁,浩人,浩仁,大仁,博人,博仁,比呂人,悠人,裕人,裕仁,洋人,洋仁,礼人,廣仁
ひろふさ,hirofusa,宏房,広総,浩房,拓英,博房
ひろふみ,hirofumi,宇史,嘉章,拡史,拡大,寛史,寛典,寛文,啓史,啓文,敬史,敬章,敬文,公文,宏郁,宏史,宏章,宏典,宏文,広史,弘史,弘文,浩史,浩文,紘郁,紘史,紘文,寿文,宗史,尚史,祥史,丈史,晋文,尋史,尋文,奏文,泰史,泰典,泰文,大史,大文,拓史,宙史,日路文,博央,博史,博章,博文,博文三,普文,奉文,祐史,祐文,裕郁,裕史,裕誌,裕章,裕典,裕文,容史,洋史,洋典,洋文,礼文,廣文,皓文,絋史
ひろぶみ,hirobumi,寛文,啓文,宏史,宏文,広文,弘文,浩史,浩文,泰史,博文,裕史,裕文,洋史,洋文
ひろまさ,hiromasa,央匡,寛匡,寛将,寛昌,寛真,寛政,寛正,寛大,寛祐,寛容,勲将,啓雅,啓勝,啓将,啓真,啓政,啓正,啓聖,啓全,啓祐,玄政,宏允,宏雅,宏匡,宏奨,宏将,宏昌,宏真,宏仁,宏征,宏政,宏正,宏当,宏祐,宏眞,広雅,広将,広昌,広真,広政,広正,広大,広優,弘雅,弘匡,弘将,弘昌,弘真,弘征,弘政,弘正,弘將,浩雅,浩匡,浩将,浩昌,浩真,浩征,浩整,浩正,浩聖,浩大,浩理,浩將,紘雅,紘正,仁雅,世正,泰雅,泰匡,泰将,泰正,大雅,大勝,大将,大政,大聖,拓正,拓大,展昌,展正,博雅,博勝,博将,博昌,博政,博正,優雅,祐将,祐政,裕雅,裕公,裕勝,裕将,裕昌,裕晶,裕真,裕政,裕正,裕優,裕理,洋匡,洋賢,洋将,洋昌,洋真,洋政,洋正,廣真,廣政,廣正
ひろます,hiromasu,啓益,宏益,弘益
ひろみ,hiromi,郭巳,寛己,寛巳,広海,広己,弘実,浩巳,大海,博己,博巳,洋海
ひろみき,hiromiki,浩幹,大幹,博幹,裕幹
ひろみち,hiromichi,拡充,寛訓,寛充,寛通,寛典,寛道,寛芳,寛裕,寛倫,勲充,啓充,啓通,啓道,啓満,啓倫,啓路,敬倫,景孔,公道,宏軌,宏充,宏達,宏通,宏典,宏導,宏道,宏伯,宏裕,宏理,宏倫,宏路,広海知,広進,広通,広導,広道,広満,広倫,弘亨,弘享,弘康,弘充,弘成,弘達,弘通,弘典,弘導,弘道,弘融,弘理,弘倫,弘迪,浩亨,浩光,浩康,浩行,浩充,浩宙,浩通,浩道,浩伯,浩満,浩倫,浩路,紘充,紘道,祥路,泰充,泰道,大進,大宙,大道,大倫,大路,拓祥,拓宙,拓路,博充,博進,博通,博導,博道,博満,博理,博陸,博倫,博礼,博路,悠仁,祐通,祐道,裕教,裕康,裕充,裕生,裕達,裕宙,裕通,裕典,裕道,裕満,裕理,裕陸,裕倫,裕路,洋至,洋充,洋通,洋典,洋道,洋路,礼充,礼道,廣道
ひろみつ,hiromitsu,拡光,拡充,寛允,寛光,寛充,啓允,啓光,啓充,啓満,宏允,宏光,宏実,宏充,宏慎,宏則,宏満,広光,広充,広瑞,広満,弘光,弘充,弘満,浩光,浩三,浩実,浩充,紘充,宗広,尋満,泰允,泰光,泰充,大晃,大充,展充,博光,博充,博旬,博水,博満,比呂光,祐光,裕允,裕光,裕三,裕充,裕照,裕満,洋光,洋三,洋充,洋満,陽光,廣光,廣満
ひろみね,hiromine,宏峰
ひろむ,hiromu,央睦,拡,寛武,寛夢,宏生,宏武,宏務,宏夢,広武,広夢,弘武,弘睦,弘務,弘夢,浩武,浩務,浩夢,浩陸,紘睦,紘夢,周晋,尋武,大武,大夢,大陸,大脩,拓生,拓夢,宙夢,宙勇,博武,博睦,博務,比呂武,比呂睦,飛浪武,弥夢,裕武,裕歩,裕睦,裕夢,裕勇,洋望,洋夢,礼武
ひろむね,hiromune,寛宗,宏宗,弘宗,浩宗,祐宗,裕宗
ひろもち,hiromochi,大望
ひろもと,hiromoto,寛基,寛元,寛征,啓元,宏幹,宏元,広基,広元,弘基,弘資,浩意,浩幹,浩基,浩統,尋源,泰基,泰大,大幹,大元,大宗,博基,博元,博資,祐元,裕大
ひろもり,hiromori,宏盛,広盛,弘守,博司
ひろや,hiroya,央哉,央也,央弥,拡也,寛哉,寛泰,寛也,寛弥,啓也,啓弥,敬也,宏哉,宏也,宏弥,宏矢,広哉,広也,広野,広弥,弘哉,弘八,弘也,弘弥,浩哉,浩也,浩弥,浩矢,紘也,紘矢,祥也,仁哉,尋也,尋弥,太哉,泰也,泰弥,大哉,大也,大弥,拓也,宙也,博哉,博八,博也,博弥,比呂哉,比呂也,明弥,弥也,友哉,祐也,祐弥,裕哉,裕八,裕也,裕弥,裕矢,容也,洋哉,洋也,洋弥,廣也,廣弥,洸哉,洸弥,洸矢,翔也
ひろやす,hiroyasu,宇泰,央恭,央泰,拡保,寛恭,寛康,寛泰,寛能,寛保,寛裕,啓尉,啓康,啓泰,啓文,啓保,啓靖,公安,公靖,宏安,宏育,宏益,宏恭,宏康,宏泰,宏保,宏彌,広安,広康,広耕,広泰,広保,広靖,弘安,弘易,弘恭,弘康,弘妥,弘泰,弘悌,弘保,弘靖,弘裕,弘和,浩安,浩恭,浩康,浩泰,浩保,浩靖,紘康,紘靖,仁康,仁泰,仁靖,尋康,泰育,泰康,大恭,大康,大靖,拓康,拓泰,拓保,展康,博安,博貫,博康,博資,博泰,博保,博靖,博誉,普康,悠育,祐靖,裕恭,裕康,裕泰,裕寧,裕保,裕靖,洋安,洋賢,洋康,洋保,洋靖,廣安,廣恭,廣康,廣保,皓泰,熙育
ひろゆき,hiroyuki,央幸,央行,央之,嘉之,拡幸,拡行,拡之,寛幸,寛行,寛征,寛如,寛之,寛悠,啓幸,啓行,啓征,啓如,啓之,敬幸,敬雪,敬之,公幸,公行,公之,厚行,宏幸,宏行,宏征,宏之,広幸,広行,広征,広之,弘幸,弘行,弘征,弘之,洪之,浩幸,浩行,浩征,浩雪,浩之,紘幸,紘行,紘之,克行,宗幸,宗之,淳行,潤幸,潤之,祥之,晋之,仁之,尋行,尋之,誠幸,碩之,宣行,泰亨,泰幸,泰行,泰志,泰将,泰千,泰之,大元,大幸,大行,大征,大之,拓幸,拓行,拓之,宙行,宙于,篤行,博幸,博行,博征,博之,悠之,祐幸,祐行,祐之,裕幸,裕行,裕征,裕之,容幸,容行,容之,洋幸,洋行,洋征,洋之,廣幸,廣行,廣之,洸幸,洸之,滉之,皓之,頌之,熙之
ひろよ,hiroyo,寛世,啓誉,紘世,博世
ひろよし,hiroyoshi,衣義,宇由,拡慶,寛悦,寛佳,寛喜,寛儀,寛義,寛祥,寛善,寛芳,啓益,啓悦,啓喜,啓義,啓欣,啓好,啓祥,啓善,啓禎,啓徳,啓芳,啓由,啓良,敬仁,敬善,公嘉,宏悦,宏佳,宏嘉,宏喜,宏宜,宏義,宏吉,宏啓,宏剛,宏至,宏淑,宏祥,宏仁,宏禎,宏徳,宏芳,宏由,宏羊,広喜,広義,広好,広祥,広善,広良,弘愛,弘伊,弘悦,弘佳,弘嘉,弘貴,弘義,弘吉,弘敬,弘好,弘剛,弘克,弘至,弘秀,弘淑,弘純,弘祥,弘善,弘兆,弘芳,弘良,浩愛,浩栄,浩佳,浩嘉,浩義,浩圭,浩慶,浩功,浩好,浩剛,浩至,浩祥,浩誠,浩静,浩善,浩芳,浩由,浩与志,浩良,紘義,紘圭,紘好,祥佳,仁良,泰佳,泰義,泰圭,泰由,泰良,大佳,大嘉,大歓,大貴,大義,大慈,大善,伯由,博愛,博悦,博佳,博嘉,博賀,博雅,博義,博圭,博敬,博好,博克,博善,博芳,博由,博良,彦嘉,普好,祐禎,祐能,裕嘉,裕喜,裕宜,裕義,裕吉,裕圭,裕慶,裕孝,裕克,裕資,裕泰,裕芳,裕由,裕良,洋嘉,洋宜,洋義,洋好,洋昌,洋善,洋敏,洋芳,洋良,廣義
びぞう,bizou,備像
ふうき,fuki,風起,風来
ふうご,fugo,風語
ふうさく,fusaku,風作
ふうし,fushi,風士
ふうしろう,fushirou,風士郎
ふうじ,fuji,風児
ふうすけ,fusuke,風介
ふうた,futa,楓太,風太,颯太
ふうたろう,futarou,風太朗,風太郎
ふうと,futo,楓人,風人
ふうど,fudo,風土
ふうま,fuma,楓真,風雅,風馬
ふうや,fuya,風谷,風也
ふかし,fukashi,深,深史,深思,深之
ふきお,fukio,富貴雄,冨喜男
ふきと,fukito,風起人
ふくいちろう,fukuichirou,福一郎
ふくお,fukuo,富久雄,福男,福夫,福雄
ふくし,fukushi,福史
ふくじ,fukuji,福司,福次,福治,福二
ふくぞう,fukuzou,福三,福蔵
ふくた,fukuta,福太
ふくたろう,fukutarou,福太朗,福太郎
ふくと,fukuto,吹人,福人
ふくとし,fukutoshi,福敏
ふくのぶ,fukunobu,福伸,福宣
ふくのり,fukunori,福徳,福範,福法
ふくひこ,fukuhiko,福彦
ふくひで,fukuhide,福栄
ふくひろ,fukuhiro,副弘,福弘
ふくや,fukuya,富久哉,福哉,福也,福弥
ふさあき,fusaki,総明,房章
ふさお,fusao,総夫,総雄,富佐夫,富佐雄,房男,房夫,房雄,房郎
ふさし,fusashi,房司,房史
ふさじ,fusaji,房司,房二
ふさた,fusata,房太
ふさと,fusato,房人
ふさとし,fusatoshi,房俊,亮俊
ふさのすけ,fusanosuke,房之介
ふさのぶ,fusanobu,維伸,総信
ふさのり,fusanori,総謙,芳教,房則,房典,房徳
ふさひこ,fusahiko,房彦
ふさひろ,fusahiro,弦寛,房弘
ふさふみ,fusafumi,英文
ふさみち,fusamichi,総道
ふさみつ,fusamitsu,房光
ふさゆき,fusayuki,総幸,総之,聡之,房幸,房之
ふじあき,fujiaki,藤昭,藤明
ふじお,fujio,藤男,藤夫,藤雄,藤朗,不二生,不二男,不二夫,不二雄,夫次男,富士男,富士夫,富士保,富士雄,富士郎,富二男,富二夫,冨士男,冨士夫,冨士雄,冨次男
ふじのぶ,fujinobu,藤伸
ふじのり,fujinori,藤憲,藤徳
ふじひこ,fujihiko,藤彦,富士彦
ふじひさ,fujihisa,藤久
ふじひと,fujihito,藤人
ふじひろ,fujihiro,藤弘,藤博,藤裕,藤洋
ふじや,fujiya,藤也,富士也
ふじゆき,fujiyuki,藤之
ふじろう,fujirou,藤郎,不二郎,富士郎
ふとし,futoshi,太,太志,大嗣,大士,大志,風冬志
ふひと,fuhito,不比等
ふみあき,fumiaki,郁光,郁章,郁明,史瑛,史輝,史暁,史顕,史晃,史彰,史招,史昌,史昭,史晶,史章,史成,史聴,史哲,史彬,史文,史明,史陽,史諒,史礼,史朗,文秋,文彰,文晶,文章,文明,文揚,文亮,文朗
ふみあつ,fumiatsu,史篤
ふみお,fumio,郁夫,郁雄,郁朗,史生,史男,史夫,史歩,史雄,史朗,史郎,章央,章生,章男,章夫,章雄,典生,典男,典夫,典雄,二三生,二三男,二三夫,二三雄,二美緒,二美男,二美夫,富光夫,富三男,富三郎,富実雄,富美緒,富美男,富美夫,富美雄,冨美夫,扶美男,扶美夫,芙三大,芙美夫,芙美雄,文生,文大,文男,文夫,文保,文勇,文雄,文朗,文郎
ふみおき,fumioki,史興
ふみおみ,fumiomi,文臣
ふみかげ,fumikage,史景,文景
ふみかず,fumikazu,郁一,郁和,史一,史和,章員,二三和,文一,文寿,文和
ふみかつ,fumikatsu,史克,文克,文勝
ふみき,fumiki,史基,史記,史貴,史起,史己,史樹,章記,章貴,富美樹,文希,文季,文紀,文芸,文樹
ふみきち,fumikichi,文吉
ふみきよ,fumikiyo,文清,文聖
ふみくに,fumikuni,文邦
ふみさと,fumisato,史聡,文智,文怜
ふみしげ,fumishige,文重
ふみぞう,fumizou,文三
ふみた,fumita,郁太
ふみたか,fumitaka,郁貴,郁隆,史貴,史宜,史享,史敬,史孝,史昂,史考,史剛,史尚,史崇,史生,史尊,史卓,史隆,章貴,章生,文貴,文敬,文孝,文昂,文高,文崇,文博,文彪,文峰,文隆
ふみたけ,fumitake,史岳,史毅,史健,史剛,史丈,史武,文威,文岳,文毅,文健,文剛,文武,文猛
ふみただ,fumitada,史匡
ふみたろう,fumitarou,史太郎,文太郎
ふみちか,fumichika,史考,史周,史真,史親
ふみつぎ,fumitsugi,文次
ふみつぐ,fumitsugu,史嗣,史次,文嗣
ふみてる,fumiteru,文輝,文照
ふみと,fumito,郁人,郁斗,史人,章人,典人,文人,文斗
ふみとし,fumitoshi,郁俊,史俊,史敏,史利,文寿,文俊,文敏,文稔,文利
ふみとも,fumitomo,史知,史智,史朋,史友,文朝,文朋,文友
ふみとよ,fumitoyo,文豊
ふみなお,fuminao,史尚,史直,文直
ふみなが,fuminaga,史長,典永
ふみなり,fuminari,史就,史成,史也,文成,文也
ふみのぶ,fuminobu,史修,史展,文伸,文信,文宣,文暢,文靖
ふみのり,fuminori,郁則,史雅,史寛,史紀,史規,史記,史教,史訓,史敬,史憲,史詞,史則,史典,史徳,史範,章範,文紀,文規,文宣,文則,文典,文徳,文範
ふみはる,fumiharu,史治,史晴,富美治,文治,文春,文晴,文陽
ふみひこ,fumihiko,郁彦,史日呼,史比古,史彦,文彦
ふみひさ,fumihisa,史久,史尚,文久,文寿,文尚
ふみひで,fumihide,史英,史秀,文英,文秀
ふみひと,fumihito,郁人,史人,史仁,章人,章仁,典人,文人,文仁,文聡,文博
ふみひろ,fumihiro,史寛,史啓,史宏,史弘,史浩,史拓,史博,史裕,史洋,章弘,章洋,典宏,典弘,典博,文寛,文啓,文宏,文広,文弘,文浩,文紘,文尋,文泰,文大,文博,文稔,文裕,文洋
ふみまさ,fumimasa,史雅,史匡,史勝,史将,史昌,史征,章雅,文雅,文将,文昌,文政,文正
ふみまろ,fumimaro,文麿
ふみや,fumiya,郁哉,郁也,郁弥,郁矢,史哉,史也,史耶,史弥,史矢,詞也,章也,典哉,典也,典弥,富美也,芙実也,芙美也,文哉,文也,文弥,文彌
ふみやす,fumiyasu,史恭,史康,史泰,史靖,文康,文泰,文靖
ふみゆき,fumiyuki,史幸,史行,史征,史之,文幸,文行,文之
ふみよし,fumiyoshi,史義,史吉,史剛,史芳,文佳,文嘉,文喜,文宜,文義,文芸,文祥,文芳
ふみより,fumiyori,文頼
ふみろう,fumirou,史朗,史郎
ふゆき,fuyuki,冬貴,冬輝,冬樹,冬生,冬来,風悠来
ふゆじ,fuyuji,冬二
ふゆと,fuyuto,冬人,風優人
ふゆひこ,fuyuhiko,冬比古,冬彦
ふゆひと,fuyuhito,冬人
ふゆみち,fuyumichi,不由経
ふりお,furio,風里生
ふりつ,furitsu,風里都
ぶいち,buichi,武一
ぶいちろう,buichirou,武一郎
ぶんいち,bunichi,文一
ぶんいちろう,bunichirou,文一郎
ぶんご,bungo,文吾,文悟,文護
ぶんしち,bunshichi,文七
ぶんしろう,bunshirou,文司郎,文史朗,文四郎
ぶんじ,bunji,文治
ぶんじろう,bunjirou,文次郎,文二郎
ぶんすけ,bunsuke,文介
ぶんぞう,bunzou,文三,文造
ぶんた,bunta,文太
ぶんたろう,buntarou,文太郎
ぶんや,bunya,文哉,文也
へいいち,heichi,兵一,平一
へいいちろう,heichirou,平一朗,平一郎
へいきち,heikichi,平吉
へいさく,heisaku,平作
へいさぶろう,heisaburou,平三郎
へいしろう,heishirou,平士郎
へいじ,heiji,平司,平治,炳治,秉司
へいすけ,heisuke,開祐,兵祐,平介,平助,平輔,平佑,平祐,平裕
へいぞう,heizou,平三,平蔵
へいた,heita,兵太,平太
へいたろう,heitarou,兵太朗,平太郎
へいのすけ,heinosuke,平之介
へいはち,heihachi,平八
へいはちろう,heihachirou,平八朗,平八郎
へいま,heima,平馬
へいや,heiya,平野
へんり,henri,遍理
べん,ben,勉
ほういち,houichi,峰一
ほうさく,housaku,豊作
ほうせい,housei,方正,萌生,邦正
ほうぞう,houzou,宝蔵
ほかげ,hokage,帆影
ほがら,hogara,朗
ほくと,hokuto,北斗
ほくば,hokuba,北馬
ほし,hoshi,保志
ほしお,hoshio,星雄
ほしたろう,hoshitarou,星太郎
ほしてる,hoshiteru,星輝
ほしと,hoshito,星人,星斗,保志人
ほしのすけ,hoshinosuke,星之介
ほしひこ,hoshihiko,星彦
ほしひと,hoshihito,星人,星仁
ほしろう,hoshirou,星朗
ほたろう,hotarou,穂太郎
ほのお,hono,炎
ほまれ,homare,誉
ぼうど,boudo,芽土
ぼんたろう,bontarou,凡太郎
まいと,maito,舞人,舞斗
まいのすけ,mainosuke,舞之介
まおと,maoto,真央人
まおや,maoya,真央也
まかお,makao,真夏男
まきお,makio,真喜夫,真喜雄,真基朗,真希生,真希夫,真希雄,真毅雄,真季雄,真紀夫,真紀雄,真規雄,真貴男,真貴夫,真軌夫,真輝男,真輝郎,真甲雄,真樹生,真樹夫,牧男,牧夫,摩樹郎,磨輝夫,麿輝夫,万喜男,万喜夫,万紀夫,万紀雄,満喜夫,満喜雄,満紀男,眞喜男,眞貴雄
まきし,makishi,槙志
まきと,makito,蒔人,真希人,真規人,真記人,真輝人,真樹人,真生人,薪人,牧人,槙人,槇人
まきひこ,makihiko,牧彦
まきひで,makihide,牧英
まきひと,makihito,真紀仁,真貴人,真生人,牧人,牧仁,麻基人
まきひろ,makihiro,牧裕
まきふみ,makifumi,牧文
まきや,makiya,蒔也,真希也,真樹哉,牧哉,麻記也,万季野,眞樹也
まきら,makira,牧良
まこと,makoto,真,真琴,真言,真呼人,真人,誠,誠人,良
まごしろう,magoshirou,孫四郎
まさあき,masaki,允昭,允祥,允章,応晃,応明,雅暁,雅啓,雅顕,雅幸,雅晃,雅秋,雅彰,雅昌,雅昭,雅晶,雅章,雅旦,雅哲,雅彬,雅明,雅陽,雅亮,雅朗,雅顯,幹哲,匡晃,匡昭,匡晶,匡章,匡紹,匡哲,匡彬,匡明,匡亮,匡朗,賢謙,賢彰,賢昭,賢成,賢明,賢朗,公彰,公昭,公章,公明,公朗,勝秋,勝昭,勝章,勝明,勝亮,将旭,将監,将暁,将顕,将晃,将彰,将昌,将昭,将章,将成,将哲,将明,将亮,尚昭,昌暁,昌顕,昌晃,昌秋,昌彰,昌昭,昌照,昌章,昌成,昌壮,昌哲,昌彬,昌明,昌陽,昌亮,昌朗,昭正,晶章,晶亮,真映,真啓,真顕,真晃,真彰,真昭,真照,真章,真彬,真明,真亮,真朗,真滉,仁監,仁晃,仁秋,仁昭,仁章,仁明,仁亮,征暁,征顕,征晃,征昭,征成,征明,成公,成昭,成亮,政顕,政晃,政秋,政彰,政昭,政晶,政章,政聡,政明,政朗,正旭,正瑛,正輝,正義,正尭,正暁,正啓,正見,正顕,正晃,正秋,正彰,正昌,正昭,正晶,正照,正祥,正章,正全,正聡,正智,正哲,正彬,正明,正陽,正亮,正朗,正顯,聖啓,聖晃,聖昭,聖章,聖哲,聖明,聖朗,誠晶,誠章,誠明,誠亮,誠朗,斉亮,全晶,全章,全朗,壮哲,壮亮,暢昭,暢明,優暁,優顕,優晃,優彰,優章,優明,祐章,祐明,理暁,理晃,理嗣,理彰,理明,理亮,壯章,將晃,將彰,將昭,將陽,眞彰,眞昭,眞章,眞明,眞亮
まさあつ,masatsu,雅篤,匡充,昌厚,昌淳,正篤,全厚
まさあり,masari,雅存,雅有,理在
まさいち,masaichi,雅一,将一,昌一,真佐一,政一,政市,正一,眞一
まさいちろう,masaichirou,雅一郎,雅市郎
まさうみ,masaumi,将海,真海,正海
まさお,masao,允生,允雄,雅央,雅応,雅弦,雅士,雅緒,雅生,雅大,雅男,雅夫,雅勇,雅祐,雅雄,雅朗,雅郎,匡央,匡生,匡男,匡夫,匡雄,匡朗,薫雄,公雄,順雄,勝男,勝夫,勝雄,将央,将緒,将生,将大,将男,将夫,将雄,将朗,将郎,尚男,昌央,昌巨,昌生,昌男,昌夫,昌勇,昌雄,昌朗,昌郎,晶男,晶夫,晶朗,真央,真佐男,真佐夫,真佐雄,真冴王,真男,真夫,真勇,真雄,真朗,真郎,仁夫,征央,征生,征男,征夫,征雄,征郎,成郎,政生,政男,政夫,政勇,政雄,政郎,正生,正大,正男,正夫,正雄,正朗,正郎,聖生,聖夫,聖雄,誠生,誠男,誠夫,誠朗,全男,全雄,大雄,暢男,暢夫,摩砂夫,磨佐男,万佐夫,満佐夫,優生,優大,優男,優夫,優雄,祐男,祐夫,祐雄,理央,理生,理夫,理雄,理郎,將夫,眞央,眞佐男,眞三生,眞生,眞男,眞夫
まさおき,masaoki,昌沖,昌興,真興,真宙,仁興,征興,政興,正起,正興
まさおみ,masaomi,雅臣,宜臣,匡臣,公臣,将臣,昌臣,真左臣,真臣,征臣,政臣,正臣,聖臣,誠臣,優臣,理臣,將臣,眞臣
まさかげ,masakage,昌景,正影
まさかず,masakazu,維和,允和,賀一,雅一,雅計,雅憲,雅航,雅佐和,雅重,雅知,雅量,雅和,幹一,匡一,匡憲,匡和,賢一,賢和,公一,剛一,剛年,剛和,順一,勝一,勝和,奨一,将一,将寿,将量,将和,尚和,昌一,昌寿,昌和,晶一,証一,真一,真佐一,真佐和,真寿,真和,仁一,征一,征和,成和,政一,政和,正一,正員,正計,正数,正知,正和,聖司,聖和,誠一,誠宗,誠和,壮和,優一,優和,祐和,容和,理一,理員,理計,理和,將一,應和,眞一,眞和
まさかた,masakata,昌賢
まさかつ,masakatsu,雅且,雅健,雅克,雅勝,匡克,匡勝,賢克,公力,剛勝,勝且,将且,将克,将勝,昌且,昌功,昌克,昌勝,真功,真克,真勝,征功,征克,征勝,政功,政克,政勝,正敢,正賢,正功,正克,正勝,聖勝,誠克,誠勝,全功,全克,暢克,祐克,理克,將克,將勝
まさかづ,masakazu,雅一,正一,正勝
まさかど,masakado,雅門,将門,政門
まさかね,masakane,政兼,正包,斉兼
まさき,masaki,維紀,允紀,允己,允樹,応樹,雅喜,雅基,雅希,雅揮,雅毅,雅季,雅紀,雅規,雅記,雅貴,雅起,雅輝,雅己,雅樹,雅城,雅生,雅暉,匡喜,匡基,匡岐,匡希,匡棋,匡毅,匡稀,匡紀,匡規,匡記,匡貴,匡起,匡輝,匡己,匡哉,匡咲,匡樹,匡城,匡生,賢記,賢輝,賢宜,賢樹,賢城,賢生,公基,公幾,公揮,公規,公貴,勝喜,勝基,勝紀,勝規,勝貴,勝輝,勝己,勝樹,勝生,将喜,将基,将希,将揮,将旗,将毅,将紀,将規,将記,将貴,将起,将輝,将騎,将己,将哉,将樹,将城,将生,将来,将暉,昌喜,昌基,昌岐,昌毅,昌季,昌紀,昌規,昌記,昌貴,昌起,昌輝,昌宜,昌己,昌樹,昌章,昌城,昌生,昌妃,昌暉,晶喜,晶紀,晶規,晶貴,晶樹,晶城,真幹,真喜,真基,真揮,真毅,真季,真規,真記,真貴,真輝,真己,真幸,真佐紀,真佐貴,真佐輝,真佐樹,真沙季,真砂喜,真砂紀,真砂樹,真樹,真生,真暉,真綺,仁基,仁紀,仁貴,仁輝,仁樹,征喜,征希,征揮,征起,征輝,征己,征樹,成喜,成基,成希,成紀,成記,成貴,成樹,政磯,政喜,政基,政希,政毅,政紀,政規,政記,政貴,政輝,政求,政己,政樹,政生,正幹,正喜,正基,正希,正幾,正揮,正機,正毅,正季,正紀,正規,正記,正貴,正起,正軌,正輝,正騎,正宜,正己,正樹,正城,正生,正善,正姫,聖紀,聖記,聖貴,聖起,聖己,聖樹,聖生,誠基,誠規,誠貴,誠己,誠樹,誠生,全紀,全規,壮基,壮紀,壮輝,大幹,大記,大輝,大樹,端樹,暢記,直樹,道基,道貴,督基,督樹,麻沙紀,柾貴,柾樹,愈喜,優基,優希,優揮,優季,優紀,優貴,優輝,優樹,優生,祐喜,祐紀,祐己,祐哉,祐樹,祐城,祐生,理喜,理希,理毅,理紀,理貴,理己,理樹,和毅,和紀,和樹,將希,將揮,將木,眞機,眞毅,眞季,眞紀,眞規,眞輝,眞己,眞佐樹,眞樹,眞生
まさきち,masakichi,政吉
まさきみ,masakimi,将匡
まさきよ,masakiyo,雅清,将清,昌聖,真聖,正恭,正浄,正清
まさくに,masakuni,允邦,栄邦,雅国,雅州,雅洲,雅邦,雅有,雅國,巨邦,匡邦,唱都,将城,将邦,昌国,昌邦,真邦,成邦,政邦,正訓,正国,正州,正邦,正國,全邦,暢邦,哲州,方邦,理州,將邦,將國
まさこれ,masakore,将是
まさし,masashi,維,維志,維之,允,允史,允詞,応史,雅,雅司,雅史,雅嗣,雅士,雅志,雅思,雅支,雅施,雅至,雅視,雅詞,雅詩,雅誌,雅資,雅賜,雅治,雅是,雅之,雅巳,雅吏,格,格嗣,完至,漢,巨史,匡,匡梓,匡伺,匡司,匡史,匡士,匡志,匡紫,匡詞,賢,賢使,賢司,賢史,賢志,元,元士,公司,公士,公志,公次,剛史,剛志,克司,司,純志,順巳,勝司,勝史,勝士,勝志,勝施,勝至,将,将司,将史,将嗣,将士,将志,将支,将至,将視,将示,将之,将矢,将吏,尚史,尚志,昌,昌伺,昌司,昌史,昌嗣,昌士,昌師,昌志,昌至,昌視,昌詩,昌資,昌之,昌巳,晶史,晶士,晶支,証,証史,譲嗣,真佐史,真佐志,真左士,真沙志,真三市,真司,真史,真嗣,真士,真始,真志,真至,真資,真示,真之,真吏,仁史,仁志,仁之,征,征司,征史,征嗣,征士,征志,征之,成司,成史,成志,政,政司,政史,政嗣,政士,政志,政氏,政詞,政次,政示,政之,正伺,正司,正史,正嗣,正士,正始,正師,正志,正思,正糸,正紫,正至,正視,正詞,正資,正次,正爾,正臣,正之,聖,聖司,聖史,聖嗣,聖士,聖詞,誠司,誠史,誠士,誠志,誠芝,誠崇,斉,斉嗣,斉之,斉巳,全,全司,全史,全志,壮,壮志,大嗣,大志,卓史,暢史,暢士,暢志,直史,直嗣,直志,当志,道志,督,督司,督史,督士,方史,万佐司,万佐至,優,優司,優史,優嗣,優志,優之,祐央,祐司,祐史,祐嗣,祐志,祐之,祐巳,雄志,理,理史,理士,理志,理詞,礼,和司,和史,將,將司,將史,將志,眞佐士,眞佐之,眞史,眞士,眞志,眞之
まさしげ,masashige,雅重,雅繁,雅茂,匡成,匡茂,元薫,勝成,将重,将成,将茂,昌滋,昌重,昌成,昌繁,昌茂,真重,真成,真茂,政滋,政重,政繁,政茂,正重,正穣,正成,正繁,正茂,聖樹,壮重,方臣,優成,將成,眞恵
まさじ,masaji,応二,雅司,雅史,雅嗣,雅次,雅治,雅示,雅二,雅實,匡司,匡侍,勝司,将司,将二,昌司,昌史,昌嗣,昌次,昌治,昭司,政司,政史,政嗣,政次,政治,政二,正司,正次,正滋,正治,正二,誠司,全司,祐治,眞至
まさじろう,masajirou,政次郎,政二郎,正次郎,正二郎
まさすえ,masasue,正季
まさすけ,masasuke,政介,正介,正祐
まさすみ,masasumi,雅純,眞純,眞澄
まさずみ,masazumi,雅純,雅澄,匡純,剛純,勝純,勝積,将純,昌純,昌澄,真純,真澄,征純,政純,政澄,正純,正澄,正速,優澄,祐紀,眞純,眞澄
まさせい,masasei,雅晴
まさぞう,masazou,雅象,昌三,征三
まさたか,masataka,允喬,允孝,允隆,雅宇,雅王,雅貴,雅宜,雅挙,雅喬,雅敬,雅孝,雅高,雅剛,雅峻,雅尚,雅臣,雅崇,雅嵩,雅生,雅鷹,雅卓,雅能,雅陽,雅隆,雅和,幹崇,巨高,匡貴,匡孝,匡高,匡尚,匡崇,匡隆,薫能,賢貴,賢孝,賢尚,賢峰,賢隆,公貴,公孝,公誉,順孝,順隆,勝貴,勝孝,勝隆,将貴,将喬,将敬,将玄,将孝,将昂,将考,将高,将資,将臣,将崇,将嵩,将鷹,将任,将誉,将隆,尚孝,昌毅,昌貴,昌享,昌尭,昌敬,昌孝,昌考,昌高,昌剛,昌尚,昌崇,昌嵩,昌生,昌平,昌誉,昌隆,晶崇,慎貴,真宇,真貴,真敬,真孝,真山,真尚,真章,真崇,真聖,真峰,真誉,真隆,臣真,仁孝,仁崇,征孝,征宣,征鷹,征隆,成貴,成孝,成剛,成隆,成良,政貴,政敬,政賢,政孝,政考,政高,政崇,政誉,政隆,正宇,正岳,正貴,正恭,正尭,正敬,正堅,正賢,正孝,正考,正高,正剛,正峻,正尚,正臣,正崇,正宣,正壮,正尊,正卓,正天,正堂,正峰,正誉,正隆,正堯,聖貴,聖賢,聖崇,聖尊,誠孝,誠幸,誠崇,誠隆,全貴,全敬,全孝,壮挙,壮隆,大剛,暢高,暢隆,直伯,方貴,方孝,方崇,柾貴,優貴,優顕,優孝,優考,優崇,優隆,祐貴,裕孝,容数,容隆,理貴,理高,理崇,理天,理誉,和巨,和孝,將貴,將敬,將孝,眞考,眞隆
まさたけ,masatake,雅威,雅岳,雅毅,雅健,雅剛,雅丈,雅大,雅武,雅猛,雅勇,匡毅,将威,将岳,将豪,将丈,将赳,昌岳,昌丈,昌武,真健,真丈,真武,仁武,政岳,政剛,政丈,政武,政猛,正威,正岳,正毅,正健,正剛,正豪,正尚,正丈,正武,正竜,誠丈,全建,將壯
まさただ,masatada,昌匡,昌忠,真唯,政忠,政帝,正忠,方正
まさたつ,masatatsu,将達,昌竜,政竜,正達,正龍,全達
まさたね,masatane,匡胤
まさたろう,masatarou,雅太郎,政太郎,正太郎
まさちか,masachika,雅親,将親,将睦,昌親,晶睦,真周,征近,成親,政親,正允,正央,正近,正周,正親,全央,全哉,直哉
まさつぐ,masatsugu,允嗣,允紹,雅胤,雅継,雅嗣,雅次,雅紹,匡胤,匡乙,賢嗣,賢譜,勝亜,勝継,勝嗣,将亜,将胤,将嗣,将次,将二,昌継,昌嗣,昌次,昌二,昌諭,真継,真嗣,真次,真諭,征亜,征嗣,成胤,成譜,政亜,政継,政嗣,政次,政紹,政諭,正胤,正継,正貢,正嗣,正次,正治,正就,正承,正紹,正詔,正統,正二,正諭,誠嗣,誠次,方嗣,理嗣,將嗣,眞嗣,眞次
まさつな,masatsuna,昌綱,征綱,政綱,正綱
まさつね,masatsune,雅経,雅庸,順英,順庸,真経,政恒,政經,正恒,正鎮,正統,正庸,將恒
まさてつ,masatetsu,雅哲
まさてる,masateru,雅輝,雅昭,雅照,匡央,匡輝,匡晃,賢輝,公央,公昭,修明,勝輝,将央,将輝,将晃,将照,昌映,昌輝,昌照,晶光,真央,真輝,真光,真照,征照,成央,政輝,政晃,政照,正英,正輝,正光,正晃,正照,正哲,聖輝,聖晃,誠光,全輝,雄照
まさと,masato,允人,允斗,右人,栄人,雅人,雅仁,雅斗,雅登,雅任,雅翔,幹人,巨人,匡人,匡登,健人,賢人,賢門,公人,公仁,剛士,剛人,旬人,純人,順人,順斗,勝人,勝登,勝土,奨人,奨斗,将人,将仁,将斗,将登,将都,将隼,将翔,庄人,昌士,昌人,昌仁,昌斗,昌都,昌門,昭人,晶人,省人,慎人,真乙,真音,真外,真郷,真賢,真悟,真佐人,真左人,真砂人,真三人,真人,真仁,真正,真聖,真早人,真大,真達,真智,真斗,真登,真都,真土,真門,真利,真理,真里,仁人,仁斗,征人,成人,成杜,政人,政仁,政斗,政門,正人,正仁,正典,正徒,正斗,正登,正任,聖人,聖仁,誠人,誠斗,斉士,斉人,全人,壮人,壮登,聡人,卓翔,稚人,暢人,暢斗,直人,哲人,督人,方人,方斗,磨早人,麻佐人,麻砂人,柾人,万覚人,万砂人,優人,優仁,勇人,祐人,祐仁,裕人,理人,諒人,礼人,和人,將人,將斗,眞人
まさとき,masatoki,正季,正時
まさとし,masatoshi,維利,允寿,允俊,雅季,雅憲,雅功,雅歳,雅寿,雅淑,雅俊,雅照,雅聡,雅智,雅斗志,雅年,雅肇,雅敏,雅稔,雅利,匡紀,匡寿,匡俊,匡聡,匡敏,匡利,賢紀,賢俊,賢敏,賢利,公俊,公聡,公敏,公利,剛俊,克紀,修敏,秀俊,勝俊,勝稔,勝利,将紀,将敬,将寿,将俊,将迅,将聖,将聡,将智,将年,将敏,将甫,将稔,将利,尚利,昌紀,昌哉,昌寿,昌俊,昌聖,昌聡,昌知,昌智,昌聴,昌敏,昌稔,昌利,晶健,晶稔,真毅,真佐寿,真佐俊,真哉,真寿,真俊,真聡,真敏,真稔,真利,仁寿,仁俊,仁敏,征寿,征世,征利,成寿,成俊,成利,政寿,政俊,政聡,政都志,政敏,政稔,政利,正季,正紀,正賢,正厳,正哉,正才,正載,正寿,正宗,正俊,正淳,正順,正聡,正智,正登史,正登志,正隼,正敏,正稔,正利,正律,聖寿,聖俊,聖智,聖隼,誠逸,誠俊,誠敏,誠利,斉智,斉稔,全寿,全俊,壮敏,聡敏,大峻,智俊,暢俊,超智,方寿,方俊,方敏,磨佐俊,優賢,優寿,優俊,優敏,優明,優利,優壽,祐俊,祐智,祐利,容俊,理俊,理智,理敏,理稔,和利,和壽,將俊,將聖,應俊,眞稔
まさとみ,masatomi,雅富,将臣,政臣,政富,正臣,正富,正福,聖徳
まさとも,masatomo,允知,応友,雅群,雅知,雅智,雅朝,雅朋,雅盟,雅友,匡智,匡朋,公朝,勝知,将丈,将大,将知,将智,将奉,将朋,将友,昌公,昌丈,昌大,昌智,昌朝,昌朋,昌友,晶智,晶朝,真丈,真大,真知,真智,真朋,真友,征智,征伴,成友,政知,政智,政伯,政朋,正幹,正具,正大,正知,正智,正朝,正朋,正睦,正友,正有,正倫,聖知,聖智,壮衆,甫朋,方智,優朋,優友,祐智,理智,理友,眞朋
まさとよ,masatoyo,雅豊,元豊,昌豊,正豊
まさとら,masatora,将虎,政虎,正虎
まさなお,masanao,雅尚,雅真,雅直,雅有,匡尚,賢尚,賢直,元直,純尚,将尚,将直,昌均,昌尚,昌直,真尚,真直,仁直,征巨,征尚,征直,政尚,政直,正修,正尚,正直,誠尚,誠直,壮巨,優真,優直,礼直,將尚
まさなが,masanaga,雅永,匡永,公永,勝長,将大,真長,正修,正長,聖永
まさなり,masanari,維成,允也,雅就,雅尚,雅成,雅斉,雅也,匡成,匡斉,啓成,公也,勝成,将成,将也,昌成,昌生,昌也,真功,真成,真也,仁也,征也,政成,政晴,正就,正尚,正成,正斉,正也,聖誠,誠也,大成,優成,將就,眞也
まさのしん,masanoshin,雅之進,政之進
まさのすけ,masanosuke,政之輔,正之介,正之助,聖之助
まさのぶ,masanobu,允信,允宣,応信,雅允,雅永,雅延,雅寛,雅宜,雅順,雅将,雅常,雅伸,雅信,雅申,雅紳,雅宣,雅暢,雅展,雅敦,雅庸,雅亘,宜信,巨信,匡史,匡将,匡伸,匡信,匡紳,匡宣,匡暢,薫伸,賢修,賢順,賢伸,賢信,賢展,公允,公叙,公将,公伸,公信,旬伸,勝允,勝常,勝信,将允,将延,将宜,将順,将常,将伸,将信,将進,将正,将宣,将暢,将展,将命,将頌,庄伸,昌允,昌延,昌慶,昌伸,昌信,昌宣,昌暢,昌展,昌敦,昌靖,晶宣,慎恒,真延,真伸,真信,真宣,真暢,真之,真靖,真庸,仁将,仁暢,仁長,征宜,征伸,征信,成宣,成暢,政允,政延,政修,政将,政伸,政信,政宣,政達,政暢,政展,正允,正延,正寛,正喜,正宜,正慶,正寿,正修,正順,正将,正伸,正信,正進,正誠,正宣,正暢,正展,正敦,正靖,正庸,誠修,誠信,全修,全伸,全宣,壮敦,暢宣,的信,方伸,方宣,優喜,優信,優敦,祐喜,理修,理伸,理薦,和将,壯伸,將喜,將信,將申,將暢,將展,眞信,眞暢,眞頌
まさのり,masanori,逸統,允紀,允則,応理,雅永,雅紀,雅規,雅記,雅宜,雅教,雅訓,雅敬,雅経,雅憲,雅公,雅功,雅孝,雅剛,雅史,雅詞,雅仁,雅宣,雅則,雅知,雅智,雅哲,雅典,雅統,雅道,雅徳,雅範,雅方,雅法,雅倫,雅令,幹記,幹典,希典,匡雅,匡紀,匡規,匡宜,匡教,匡訓,匡慶,匡憲,匡謙,匡宣,匡則,匡典,匡徳,匡伯,匡範,匡理,薫識,賢記,賢則,賢典,賢徳,賢利,元紀,元仁,公位,公紀,公規,公宜,公憲,公宣,公則,公典,公徳,公範,公法,公律,公礼,修徳,純典,順則,勝基,勝紀,勝規,勝教,勝憲,勝仁,勝宣,勝則,勝徳,勝法,将格,将紀,将規,将記,将教,将慶,将敬,将憲,将悟,将功,将治,将式,将慎,将仁,将成,将宣,将則,将智,将哲,将典,将統,将徳,将範,将文,将法,将倫,昌位,昌永,昌格,昌鑑,昌紀,昌規,昌記,昌宜,昌教,昌訓,昌敬,昌経,昌憲,昌権,昌謙,昌則,昌典,昌徳,昌伯,昌範,昌法,昌倫,昌論,晶規,晶憲,晶則,詳典,慎範,真規,真宜,真教,真啓,真敬,真憲,真賢,真玄,真功,真孝,真佐憲,真佐徳,真咲記,真宣,真則,真典,真徳,真任,真伯,真範,真法,真令,真路,仁紀,仁規,仁憲,征紀,征規,征記,征宜,征訓,征憲,征司,征宣,征則,征典,征徳,征範,成紀,成記,成行,成則,成哲,成典,成徳,政紀,政規,政宜,政教,政矩,政勲,政敬,政憲,政宗,政仁,政宣,政則,政典,政徳,政範,政法,正格,正寛,正基,正紀,正規,正記,正軌,正儀,正宜,正教,正矩,正訓,正敬,正経,正憲,正謙,正賢,正悟,正告,正至,正詞,正識,正周,正宗,正順,正承,正昇,正章,正乗,正慎,正宣,正則,正智,正程,正哲,正典,正展,正統,正道,正徳,正範,正文,正法,正頼,正律,正了,正倫,正令,正礼,聖学,聖規,聖教,聖功,聖智,聖典,聖登,聖徳,誠規,誠恭,誠教,誠宣,誠則,誠致,誠典,誠徳,誠理,全格,全紀,全功,全範,壮規,壮憲,大智,大徳,暢謙,暢則,暢徳,鎮規,当則,督学,督徳,方紀,方教,方則,槙則,柾憲,柾志,優位,優憲,優賢,優昇,優譲,優成,優宣,優則,優典,優徳,優範,祐基,祐則,祐智,祐典,祐徳,予律,理紀,理憲,理則,理典,理徳,和紀,和則,壯統,將記,將典,將徳,眞紀,眞規,眞宜,眞典
まさはる,masaharu,允温,允晴,雅治,雅春,雅晴,雅陽,匡治,匡晴,薫春,公治,公晴,勝春,勝晴,将玄,将治,将春,将星,将晴,将張,昌治,昌春,昌晴,昌明,晶春,晶晴,真元,真治,真晴,真令,征治,政玄,政治,政春,政晴,正温,正治,正修,正春,正晴,正東,正陽,聖治,聖陽,誠治,誠春,全治,全晴,優治,優寿,優晴,祐治,祐晴,理治,理晴,理陽,將治,應養,眞治
まさひこ,masahiko,維彦,允彦,雅彦,格彦,匡彦,賢彦,公彦,順彦,勝彦,奨彦,将比古,将彦,尚彦,昌彦,晶彦,章彦,証彦,慎彦,真佐彦,真左彦,真砂彦,真彦,仁彦,征彦,政彦,正比古,正彦,聖彦,誠比古,誠彦,斉彦,全彦,壮彦,暢彦,備彦,方彦,優彦,祐彦,理比己,理彦,和彦,將彦,眞彦
まさひさ,masahisa,維久,允久,雅久,雅尚,賢央,勝久,将久,将寿,昌央,昌久,昌寿,昌尚,真央,真久,仁久,政久,正久,正寿,正尚,聖久,聖寿,將久,眞久
まさひで,masahide,応栄,雅偉,雅英,雅秀,匡英,匡秀,賢英,賢秀,公英,公秀,公之,剛秀,勝英,勝秀,将英,将豪,将秀,尚英,昌栄,昌英,昌秀,昌之,晶英,真栄,真英,真嗣,真秀,真任,仁英,仁秀,征秀,政英,政嗣,政秀,政誘,正英,正豪,正嗣,正秀,正任,聖継,誠英,斉秀,全秀,壮秀,優英,優秀,理英,理秀,將秀,眞栄,眞英
まさひと,masahito,尉人,雅史,雅人,雅仁,幹人,匡史,匡人,匡仁,賢人,賢仁,元斉,公史,公仁,勝人,勝仁,将士,将人,将仁,昌史,昌人,昌仁,晶寛,真史,真士,真人,真仁,仁人,征人,征仁,成史,成人,政史,政人,政仁,政任,正寛,正史,正士,正人,正仁,聖一,聖人,聖仁,誠人,誠仁,斉史,泰知,大寛,暢人,道仁,督人,方人,優史,優仁,理史,理人,理仁,亮仁,和史,和士,將人,將仁,眞三仁,眞人,眞仁,眞比人
まさひら,masahira,真平,政平,正啓,正平,方平
まさひろ,masahiro,維浩,允寛,允啓,允宏,允郊,允博,允裕,允洋,栄宏,雅央,雅寛,雅啓,雅敬,雅公,雅厚,雅宏,雅広,雅弘,雅浩,雅紘,雅滋,雅尋,雅拓,雅展,雅博,雅比呂,雅祐,雅裕,雅洋,雅廣,幹央,幹啓,幹大,匡央,匡寛,匡宏,匡広,匡弘,匡浩,匡紘,匡尋,匡泰,匡大,匡博,匡豊,匡祐,匡裕,匡洋,匡廣,賢宏,賢広,賢弘,賢大,賢拓,賢博,賢明,賢裕,元啓,元博,公央,公寛,公啓,公宏,公弘,公泰,公博,公佑,公裕,公洋,公廣,剛広,剛弘,剛大,才浩,宗弘,宗浩,充宏,順弘,順裕,勝央,勝啓,勝宏,勝広,勝弘,勝浩,勝大,勝博,勝裕,勝洋,将央,将寛,将監,将啓,将景,将光,将厚,将宏,将広,将弘,将浩,将尋,将大,将拓,将博,将比呂,将裕,将洋,将廣,尚宏,尚弘,昌寛,昌啓,昌敬,昌玄,昌宏,昌広,昌弘,昌浩,昌紘,昌鴻,昌祥,昌尋,昌泰,昌大,昌拓,昌展,昌博,昌裕,昌洋,昌廣,晶啓,晶宏,晶広,晶弘,晶博,省宏,慎広,慎祐,真央,真寛,真啓,真玄,真宏,真広,真弘,真浩,真佐寛,真佐博,真沙裕,真尋,真世,真泰,真大,真宙,真博,真比呂,真裕,真洋,真廣,仁啓,仁宏,仁宗,仁大,仁達,仁篤,仁博,仁洋,征啓,征宏,征広,征弘,征浩,征紘,征大,征博,征裕,征洋,成宏,成広,成弘,成浩,成泰,政寛,政義,政啓,政宏,政広,政弘,政浩,政治,政尋,政大,政博,政祐,政裕,政洋,政陽,政廣,正衛,正拡,正寛,正啓,正敬,正宏,正広,正弘,正浩,正紘,正寿,正宗,正尋,正泰,正大,正拓,正展,正篤,正博,正弥,正祐,正裕,正容,正洋,正廣,正皓,聖寛,聖広,聖弘,聖浩,聖泰,聖大,聖博,聖洋,誠寛,誠宏,誠広,誠弘,誠浩,誠大,誠博,誠裕,誠洋,斉寛,斉大,斉裕,全寛,全宏,全広,全弘,全浩,全博,全洋,全廣,壮宏,壮弘,壮大,壮博,壮洋,存宏,多泰,太洋,大貴,大宏,大博,大弥,大洋,大榮,暢宏,暢浩,暢洋,直宏,直大,督弘,督浩,督大,方啓,方宏,方浩,方博,方洋,優寛,優宏,優広,優弘,優浩,優大,優博,優洋,祐宏,祐浩,祐大,祐博,祐洋,裕洋,雄大,容弘,理央,理嘉,理寛,理宏,理広,理弘,理浩,理大,理博,理裕,理礼,和完,和広,將宏,將弘,將大,將博,將裕,惠朝,眞寛,眞敬,眞宏,眞広,眞弘,眞浩,眞裕,眞廣
まさふさ,masafusa,雅房,政房,正房
まさふみ,masafumi,雅郁,雅史,雅文,匡記,匡史,匡章,匡文,賢文,公郁,公史,公章,公文,勝文,将史,将文,晶文,真史,真文,征史,征文,成史,政史,政典,政文,正郁,正史,正文,聖史,聖文,誠史,誠文,全史,壮史,祐郁,祐史,祐文,理史,理文,和史,和典,將文,眞史
まさぶみ,masabumi,雅文,勝文,将文,昌史,昌文,真史,真文,政史,正文
まさみ,masami,雅己,雅克,雅巳,匡己,勝己,将己,将三,昌己,昌視,政実
まさみき,masamiki,昌幹,真幹
まさみち,masamichi,允道,雅充,雅達,雅通,雅道,雅満,雅理,雅路,雅迪,匡達,匡道,賢道,公康,公道,勝康,勝通,勝道,将亨,将康,将充,将通,将道,将理,昌紀,昌達,昌通,昌路,昌迪,真充,真通,真道,真理,真倫,真路,仁紀,征道,成道,政通,政道,正至,正充,正成,正達,正暢,正通,正典,正導,正道,正伯,正満,正融,正理,正倫,正路,正廸,誠充,誠達,誠道,全通,壮理,大迪,理倫,將道,眞通,眞道
まさみつ,masamitsu,雅允,雅光,雅充,匡充,賢満,勝光,将光,将充,将慎,将満,昌光,昌充,昌満,真允,真光,真充,征允,征晃,成光,政光,政充,正益,正光,正実,正充,正満,聖光,斉三,祐充,理光,理充,將光,眞完,眞光
まさみね,masamine,雅峰,賢峰,将峰,正峰,正峯,誠峰,大峰
まさむ,masamu,雅武,昌武,正武,優武,理夢
まさむね,masamune,雅宗,将宗,昌宗,真宗,政宗,正宗,祐宗,倫宗
まさもと,masamoto,雅基,雅元,将基,昌幹,昌基,昌元,真幹,政幹,正基,正元,聖基,理智,將元
まさもり,masamori,雅守,昌守,昌盛,真盛,政盛,正守,正盛
まさや,masaya,允哉,允也,応也,雅哉,雅也,雅耶,雅弥,雅矢,雅彌,格也,幹也,匡哉,匡也,匡弥,薫也,薫弥,賢哉,賢也,公哉,公也,剛哉,克也,純也,順也,勝哉,勝也,勝弥,将哉,将也,将耶,将弥,将矢,昌哉,昌也,昌弥,昌矢,晶也,晶矢,真佐也,真佐弥,真左哉,真左也,真哉,真在哉,真咲也,真也,真弥,真矢,仁哉,仁也,征哉,征也,征弥,征矢,成矢,政哉,政八,政也,政弥,政矢,正佐也,正哉,正也,正弥,正矢,聖也,誠哉,誠也,全哉,全矢,壮哉,大也,暢哉,当哉,方哉,方也,万佐也,優也,優冶,祐哉,祐也,理哉,理也,諒也,將也,眞哉,眞也
まさやす,masayasu,応泰,雅安,雅康,雅泰,雅保,雅靖,匡益,匡康,匡泰,公康,順康,勝康,勝保,将恭,将康,将泰,将靖,昌求,昌恭,昌康,昌泰,昌保,昌靖,真尉,真恭,真康,真泰,真靖,征泰,成恭,政賢,政康,政保,政靖,正安,正尉,正恭,正康,正祥,正泰,正保,正靖,正裕,誠恭,誠康,全耕,全泰,暢康,理泰,理靖,將康,將裕,眞康
まさゆき,masayuki,允之,応之,雅幸,雅行,雅征,雅之,雅由起,雅由樹,雅祐生,匡幸,匡行,匡之,賢幸,賢行,公幸,公之,剛之,純幸,順幸,順行,順之,勝幸,勝行,勝之,将孝,将幸,将行,将征,将之,昌幸,昌行,昌征,昌之,晶行,真幸,真行,真左幸,真征,真之,仁行,仁之,征幸,征行,征之,成幸,成行,成之,政幸,政行,政征,政之,正幸,正行,正之,正由樹,聖幸,聖行,聖征,聖之,聖由,誠幸,誠行,誠之,斉之,壮幸,卓之,暢之,督之,方幸,方之,柾幸,柾之,優幸,優行,優之,祐幸,祐行,祐之,理幸,理行,理之,壯幸,將行,將之,應幸,眞幸,眞行,眞佐之,眞征,眞之
まさよし,masayoshi,雅佳,雅嘉,雅喜,雅義,雅吉,雅好,雅善,雅能,雅芳,雅由,雅良,匡佳,匡義,匡慶,匡祥,匡由,賢欣,賢祥,賢能,公佳,公幹,公義,公淑,勝善,勝良,将佳,将嘉,将義,将吉,将圭,将慶,将敬,将好,将巧,将善,将由,昌佳,昌嘉,昌喜,昌義,昌吉,昌慶,昌好,昌祥,昌善,昌良,晶義,真佳,真嘉,真義,真慶,真克,真祥,真善,真芳,真由,真誉,真良,仁義,仁圭,仁是,征嘉,征喜,征義,征由,征良,成佳,成嘉,成良,政佳,政嘉,政喜,政義,政吉,政祥,政善,政与志,政良,正嘉,正喜,正義,正吉,正慶,正敬,正好,正祥,正仁,正善,正能,正芳,聖善,誠義,誠善,全芳,壮芳,祐嘉,祐義,將嘉,將喜,將義,將吉,將善,應嘉,眞義,眞由,眞良
まさより,masayori,雅頼,将頼,政頼,正順,正頼,柾頼
まさる,masaru,偉,英,衛,応,嘉,雅,完,幹,匡,暁,傑,健,賢,甲,豪,克,秀,俊,潤,勝,将,尚,捷,昌,臣,正,善,全,壮,増,大,暢,超,長,哲,督,勉,優,雄,理,將
まさろう,masarou,雅郎,昌朗,正朗,正郎
ましお,mashio,真潮
ますあき,masuaki,益昭,益章,益明,倍明
ますいち,masuichi,益一
ますお,masuo,益男,益夫,益雄,益朗,益郎,剛男,升男,升雄,真寿男,増男,増夫,万寿男,万寿夫,万寿雄,満珠雄,満寿夫,枡雄
ますかず,masukazu,益一
ますき,masuki,益揮
ますくに,masukuni,益国,益邦
ますじ,masuji,益司,益嗣,益次,益治,増司
ますじろう,masujirou,益次郎,増次郎
ますたか,masutaka,益孝,益崇,益陸,益隆
ますたろう,masutarou,益太郎,増太郎
ますと,masuto,益人,升人
ますとし,masutoshi,増俊
ますなお,masunao,益直,増直
ますなり,masunari,益成,益平
ますのぶ,masunobu,益延,益伸,益敦
ますのり,masunori,益規,益功,益則,益徳,益範
ますひこ,masuhiko,益彦,万州彦,満須彦
ますひさ,masuhisa,益久
ますひで,masuhide,益英,増秀
ますひろ,masuhiro,益啓,益宏,益広,益弘,益浩,益周,益大,益博,益裕,増広,増浩,倍弘
ますふみ,masufumi,益史,益文,増史
ますへい,masuhei,益平
ますみち,masumichi,益通,益道
ますみつ,masumitsu,益光,益充
ますむね,masumune,益宗
ますや,masuya,益哉
ますゆき,masuyuki,益幸,益行,益之
ますよし,masuyoshi,益義,益良,増佳
またひこ,matahiko,又彦
まちお,machio,町夫
まつお,matsuo,松生,松夫,松雄,満津夫
まつじ,matsuji,松次,松治
まつじろう,matsujirou,松二郎
まつぞう,matsuzou,松三
まつたろう,matsutarou,松太郎
まつとし,matsutoshi,松敏,松利
まつとも,matsutomo,松朝
まつのすけ,matsunosuke,松之助
まつはる,matsuharu,松春
まつひこ,matsuhiko,松彦
まつひさ,matsuhisa,松久
まつひで,matsuhide,松秀
まつひろ,matsuhiro,松弘,松浩,松博,松裕,松廣
まつゆき,matsuyuki,松幸,松行,松之
まつよし,matsuyoshi,松義
まなと,manato,愛斗,真人,真斗,真那人
まなひこ,manahiko,学彦
まなひろ,manahiro,真弘
まなぶ,manabu,学,勉
まはと,mahato,真羽人
まひろ,mahiro,真宏,真広,真弘,真尋,真博,真比呂,真裕,真廣
まみや,mamiya,真弥也,麻美弥
まもる,mamoru,葵,衛,護,守,鎮,衞
まやと,mayato,麻也人
まゆと,mayuto,真優人,真由人
まりお,mario,真理男,真理夫,真理雄,麻里生
まるお,maruo,丸男
まるす,marusu,麻留主
まれすけ,maresuke,希介,希典,希輔,希祐
まれとし,maretoshi,希俊,稀稔
まれのり,marenori,希徳
まれひこ,marehiko,希彦
まれひさ,marehisa,希尚
まれひで,marehide,希英
まれひと,marehito,希人,希仁
まれひろ,marehiro,希浩
まれふみ,marefumi,希史
まろつぐ,marotsugu,麿嗣
まんきち,mankichi,万吉
まんさく,mansaku,万作,満作
まんぞう,manzou,万蔵
まんたろう,mantarou,万太郎
まんぺい,mampei,万平
みき,miki,樹
みきお,mikio,海紀男,幹樹夫,幹生,幹男,幹夫,幹雄,幹郎,三喜生,三喜男,三喜夫,三喜雄,三喜郎,三希雄,三紀夫,三紀雄,三紀郎,三起生,三樹生,三樹男,三樹夫,三樹雄,実樹生,実樹男,実樹朗,樹生,樹男,樹夫,樹雄,樹郎,美喜男,美喜夫,美喜雄,美希夫,美希雄,美紀男,美紀夫,美紀雄,美貴男,美貴雄,美起男,美樹男,美樹夫,美樹雄,未希生,未紀夫,未紀雄,未貴男,未生男,未来生,未来男,未来朗,巳喜男,巳季雄,巳紀夫
みきしろう,mikishirou,幹四郎
みきじろう,mikijirou,幹二郎
みきすけ,mikisuke,幹祐
みきぞう,mikizou,幹造
みきた,mikita,幹太
みきたか,mikitaka,幹隆
みきたろう,mikitarou,幹太朗,幹太郎
みきつぐ,mikitsugu,幹嗣
みきてる,mikiteru,幹輝
みきと,mikito,幹人
みきとし,mikitoshi,幹寿,幹俊,幹敏,樹俊
みきとよ,mikitoyo,幹豊
みきなお,mikinao,幹尚,幹直
みきなが,mikinaga,幹永
みきなり,mikinari,幹成
みきのすけ,mikinosuke,幹之助
みきのぶ,mikinobu,幹修,幹伸,樹伸
みきのり,mikinori,幹紀,幹憲,幹則,幹典,幹徳,幹範,幹倫,樹典
みきはる,mikiharu,幹治,幹春,幹晴
みきひこ,mikihiko,幹比古,幹彦,三紀彦,三貴彦,三樹彦,樹彦,美貴彦,美樹彦,未来彦
みきひさ,mikihisa,幹久,幹寿,幹尚
みきひで,mikihide,幹英
みきひと,mikihito,幹人,幹仁,樹人,未来人
みきひろ,mikihiro,幹寛,幹啓,幹宏,幹広,幹弘,幹浩,幹大,幹博,幹裕,幹洋,幹廣
みきふみ,mikifumi,幹史,幹文
みきまさ,mikimasa,幹雅,幹将,幹昌
みきや,mikiya,幹也,三喜也,三希也,三紀也,三貴也,三起也,樹也,美紀也,美樹也,未来也
みきやす,mikiyasu,幹恭,幹康,幹泰
みきゆき,mikiyuki,幹之
みさき,misaki,岬
みずあき,mizuaki,瑞昌
みずき,mizuki,瑞貴
みずたか,mizutaka,瑞貴,瑞孝
みずたろう,mizutarou,瑞太郎
みずと,mizuto,水人,瑞人
みずはる,mizuharu,瑞治
みずひこ,mizuhiko,瑞彦
みずひさ,mizuhisa,瑞久,瑞尚
みずひろ,mizuhiro,瑞宏,瑞紘,瑞大,瑞洋
みちあき,michiaki,通顕,通彰,道顕,道晃,道彰,道昭,道章,道明,路彰,路明,路陽
みちお,michio,三千生,三千男,三千夫,三千雄,三千郎,三知生,三知男,三知夫,三知雄,三智夫,三智雄,充生,充男,充夫,宙雄,通生,通男,通夫,通雄,通郎,道生,道男,道夫,道雄,道郎,美千夫,美千雄,美知男,美知夫,美知雄,美智央,美智男,美智夫,美智雄,満男,満夫,満雄,未地生,陸男,陸夫,路男,路夫,路雄,廸生,迪生,迪男,迪夫,迪雄
みちおき,michioki,道興
みちおみ,michiomi,道臣
みちかず,michikazu,道一,道和
みちかつ,michikatsu,充克
みちさだ,michisada,通貞,道貞
みちさと,michisato,三千里
みちざね,michizane,道真
みちすけ,michisuke,典佑,陸祐
みちたか,michitaka,充孝,充崇,充隆,通貴,通敬,通孝,通高,通充,通隆,典孝,道貴,道教,道敬,道孝,道高,道崇,道隆,満孝,満高,満隆
みちただ,michitada,道忠
みちちか,michichika,通睦,道親
みちつぐ,michitsugu,充嗣,道嗣
みちつね,michitsune,充常
みちてる,michiteru,巌輝,充晃,通照,道輝,道照
みちと,michito,通人,典人,道人,路人
みちとし,michitoshi,充利,通俊,通敏,通利,導俊,道寿,道俊,道敏,道利
みちなお,michinao,通直
みちなが,michinaga,道長
みちのすけ,michinosuke,倫之介
みちのぶ,michinobu,通伸,通信,道宣,道展
みちはる,michiharu,三千治,充治,充晴
みちひこ,michihiko,三千彦,三智彦,充彦,通彦,道彦,美智彦,満智彦,未知彦,理彦
みちひさ,michihisa,充久,通久,道久,廸久
みちひで,michihide,充秀,道英,道秀
みちひと,michihito,充人,充仁,通仁,道人
みちひろ,michihiro,通啓,通宏,通広,通弘,通浩,通大,通博,通裕,通洋,道啓,道宏,道広,道弘,道浩,道博,道祐,道裕,道洋,道廣,美知宏,美智弘,裕宏,裕広,迪宏
みちまさ,michimasa,充真,通雅,道昌
みちや,michiya,通哉,道哉,道也,美千也,美智也,未知也,路也
みちやす,michiyasu,通康,通泰,道康,道泰
みちゆき,michiyuki,道幸,道征,道之
みちよし,michiyoshi,道義,道与志
みちろう,michirou,三千朗,三千郎,通朗,通郎,道朗,道郎
みつあき,mitsuaki,光顕,光晃,光秋,光彰,光昭,光晶,光章,光哲,光彬,光明,充輝,充晃,充秋,充彰,充昭,充章,充彬,充明,満秋,満昭,満章,満明
みつお,mitsuo,光男,光夫,光雄,三津雄,充男,充夫,充雄,美津男,美津夫,美津雄,満男,満夫
みつおき,mitsuoki,光興
みつかげ,mitsukage,光景
みつかず,mitsukazu,光一,光計,光和,充一,充和,満一
みつき,mitsuki,光樹
みつくに,mitsukuni,光邦,光圀
みつさだ,mitsusada,光貞
みつさぶろう,mitsusaburou,光三郎
みつしげ,mitsushige,光重,光成,光茂,充重,充茂
みつしろう,mitsushirou,光四郎
みつじろう,mitsujirou,光治郎,光二郎
みつぞう,mitsuzou,光三,光蔵
みつたか,mitsutaka,光孝,光尊,光隆,充孝,充剛,充崇,充隆,満孝,満隆
みつたろう,mitsutarou,充太郎
みつちか,mitsuchika,光周
みつつぐ,mitsutsugu,光嗣
みつてる,mitsuteru,光輝,光照,充輝
みつとし,mitsutoshi,光敏,光稔,光利
みつとも,mitsutomo,光朝,充知,充智,満智
みつなお,mitsunao,充尚,満直
みつなり,mitsunari,光成,三成
みつのぶ,mitsunobu,允伸,光修,光伸,光信,光展,充伸,充信,満信
みつのり,mitsunori,光教,光則,充紀,充典
みつはる,mitsuharu,光治,光春,光晴,充治,充春,充晴,満治,満春,満晴
みつひこ,mitsuhiko,光彦,充彦,満彦
みつひさ,mitsuhisa,光久,光寿,光尚,充久,充寿,満久,満寿,満尚
みつひで,mitsuhide,光英,光秀,充英,充秀,満英,満秀
みつひと,mitsuhito,光人,充人,充仁,満人
みつひろ,mitsuhiro,允宏,允浩,允裕,光弘,光浩,光紘,光裕,光洋,貢宏,貢弘,充寛,充啓,充宏,充弘,充浩,充紘,充博,満宏,満広,満弘,満浩,満博,満裕
みつふさ,mitsufusa,光房
みつふみ,mitsufumi,光文,充史
みつほ,mitsuho,満帆
みつまさ,mitsumasa,輝正,光雅,光将,光昌,光晶,光真,光政,光正,光誠,光優,充匡,充将,充真,充正,充理,満維,満政,満正
みつまろ,mitsumaro,光麿
みつむね,mitsumune,光宗
みつもり,mitsumori,光守,光盛
みつや,mitsuya,光也,光弥,三弥,三矢,美津也,美津矢,満哉,満也,満弥
みつやす,mitsuyasu,光恭,光康,光泰,光保,光靖,光庸,晃康,晃靖,貢康,充恭,充康,充泰,充保
みつゆき,mitsuyuki,光之,充幸,充行,充之,満幸,満行,満之
みつよし,mitsuyoshi,光悦,光嘉,光義,光吉,光慶,光厳,光聖,光善,光芳,充佳,充義,充吉,充慶,充祥,充善,充能,充芳,充由,充良,満喜,満義,満吉,満芳
みつより,mitsuyori,光頼
みつる,mitsuru,光,充,満
みつを,mitsuo,光夫,充夫
みなと,minato,海夏人
みねあき,mineaki,峰章
みねいちろう,mineichirou,峰一郎
みねお,mineo,三根夫,峰男,峰夫,峰雄,峯生,峯男,峯夫,峯雄
みねかず,minekazu,峰一,峰和
みねかつ,minekatsu,峰克
みねき,mineki,峰毅
みねた,mineta,峰太
みねたか,minetaka,峰孝,峰高,峰隆
みねちか,minechika,峰親
みねと,mineto,峰人,峰斗,峰登
みねとし,minetoshi,峰聡,峰利
みねのぶ,minenobu,峰伸
みねのり,minenori,巌典,峰規,峰則
みねはる,mineharu,峰治,峰春,峰晴,峯春,峯陽
みねひこ,minehiko,峰彦
みねひさ,minehisa,巌久,峰央,峰久
みねひで,minehide,嶺秀
みねひと,minehito,峰人
みねひろ,minehiro,峰宏,峰広,峰弘,峰博,峰裕,嶺浩
みねふみ,minefumi,峰文
みねやす,mineyasu,峰康,峰泰
みねゆき,mineyuki,峰行,峰之,峯之
みねよし,mineyoshi,峰義
みねより,mineyori,峰頼
みのる,minoru,穫,実,穣,穂,稔,穰
みはる,miharu,三春
みめい,mimei,未明
みゆうじ,miyuji,美勇士
みらい,mirai,未来
むうと,muto,夢有人
むが,muga,武雅,無我
むぎへい,mugihei,麦平
むく,muku,椋
むくと,mukuto,椋人
むげん,mugen,無限
むさし,musashi,武蔵,六三四
むつあき,mutsuaki,睦晃,睦昭,睦明
むつお,mutsuo,武津夫,睦生,睦男,睦夫,睦雄,陸奥雄
むつごろう,mutsugorou,睦五郎
むつし,mutsushi,睦志
むつたか,mutsutaka,睦隆
むつと,mutsuto,睦人
むつとし,mutsutoshi,睦敏
むつなお,mutsunao,睦直
むつのぶ,mutsunobu,睦信
むつのり,mutsunori,睦規,睦訓,睦典,陸則
むつはる,mutsuharu,睦治
むつひこ,mutsuhiko,睦彦
むつひさ,mutsuhisa,睦尚
むつひと,mutsuhito,睦人,睦仁
むつひろ,mutsuhiro,睦寛,睦啓,睦宏,睦広,睦弘,睦浩,睦仁,睦大,睦博,睦裕,睦廣
むつふさ,mutsufusa,睦房
むつまさ,mutsumasa,睦真,睦正
むつまろ,mutsumaro,睦麿
むつやす,mutsuyasu,睦泰
むつゆき,mutsuyuki,睦幸,睦之
むつろう,mutsurou,睦郎,陸朗
むねあき,muneaki,宗顕,宗晃,宗秋,宗彰,宗昭,宗章,宗聡,宗明
むねあつ,muneatsu,宗厚,宗篤
むねいえ,muneie,宗家
むねお,muneo,宗男,宗夫,宗雄
むねおき,muneoki,宗興
むねおみ,muneomi,宗臣
むねかず,munekazu,宗一
むねかつ,munekatsu,宗克
むねさと,munesato,宗郷
むねしげ,muneshige,宗重,宗茂
むねじろう,munejirou,宗二郎
むねすけ,munesuke,宗介,宗佑,宗祐
むねぞう,munezou,宗三
むねたか,munetaka,宗延,宗貴,宗敬,宗孝,宗高,宗崇,宗尊,宗能,宗隆
むねたけ,munetake,宗威,宗毅,宗武
むねただ,munetada,宗匡,宗忠
むねたね,munetane,宗胤
むねたろう,munetarou,宗太朗
むねちか,munechika,宗愛,宗近,宗周,宗親
むねつぐ,munetsugu,宗胤,宗継,宗嗣,宗次
むねと,muneto,宗人
むねとき,munetoki,宗時
むねとし,munetoshi,宗寿,宗俊,宗智,宗敏,宗利
むねとも,munetomo,宗知,宗朝,宗朋,宗友
むねとよ,munetoyo,宗豊
むねなお,munenao,宗尚
むねなが,munenaga,宗永
むねなり,munenari,宗成
むねのぶ,munenobu,宗伸,宗信
むねのり,munenori,宗紀,宗規,宗記,宗矩,宗訓,宗憲,宗則,宗典,宗徳
むねはる,muneharu,宗治,宗春,宗晴
むねひこ,munehiko,宗彦
むねひさ,munehisa,宗久,宗寿,宗尚,統久
むねひで,munehide,宗英,宗秀
むねひと,munehito,宗人,宗仁
むねひら,munehira,崇平
むねひろ,munehiro,宗央,宗寛,宗啓,宗宏,宗広,宗弘,宗浩,宗大,宗博,宗佑,宗祐,宗裕,宗洋,宗廣,崇宏,崇弘,崇浩,崇裕,統弘
むねふさ,munefusa,宗房
むねふみ,munefumi,宗郁,宗史,宗文
むねまさ,munemasa,宗雅,宗昌,宗政,宗正
むねみつ,munemitsu,宗光,宗充,崇光,統光
むねもと,munemoto,宗元
むねもり,munemori,宗盛
むねや,muneya,宗哉,宗也
むねやす,muneyasu,宗安,宗康,宗泰,宗靖
むねゆき,muneyuki,志行,宗幸,宗行,宗征,宗之,統之
むねよし,muneyoshi,宗義,宗吉,宗厳,宗芳,宗良
むもん,mumon,無門
めぐる,meguru,巡,周,旋,環
もいち,moichi,茂一
もいちろう,moichirou,茂一郎
もうど,moudo,望土
もえたろう,moetarou,萌太郎
もえと,moeto,萌人
もきち,mokichi,茂吉
もと,moto,元
もとあき,motoaki,基顕,基晃,基彰,基昭,基晶,基章,基明,元顕,元晃,元秋,元彰,元昭,元晶,元章,元明
もとい,motoi,基
もといち,motoichi,基一,元一
もといちろう,motoichirou,基一朗,元一郎,素一郎,本一郎
もとお,moto,基男,基夫,基雄,元雄
もとかず,motokazu,幹和,基一,基員,基和,喬一,元一,元和
もとかつ,motokatsu,基勝,元勝
もとき,motoki,幹,基輝,基樹,元喜,元輝,元樹,誠記,素毅,素輝,素樹
もときよ,motokiyo,元清
もとくに,motokuni,基邦,元邦,元國
もとし,motoshi,基司,元,元司,源史
もとしげ,motoshige,基重,基成,元滋,元重,元成,元繁,元茂
もとしろう,motoshirou,元司郎,元志郎
もとじ,motoji,基司,基次,基治,基二,基路,元司,元次,元二
もとじろう,motojirou,基次郎,元次郎,元治郎
もとすけ,motosuke,基介,基輔,基祐,素輔
もとぞう,motozou,元三,元造,源三
もとたか,mototaka,基貴,基喬,基敬,基孝,基高,基剛,基隆,元貴,元敬,元孝,元崇,元隆
もとただ,mototada,元忠
もとちか,motochika,基親
もとつぐ,mototsugu,基継,基嗣,基次,元継,元貢,元嗣,元次,素継,素嗣
もとつね,mototsune,元恒
もとてる,mototeru,基晃,基照,元輝,元耀,源輝,玄輝,芳映
もとなお,motonao,基尚,元尚,元直,資直,素直
もとなり,motonari,基成,基也,元就,素成,素誠,素也
もとのぶ,motonobu,基伸,基信,元伸,元信,元宣,元暢,元展,素伸
もとのり,motonori,基紀,基則,基範,元紀,元規,元教,元則,元徳,元法,素紀,素典
もとはる,motoharu,基治,基春,基晴,元治,元春,元晴,素治,素春,素晴
もとひこ,motohiko,基彦,元比古,元彦,素彦
もとひさ,motohisa,基久,元久,元寿,素久
もとひで,motohide,元英,元秀
もとひと,motohito,基人,基仁,元人,元仁
もとひろ,motohiro,基寛,基啓,基宏,基広,基弘,基浩,基紘,基祥,基大,基拓,基博,基祐,基裕,基洋,基陽,元寛,元啓,元宏,元広,元弘,元浩,元尋,元博,元裕,元洋,元廣,素宏,素広,素弘,素浩,素裕,素洋
もとふみ,motofumi,基史,基文,元史,元文,素史
もとまさ,motomasa,元政,元正
もとまろ,motomaro,元麿
もとみ,motomi,基己
もとみつ,motomitsu,基允,基光,基充,源光,素光,素充
もとむ,motomu,索
もともち,motomochi,基通
もともり,motomori,基盛
もとや,motoya,基哉,基也,基弥,元哉,元也,素也,素弥
もとやす,motoyasu,基恭,基康,基泰,基靖,元康,元泰,元靖,素康
もとやすし,motoyasushi,基泰
もとゆき,motoyuki,基幸,基行,基至,基之,元幸,元行,元之,素幸,素行,素之
もとよし,motoyoshi,基義,基善,基由,基良,元喜,元義,元厳,元祥,元芳,元良
ももたろう,momotarou,桃太朗,桃太郎,百太郎
もものすけ,momonosuke,桃ノ介
もゆる,moyuru,燃
もりあき,moriaki,守晃,守昭,守章,守彬,守明,守亮,盛彰,盛昭,盛亮
もりお,morio,守生,守男,守夫,守雄,森魚,森生,森夫,森雄,盛生,盛男,盛夫,盛雄,盛郎,杜生,杜夫,杜雄
もりおき,morioki,盛興
もりおみ,moriomi,盛臣
もりかず,morikazu,守一,盛一
もりかつ,morikatsu,守克,盛勝
もりくに,morikuni,護邦,守邦,盛国
もりさだ,morisada,盛貞
もりしげ,morishige,守重,守成,守繁,守茂,盛重,盛茂
もりす,morisu,森朱
もりたか,moritaka,守貴,守敬,守孝,守隆,盛貴,盛敬,盛孝,盛隆
もりたけ,moritake,守毅,守猛,盛武
もりたろう,moritarou,杜太郎
もりちか,morichika,守親
もりつぐ,moritsugu,盛継,盛嗣,盛次
もりつな,moritsuna,盛綱
もりつね,moritsune,盛経
もりてる,moriteru,守輝
もりと,morito,衛人,護人,守人,盛人
もりとし,moritoshi,守俊,守敏,守利,盛敏,盛利
もりのぶ,morinobu,守伸,守信,盛信
もりひこ,morihiko,守彦,盛彦
もりひさ,morihisa,盛久
もりひで,morihide,守秀,盛秀
もりひと,morihito,衛人,守人,守仁,盛人,盛仁,護人
もりひろ,morihiro,守啓,守宏,守広,守弘,守浩,守紘,守博,守洋,盛寛,盛宏,盛広,盛弘,盛浩,盛博
もりふみ,morifumi,守史,守文,盛史,盛文
もりまさ,morimasa,守雅,守将,守正,守優,盛昌,盛政,盛正
もりみち,morimichi,守通,守道,盛通,盛道,盛路,杜道
もりみつ,morimitsu,護光,守光,盛光,盛充
もりもと,morimoto,盛元
もりや,moriya,護弥,守哉,守也,守矢,盛也,盛弥,杜也
もりやす,moriyasu,守恭,守康,守泰,盛康
もりゆき,moriyuki,衛之,護幸,守幸,守行,守征,守之,盛幸,盛行,盛征,盛之
もりよ,moriyo,盛世
もりよし,moriyoshi,守義,守慶,守善,盛吉
もんた,monta,聞多
もんと,monto,聞人
もんど,mondo,主水
やいた,yaita,弥伊太
やいち,yaichi,八一,弥一,弥市,彌一
やいちろう,yaichirou,弥一郎,弥市郎,彌一郎
やうえもん,yauemon,弥右衛門
やおき,yaoki,八起,八興,弥興
やおきち,yaokichi,八百吉
やくま,yakuma,躍馬
やくも,yakumo,八雲
やさぶろう,yasaburou,弥三郎
やしお,yashio,八潮
やしき,yashiki,椰樹
やすあき,yasuaki,安輝,安昭,安章,安明,安亮,恭顕,恭彰,恭昭,恭章,恭彬,恭明,康暁,康顕,康晃,康秋,康彰,康昭,康晶,康章,康明,康亮,泰顕,泰晃,泰秋,泰彰,泰昭,泰晶,泰祥,泰章,泰彬,泰明,泰陽,泰亮,保晃,保秋,保彰,保昭,保晶,保章,保明,靖晃,靖秋,靖彰,靖昭,靖章,靖明,靖曜
やすいち,yasuichi,安一,康一,泰一,保一
やすいちろう,yasuichirou,安一郎,康一郎,泰一郎,靖一郎
やすお,yasuo,安生,安男,安夫,安雄,恭生,恭男,恭夫,恭雄,康生,康男,康夫,康雄,泰生,泰男,泰夫,八州男,八州夫,保男,保夫,保雄,靖生,靖男,靖夫,靖雄,庸夫
やすおき,yasuoki,安興,康興,泰興
やすおみ,yasuomi,恭臣,康臣,泰臣,保臣,奉臣,靖臣
やすかげ,yasukage,恭景
やすかず,yasukazu,安一,安計,安寿,安和,康員,康和,泰和
やすかた,yasukata,康容
やすかつ,yasukatsu,安勝,康克,康勝,泰克,保勝
やすかね,yasukane,康兼
やすき,yasuki,泰樹,靖生
やすきよ,yasukiyo,康清,泰清
やすくに,yasukuni,安国,安邦,恭邦,康邦,泰国,泰州,泰邦,靖邦,靖國
やすさだ,yasusada,恭禎,康定,康禎
やすし,yasushi,安史,安志,恭,恭史,康,康司,康史,康嗣,康士,康志,康至,耕,泰,泰司,泰史,泰嗣,泰士,泰志,泰至,保志,也寸志,靖,靖司,靖史,靖士,靖志,靖至
やすしげ,yasushige,安重,康重,康成,康繁,泰成,泰繁,泰茂,保茂,靖茂
やすじろう,yasujirou,安次郎,安二郎,康次郎,康二郎,泰次郎,保次郎,靖二郎
やすぞう,yasuzou,安三,康三,康造,泰三
やすた,yasuta,安太
やすたか,yasutaka,安孝,安高,安剛,安崇,安隆,恭貴,恭啓,恭敬,恭孝,恭崇,恭隆,康貴,康喬,康恭,康敬,康孝,康高,康崇,康嵩,康隆,泰敬,泰賢,泰孝,泰考,泰高,泰隆,保孝,保高,保崇,保隆,靖貴,靖孝,靖高,靖崇,靖隆,祐孝,裕孝,裕崇,裕峰,裕隆
やすたけ,yasutake,安健,安剛,安武,康岳,康豪,康丈,康武,泰健,泰剛,泰丈,泰武,靖健,靖丈,靖武
やすただ,yasutada,安忠,康忠,泰匡,泰忠,靖匡,靖忠
やすたつ,yasutatsu,康達
やすたろう,yasutarou,安太郎,康太朗,康太郎,泰太郎,八州太郎,保太郎,靖太郎
やすちか,yasuchika,康親,泰睦,保親,靖周
やすつぐ,yasutsugu,安嗣,恭嗣,康継,康嗣,康次,泰嗣,泰次,保次,靖嗣
やすつね,yasutsune,泰恒
やすてる,yasuteru,安輝,恭輝,康輝,康光,康晃,康照,泰輝,泰照,保輝,保晃,靖晃
やすと,yasuto,康人,康翔,泰人,泰仁,泰斗,靖人,靖仁,誉人
やすとき,yasutoki,恭時,康時,泰時
やすとし,yasutoshi,安俊,安敏,安利,恭寿,恭俊,恭敏,恭稔,恭利,康寿,康俊,康聡,康年,康敏,康稔,康利,泰寿,泰俊,泰聡,泰年,泰敏,泰稔,泰利,保寿,保俊,保利,靖寿,靖俊,靖聡,靖敏
やすとみ,yasutomi,康臣,泰臣
やすとも,yasutomo,恭朋,康知,康智,康朝,康友,泰知,泰智,泰朋,泰友,保知,保智,保友,靖知,靖智,靖朋,靖友
やすとよ,yasutoyo,康豊,泰豊
やすとら,yasutora,安虎
やすなお,yasunao,安直,恭直,康尚,康直,泰尚,泰直,保尚,保真,保直,靖尚,靖直
やすなが,yasunaga,恭永,康永,康長,泰永,泰長,靖永,靖長
やすなり,yasunari,恭成,康就,康成,泰就,泰成,保成,保也,靖成
やすのすけ,yasunosuke,安之助,恭之助,泰之祐
やすのぶ,yasunobu,安喜,安修,安伸,安信,安宣,安展,恭延,恭宜,恭伸,恭信,康允,康延,康喜,康史,康修,康伸,康信,康宣,康暢,康展,泰修,泰伸,泰信,泰宣,泰暢,泰庸,保伸,保信,保誠,保宣,靖修,靖伸,靖信,靖宣,靖暢,靖展,靖庸,庸伸
やすのり,yasunori,安紀,安規,安教,安憲,安功,安宣,安則,安智,安典,安徳,安範,安法,恭紀,恭規,恭憲,恭宣,恭則,恭典,恭徳,恭範,康紀,康規,康記,康矩,康則,康徳,康範,泰紀,泰規,泰教,泰憲,泰則,泰徳,保紀,保規,保宜,保教,保矩,保則,保典,保徳,保法,靖則,靖典,靖徳,靖範,靖法,庸則,庸典,庸徳
やすはる,yasuharu,安治,安春,安晴,恭治,恭晴,康治,康春,康晴,泰治,泰春,泰晴,泰陽,八州晴,八洲治,保治,保春,保晴,靖治,靖春,靖晴
やすひこ,yasuhiko,安彦,恭彦,康彦,泰彦,保彦,弥須彦,靖彦
やすひさ,yasuhisa,安久,恭久,恭寿,康久,泰久,保久,靖久
やすひで,yasuhide,安秀,恭英,恭秀,康栄,康英,康秀,泰栄,泰英,泰秀,保英,保秀,靖英,靖秀
やすひと,yasuhito,安人,安仁,恭人,恭仁,康人,康仁,泰人,泰仁,保人,保仁,靖人,靖仁
やすひら,yasuhira,康平,泰平
やすひろ,yasuhiro,安寛,安啓,安宏,安広,安弘,安浩,安紘,安博,安裕,安洋,安廣,恭啓,恭宏,恭広,恭弘,恭浩,恭博,恭裕,恭洋,康寛,康啓,康宏,康広,康弘,康浩,康紘,康尋,康大,康博,康比呂,康祐,康裕,康洋,康廣,泰宇,泰寛,泰啓,泰宏,泰広,泰弘,泰浩,泰紘,泰尋,泰大,泰博,泰悠,泰祐,泰裕,泰洋,泰廣,保寛,保宏,保広,保弘,保浩,保大,保博,保裕,保洋,保廣,靖央,靖拡,靖寛,靖啓,靖宏,靖広,靖弘,靖浩,靖紘,靖大,靖博,靖裕,靖容,靖洋,靖廣
やすふみ,yasufumi,恭史,恭文,康史,康文,泰史,泰文,保史,保文,靖史,靖文
やすぶみ,yasubumi,恭文,康文,泰文,保文,靖文
やすま,yasuma,康馬,泰磨
やすまさ,yasumasa,安雅,安昌,安真,安政,安正,安誠,安眞,恭匡,恭将,恭昌,恭成,恭正,康雅,康匡,康勝,康将,康昌,康政,康正,泰雅,泰匡,泰将,泰昌,泰真,泰政,泰正,保匡,保将,保昌,保政,保正,靖雅,靖匡,靖公,靖将,靖昌,靖真,靖政,靖正,裕正,容正
やすまる,yasumaru,泰丸
やすまろ,yasumaro,泰麿
やすみち,yasumichi,安道,恭道,恭路,康通,康道,康倫,泰通,泰道,保通,保道,靖通,靖道
やすみつ,yasumitsu,安光,安晃,尉充,恭光,恭充,恭満,康允,康光,康充,康通,康満,泰光,泰充,泰満,保光,保充,保満,靖光
やすむね,yasumune,泰宗,保宗
やすもと,yasumoto,康基,康元,泰基,泰元,靖基,靖元
やすもり,yasumori,康守,康盛,泰守,鎮守,保守,保盛
やすゆき,yasuyuki,安幸,安行,安之,尉之,易行,易之,恭幸,恭行,恭之,康幸,康行,康之,泰幸,泰行,泰征,泰之,保幸,保行,保之,靖幸,靖行,靖征,靖雪,靖之
やすよし,yasuyoshi,安嘉,安義,安吉,安慶,安善,安芳,安由,安良,恭喜,恭義,恭吉,康佳,康嘉,康快,康喜,康義,康吉,康好,康善,康芳,康由,康良,泰佳,泰嘉,泰義,泰好,泰善,泰芳,泰由,泰良,保喜,保好,保善,保芳,保良,靖佳,靖義,靖芳,靖由,靖良
やすより,yasuyori,康順,康頼
やすろう,yasurou,安朗,安郎,恭郎,康朗,康郎,泰朗,泰郎,保郎,靖朗,靖郎
やそお,yaso,八十男
やそきち,yasokichi,八十吉
やたろう,yatarou,弥太郎,彌太郎
やつし,yatsushi,八志
やつひこ,yatsuhiko,八彦
やつふみ,yatsufumi,八史
やひこ,yahiko,八彦,弥彦,彌彦
やひろ,yahiro,八宏,八紘,八尋
やまと,yamato,山登,大和,大翔,矢真人,倭人
やまひこ,yamahiko,山彦
ゆい,yui,唯
ゆいつ,yuitsu,唯一
ゆいと,yuito,維人,結人,結斗,唯人,唯斗
ゆいのすけ,yuinosuke,唯之介
ゆいほ,yuiho,唯歩
ゆう,yu,佑,勇,悠,有,湧,祐,雄
ゆういち,yuichi,佑一,佑市,優一,優市,勇一,勇壱,勇市,友一,友壱,友市,悠一,悠市,憂一,有一,有市,由一,祐一,祐市,裕一,裕市,雄一,融一,洋一,侑一
ゆういちろう,yuichirou,佑一朗,佑一郎,優一朗,優一郎,勇一朗,勇一郎,勇市朗,友一朗,友一郎,宥一郎,悠一朗,悠一郎,有一朗,有一郎,由一朗,由一郎,祐一朗,祐一郎,裕一朗,裕一郎,裕市郎,雄一朗,雄一郎,雄市郎,侑一朗,侑一郎
ゆうが,yuga,優雅,悠河
ゆうき,yuki,優樹,勇喜,勇気,勇輝,勇樹,友喜,友輝,悠器,悠樹,祐喜,祐樹,裕貴,裕樹,雄器,雄基,雄気,雄貴,雄輝,雄樹,侑樹
ゆうきち,yukichi,優吉,勇吉,友吉,有吉,祐吉,裕吉,雄吉
ゆうきゅう,yukyu,悠久
ゆうご,yugo,佑吾,佑悟,優吾,勇伍,勇吾,友吾,友悟,友梧,悠伍,悠吾,悠悟,有悟,祐伍,祐吾,祐悟,裕吾,裕悟,雄吾,雄悟
ゆうごう,yugou,裕郷
ゆうごろう,yugorou,祐吾郎
ゆうさく,yusaku,佑作,佑策,優作,優策,勇作,友作,友策,悠作,悠朔,悠策,有作,有策,祐左久,祐作,祐策,裕作,裕策,雄作,雄策,侑作
ゆうざぶろう,yuzaburou,優三郎,勇三郎,祐三朗,祐三郎,裕三郎,雄三郎
ゆうざん,yuzan,雄山
ゆうし,yushi,佑志,佑至,優士,優志,優至,勇司,勇士,友士,友志,悠史,悠志,悠至,憂士,有史,有志,湧志,祐史,祐嗣,祐士,祐志,祐之,裕司,裕史,裕士,裕志,裕至,雄史,雄士,雄志,侑史,侑士
ゆうしろう,yushirou,勇四郎,勇士郎,勇志郎,有史郎,祐史郎,祐志郎,裕志朗,雄史郎
ゆうじ,yuji,佑次,佑治,佑二,優司,優児,優次,優治,優二,優冶,勇司,勇児,勇次,勇治,勇二,友児,友次,友治,友二,悠司,悠児,悠次,悠治,悠自,悠二,有児,有次,有治,有二,由児,由次,由治,由二,祐司,祐史,祐志,祐児,祐次,祐滋,祐治,祐二,裕司,裕史,裕士,裕児,裕慈,裕次,裕治,裕二,遊児,雄司,雄至,雄児,雄慈,雄次,雄治,雄二,侑治,侑二,侑冶
ゆうじろう,yujirou,佑次郎,佑二郎,優次郎,優二郎,勇次郎,勇治郎,勇二郎,友次郎,友仁朗,悠次郎,悠二朗,悠二郎,憂二郎,有二郎,由二朗,祐司郎,祐次朗,祐次郎,祐治郎,祐二朗,祐二郎,裕史郎,裕士郎,裕次朗,裕次郎,裕二朗,裕二郎,雄司郎,雄次朗,雄次郎,雄治郎,雄仁郎,雄二朗,雄二郎,夕次郎,侑仁郎,侑二郎
ゆうすけ,yusuke,右介,右典,右輔,結介,諭佑,唯介,佑允,佑介,佑資,佑助,佑典,佑輔,佑亮,優介,優助,優典,優輔,優佑,優祐,優亮,勇介,勇佐,勇助,勇典,勇輔,勇佑,勇祐,勇翼,勇亮,友介,友資,友助,友典,友輔,友佑,友祐,友亮,宥典,宥輔,幽助,悠右,悠介,悠助,悠丞,悠輔,悠佑,悠祐,悠亮,憂介,憂輔,有介,有佐,有資,有補,有輔,有佑,有祐,有亮,湧介,湧祐,由介,由佐,由将,由輔,由佑,由祐,祐允,祐介,祐佐,祐左,祐助,祐昌,祐丞,祐典,祐督,祐輔,祐亮,裕介,裕左,裕資,裕助,裕将,裕典,裕督,裕輔,裕佑,裕祐,裕亮,遊介,雄介,雄助,雄典,雄輔,雄佑,雄祐,雄裕,雄亮,融介,夕介,夕助,夕輔,侑介,侑資,侑典,侑輔,侑佑,侑祐,侑亮
ゆうせい,yusei,雄星,雄正,雄生,雄誠,侑星,侑生
ゆうそう,yusou,勇壮
ゆうぞう,yuzou,優三,優蔵,勇三,勇蔵,勇造,友造,悠三,悠蔵,悠造,有三,有蔵,有造,由右三,祐三,祐壮,祐蔵,祐造,裕三,裕蔵,雄三,雄蔵,雄造
ゆうた,yuta,佑太,佑大,優太,優汰,勇太,友太,悠太,悠大,有太,湧太,由宇太,由太,祐太,祐汰,祐大,裕太,裕大,遊太,雄太,雄大,雄佑太,融太,侑太,侑汰,侑大,脩太
ゆうたつ,yutatsu,雄達
ゆうたろう,yutarou,佑太朗,佑太郎,優多郎,優太朗,優太郎,勇太朗,勇太郎,友太朗,友太郎,悠太朗,悠太郎,有太朗,有太郎,由太郎,祐太朗,祐太郎,裕多郎,裕太朗,裕太郎,裕大朗,遊太郎,雄太朗,雄太郎,雄大朗,雄大郎,侑太郎
ゆうだい,yudai,優大,勇大,悠大,湧大,裕大,雄大,侑大
ゆうち,yuchi,悠地,雄地
ゆうてつ,yutetsu,有哲,優徹,優鉄,優哲
ゆうと,yuto,結人,佑人,佑斗,佑都,優人,優仁,優斗,優都,勇人,勇仁,勇斗,友人,友斗,悠人,悠仁,悠斗,悠都,憂人,憂斗,有人,有斗,湧人,祐人,祐仁,祐斗,裕人,裕斗,雄人,雄仁,雄図,雄斗,侑人,侑徒,侑斗,侑土
ゆうのしん,yunoshin,勇之進
ゆうのすけ,yunosuke,佑之介,佑之輔,優之介,勇之介,祐之介,祐之助,祐之輔,裕之介,雄之介,雄之助,雄之輔,侑之介
ゆうはちろう,yuhachirou,勇八郎
ゆうひ,yuhi,雄飛
ゆうひこ,yuhiko,夕彦
ゆうへい,yuhei,勇平,悠平,湧平,祐平,雄平
ゆうほう,yuhou,雄峰
ゆうま,yuma,結磨,佑馬,佑磨,佑麿,優馬,優磨,勇馬,勇磨,勇麿,友馬,友磨,悠真,悠馬,悠磨,悠麿,有磨,由馬,由磨,祐馬,祐磨,裕馬,裕磨,遊馬,雄真,雄馬,雄磨,雄麻,侑麻
ゆうや,yuya,佑哉,佑也,佑弥,優哉,優也,優弥,勇哉,勇也,勇弥,勇矢,勇和,友哉,友也,友耶,友弥,宥哉,悠哉,悠也,悠耶,悠弥,悠矢,憂矢,有哉,有也,有弥,有矢,湧也,湧耶,由哉,由也,由弥,祐哉,祐八,祐也,祐耶,祐弥,祐矢,裕哉,裕也,裕耶,裕弥,裕矢,裕彌,遊也,遊耶,遊野,遊弥,遊矢,雄哉,雄也,雄耶,雄弥,雄矢,融也,夕雅,夕也,夕夜,侑哉,侑也,侑耶,侑弥,侑矢,脩也
ゆきお,yukio,幸紀男,幸生,幸男,幸夫,幸雄,行生,行男,行夫,行雄,征生,征男,征夫,征雄,征郎,雪男,雪夫,雪雄,友紀夫,友紀雄,悠紀夫,悠起雄,有希夫,有紀男,有紀夫,由紀生,由紀男,由紀夫,由紀雄,由記夫,由起夫,由樹雄,祐紀夫,夕紀夫,夕起夫
ゆきかつ,yukikatsu,幸克
ゆきさだ,yukisada,幸貞,行貞
ゆきしげ,yukishige,幸重,幸成,幸繁,幸茂,行繁
ゆきじ,yukiji,友紀路
ゆきたか,yukitaka,幸貴,幸孝,幸高,幸峻,幸尊,幸隆,行貴,行孝,行隆
ゆきたけ,yukitake,幸剛,幸丈
ゆきただ,yukitada,幸忠
ゆきたろう,yukitarou,雪太郎
ゆきち,yukichi,諭吉
ゆきちか,yukichika,幸親,行親
ゆきつぎ,yukitsugi,幸嗣
ゆきつぐ,yukitsugu,幸胤,幸嗣,幸次,征嗣
ゆきてる,yukiteru,幸輝,幸照,行輝,行晃
ゆきと,yukito,往人,幸人,幸斗,幸登,行人,行登,悠紀斗
ゆきとし,yukitoshi,幸寿,幸俊,幸敏,幸稔,幸利,行俊,至利,由紀敏
ゆきとも,yukitomo,幸智
ゆきとよ,yukitoyo,幸豊
ゆきとら,yukitora,幸虎
ゆきなお,yukinao,幸尚,幸直,行直
ゆきなが,yukinaga,幸永,幸長
ゆきのしん,yukinoshin,幸之進
ゆきのぶ,yukinobu,幸伸,幸信,幸宣,行伸,行信,行宣
ゆきのり,yukinori,幸紀,幸規,幸教,幸訓,幸憲,幸則,幸典,幸徳,行則,行徳,志典,征則,征典
ゆきはる,yukiharu,幸治,幸春,幸晴,行治,行春,征治
ゆきひこ,yukihiko,幸彦,行彦,征彦,雪彦,裕紀彦,裕樹彦
ゆきひさ,yukihisa,幸久,行久,征久
ゆきひで,yukihide,幸英,幸秀,行秀,征秀
ゆきひと,yukihito,幸人,幸仁,行人,行仁,征人
ゆきひろ,yukihiro,幸寛,幸啓,幸宏,幸広,幸弘,幸浩,幸尋,幸博,幸裕,幸洋,行寛,行啓,行宏,行広,行弘,行浩,行紘,行尋,行博,行裕,行洋,征寛,征宏,征広,征弘,征浩,征紘,征大,征裕,征洋,雪宏,雪浩,雪尋,雪裕
ゆきふみ,yukifumi,幸史,幸文,行史,行文
ゆきほ,yukiho,征帆
ゆきまさ,yukimasa,幸雅,幸将,幸昌,幸真,幸政,幸正,行雅,行将,行昌,行真,行政,行正,雪正
ゆきまる,yukimaru,雪丸
ゆきまろ,yukimaro,行麿
ゆきみち,yukimichi,幸通,幸道
ゆきみつ,yukimitsu,幸光,幸充,幸満,行満
ゆきむね,yukimune,征宗
ゆきもと,yukimoto,幸基,幸元,行基
ゆきもり,yukimori,幸盛,行盛
ゆきや,yukiya,幸哉,幸八,幸也,幸弥,行也,征哉,征也,征矢,雪矢,優希也,友紀也,悠記也,有毅也,有記哉,有貴也,由起也,由樹也
ゆきやす,yukiyasu,幸安,幸恭,幸康,幸泰,幸保,幸靖,行安,行恭,行康,行泰,征靖
ゆきよし,yukiyoshi,幸佳,幸義,幸吉,幸好,幸善,幸芳,幸由,幸良,行慶,行善
ゆずる,yuzuru,謙,穣,譲,讓
ゆたか,yutaka,穣,豊,優多彼,裕
ゆづる,yuzuru,穣,譲,禅,唯弦
ゆみひこ,yumihiko,弓彦
ゆめき,yumeki,夢記
ゆめじ,yumeji,夢至,夢二
ゆめたか,yumetaka,夢隆
ゆめと,yumeto,夢人
ゆめなり,yumenari,夢就
ゆめのすけ,yumenosuke,夢之介
ゆめはる,yumeharu,夢春
ゆめひこ,yumehiko,夢彦
ゆめひと,yumehito,夢人,夢仁
ゆめひろ,yumehiro,夢紘,夢大
ゆりのすけ,yurinosuke,百合之介
よいち,yoichi,世一,与一,誉一
よいちろう,yoichirou,世一郎
よう,you,鷹,容,庸,揚,曜,洋,耀,要,遥,陽,曄
よういち,youichi,鷹一,暢一,容一,容逸,庸一,庸市,揚一,曜一,曜市,洋一,洋壱,洋市,羊一,羊市,耀一,葉一,蓉一,要一,謡一,遥一,陽一,陽市,養一,養市
よういちろう,youichirou,鷹一郎,暢一郎,容一郎,庸一朗,庸一郎,曜一郎,洋一朗,洋一郎,洋市郎,用一郎,羊一郎,耀一朗,葉一郎,要一郎,遥一朗,陽一朗,陽一郎,瑶一郎
ようきち,youkichi,洋吉,陽吉
ようく,youku,陽来
ようこう,youkou,洋孝,洋行,陽孝,陽康,陽耕
ようさく,yousaku,容作,洋策,陽作,陽策
ようざぶろう,youzaburou,洋三郎,陽三郎
ようしち,youshichi,洋七
ようしちろう,youshichirou,洋七郎
ようしろう,youshirou,陽士郎,瑶志郎
ようじ,youji,庸司,庸治,庸二,揚二,曜司,洋司,洋児,洋次,洋治,洋二,羊二,耀司,要次,要治,要二,要路,陽司,陽児,陽次,陽治,陽示,陽仁,陽二,陽路,養二
ようじゅうろう,youjurou,洋十郎
ようじろう,youjirou,祥治郎,容二郎,庸次郎,洋次朗,洋次郎,洋治郎,洋二朗,洋二郎,羊二郎,葉二郎,要次郎,要二郎,陽司郎,陽士朗,陽志郎,陽児郎,陽次朗,陽次郎,陽治朗,陽二朗,陽二郎
ようすい,yousui,陽水
ようすけ,yousuke,鷹介,躍介,容介,容典,容輔,容祐,庸介,庸輔,庸佑,庸祐,庸亮,揚介,曜介,曜典,曜輔,洋介,洋助,洋輔,洋祐,羊介,耀介,葉介,要介,要助,要輔,要祐,要亮,遥介,陽介,陽資,陽助,陽典,陽輔,陽祐,燿介,瑶介
ようせい,yousei,揚正,洋成,洋晴,洋生,陽世,陽成,陽星,陽生,陽斉
ようぞう,youzou,容三,庸三,庸造,揚三,洋三,洋蔵,洋造,要三,要蔵,要造,陽三,陽蔵,陽造
ようた,youta,庸太,揚太,洋太,耀太,遥太,陽太,瑶太
ようたろう,youtarou,容太郎,洋太朗,洋太郎,要太郎,遥太郎,陽太朗,陽太郎
ようてつ,youtetsu,洋哲
ようにい,youni,陽新
ようのすけ,younosuke,庸之介,洋之介,洋之輔,陽之介,陽之助,陽之輔,陽之亮
ようはち,youhachi,洋八
ようへい,youhei,鷹平,容平,庸平,揚平,曜平,洋兵,洋平,耀平,要平,遥平,陽兵,陽平
よくと,yokuto,翼人
よくへい,yokuhei,翼平
よしあき,yoshiaki,佳暁,佳顕,佳晃,佳秋,佳昭,佳章,佳明,佳陽,佳亮,佳朗,嘉顕,嘉晃,嘉秋,嘉彰,嘉昭,嘉章,嘉明,嘉陽,喜晃,喜彰,喜昭,喜章,喜明,貴亮,義顕,義晃,義秋,義彰,義昭,義晶,義祥,義章,義明,吉晃,吉秋,吉昭,吉晶,吉祥,吉章,吉彬,吉明,吉亮,吉朗,慶顕,慶晃,慶秋,慶彰,慶昭,慶章,慶哲,慶明,好晃,好秋,好彰,好昭,好晶,好章,好哲,好明,好陽,好亮,祥顕,祥晃,祥昭,祥晶,祥章,善瑛,善輝,善郷,善啓,善晃,善秋,善彰,善昭,善晶,善章,善哲,善彬,善明,善亮,哲章,芳輝,芳啓,芳晃,芳秋,芳彰,芳昭,芳章,芳明,芳亮,芳朗,良顕,良光,良晃,良秋,良彰,良昭,良晶,良章,良明,良亮
よしあつ,yoshiatsu,義厚,義淳,義篤,義敦,善厚,美篤,芳篤
よしいえ,yoshie,義家,圭家
よしいち,yoshichi,嘉一,義一,芳一
よしいちろう,yoshichirou,義一朗,義一郎,吉一郎,善一郎,芳一郎
よしお,yoshio,悦夫,佳生,佳男,佳夫,佳雄,嘉生,嘉男,嘉夫,嘉雄,喜生,喜男,喜夫,喜雄,義士夫,義志男,義男,義夫,義雄,義郎,吉生,吉男,吉夫,吉雄,慶夫,慶雄,好男,好夫,好雄,淑男,淑夫,祥生,祥男,祥夫,祥雄,善男,善夫,善雄,善郎,禎夫,禎雄,美男,美夫,美雄,芳生,芳男,芳夫,芳雄,芳郎,由男,由夫,由雄,誉士夫,誉士雄,誉志夫,良男,良夫,良雄
よしおき,yoshioki,義興,芳興
よしおみ,yoshiomi,嘉臣,義臣,祥臣,善臣,芳臣,良臣
よしかげ,yoshikage,喜景,義景,圭景,由景
よしかず,yoshikazu,佳一,佳数,佳和,可員,嘉一,嘉計,嘉数,嘉和,喜一,喜和,義一,義員,義和,吉一,吉和,慶一,慶和,好一,好和,善一,善数,善和,美一,美和,芳一,芳数,芳和,由一,由数,由量,由和,良一,良員,良和
よしかた,yoshikata,喜方,善容,良賢,良方
よしかつ,yoshikatsu,佳活,佳克,嘉克,嘉勝,喜克,喜勝,義且,義克,義勝,吉且,吉克,吉勝,好且,好克,好勝,善克,善勝,能克,美克,美勝,芳克,芳勝,由克,由勝,良且,良克,良勝
よしかづ,yoshikazu,佳克,嘉一,嘉和
よしかど,yoshikado,佳門,嘉門,義門,吉門,良門
よしかね,yoshikane,嘉兼,義兼,吉兼,好兼,善兼
よしき,yoshiki,嘉毅,嘉紀,嘉規,嘉輝,嘉樹,喜紀,喜規,喜貴,喜樹,喜生,貴紀,貴樹,貴生,義喜,義基,義希,義規,義貴,義起,義輝,義樹,義城,吉喜,吉毅,吉規,吉貴,吉輝,吉騎,吉樹,慶輝,慶樹,好貴,好輝,祥喜,祥希,祥毅,祥紀,祥輝,祥樹,祥城,新輝,善喜,善紀,善規,善貴,善起,善輝,善樹,善生,芳喜,芳揮,芳季,芳紀,芳貴,芳輝,芳樹,由喜,由揮,由季,由規,由記,由貴,由起,由輝,由騎,由樹,与志希,与志貴,与志来,誉志希,誉志樹,良喜,良基,良希,良毅,良季,良紀,良規,良記,良貴,良起,良軌,良輝,良樹,良生
よしきよ,yoshikiyo,佳聖,嘉清,義清,吉清,善清,良清
よしくに,yoshikuni,佳邦,嘉邦,喜国,喜邦,義訓,義国,義邦,吉国,吉邦,慶邦,好訓,好城,好邦,好國,祥訓,祥国,祥邦,善国,善邦,芳国,芳邦,由訓,良訓,良邦
よしくら,yoshikura,善蔵
よしさだ,yoshisada,嘉禎,喜貞,義貞,義定,吉貞,好貞,善定,芳貞,良定
よしさと,yoshisato,佳郷,慶悟
よしさぶろう,yoshisaburou,由三郎
よししげ,yoshishige,佳成,佳茂,嘉重,嘉成,喜重,喜成,義重,義成,義茂,吉茂,慶重,慶茂,善重,善繁,善茂,芳茂,由重,良重
よしじ,yoshiji,嘉治,喜司,喜治,義司,義次,義治,義二,吉治,吉二,慶司,好司,善司,芳次,芳治,由治,良治
よしじろう,yoshijirou,義二郎,良次郎
よしすけ,yoshisuke,佳資,嘉佑,嘉祐,喜介,義介,義典,義輔,義祐,吉祐,善佐,芳輔,由祐,良介,良資,良祐
よしずみ,yoshizumi,佳純,嘉純,義純,義澄,吉純,吉澄,圭純,克純,祥澄,芳純,由純,良純,良澄
よしぞう,yoshizou,佳三,嘉三,嘉造,賀三,喜三,喜蔵,義三,義蔵,義造,善三,善藏,美造,芳三,芳造
よしたか,yoshitaka,佳貴,佳敬,佳孝,佳高,佳崇,佳嵩,佳隆,嘉貴,嘉敬,嘉孝,嘉高,嘉崇,嘉隆,喜貴,喜敬,喜孝,喜崇,喜隆,義貴,義敬,義賢,義孝,義高,義崇,義尊,義隆,吉貴,吉敬,吉孝,吉考,吉高,吉崇,吉隆,慶貴,慶孝,慶高,慶隆,好貴,好敬,好孝,好高,好剛,好崇,好隆,淑孝,淑崇,善貴,善喬,善敬,善賢,善孝,善高,善崇,善嵩,善隆,美貴,美孝,美隆,芳貴,芳賢,芳孝,芳高,芳崇,芳嵩,芳隆,由貴,由享,由敬,由孝,由高,由崇,由嵩,由隆,良貴,良敬,良孝,良高,良剛,良崇,良隆
よしたけ,yoshitake,佳岳,佳毅,佳丈,佳武,嘉毅,嘉健,嘉剛,嘉丈,喜丈,喜武,義岳,義剛,義丈,義武,義猛,吉剛,吉丈,吉武,慶武,孝武,祥岳,祥剛,祥丈,祥武,善丈,芳毅,芳剛,芳武,由竹,由武,良健,良剛,良丈,良武
よしただ,yoshitada,佳正,佳忠,嘉忠,喜忠,義忠,義唯,吉忠,吉唯,美忠,芳忠,良匡,良淳,良忠
よしたつ,yoshitatsu,嘉辰,義達,義竜,義龍,吉辰,好龍,芳達,芳辰,芳龍,良竜,良龍
よしたね,yoshitane,嘉胤,慶胤,善胤,芳胤,良胤,良種
よしたみ,yoshitami,喜民,義民,慶民,能民,良民
よしたろう,yoshitarou,佳太郎,嘉太郎,義太朗,義太郎,吉太郎,善多朗,善太郎,美太郎,芳太朗,芳太郎
よしちか,yoshichika,佳周,佳親,喜親,義近,義周,義親,吉親,慶親,善近,善親,美親,良周,良親
よしつぐ,yoshitsugu,佳次,嘉貢,嘉嗣,嘉次,喜嗣,貴嗣,義継,義嗣,義次,吉継,吉嗣,吉次,好嗣,好次,祥継,祥嗣,祥次,善継,善嗣,善次,芳嗣,芳次,由継,由貢,由嗣,由次,良継,良貢,良嗣,良次
よしつな,yoshitsuna,吉綱
よしつね,yoshitsune,義経
よしてつ,yoshitetsu,芳徹
よしてる,yoshiteru,佳輝,佳晃,佳照,嘉輝,嘉照,喜輝,喜照,義輝,義晃,義照,吉輝,吉晃,吉照,慶輝,好輝,好晃,祥輝,祥晃,祥照,善輝,善晃,善照,芳輝,芳照,由輝,由晃,由照,良輝,良晃,良照
よしと,yoshito,佳人,佳斗,嘉人,嘉斗,嘉都,喜人,義人,義斗,義登,吉人,吉登,吉都,慶人,善人,善斗,善登,芳人,芳斗,与志人,良人,良斗,良都
よしとし,yoshitoshi,嘉俊,嘉利,喜俊,義俊,義利,吉俊,吉利,善俊,芳俊,芳敏,芳稔,良敏,良利
よしとみ,yoshitomi,嘉臣,喜臣,喜富,義臣,義富,吉臣,吉富
よしとも,yoshitomo,佳智,佳朋,佳友,嘉知,嘉智,嘉友,喜智,喜友,義知,義智,義朝,義朋,義友,吉智,吉朋,吉友,慶智,慶伴,慶朋,慶友,善智,善友,芳智,芳朋,芳友,良知,良智,良伴,良朋,良友
よしとよ,yoshitoyo,義豊,吉豊,善豊,芳豊
よしとら,yoshitora,吉虎
よしなお,yoshinao,佳尚,佳直,嘉尚,嘉直,喜直,義尚,義直,吉尚,吉直,慶尚,慶直,好尚,好直,善尚,善直,芳尚,芳直,由尚,由直,良尚,良直
よしなか,yoshinaka,嘉仲,義仲
よしなが,yoshinaga,佳長,義永,義長,慶長,祥長,善永,芳長
よしなり,yoshinari,可成,嘉成,喜成,貴就,貴成,義就,義成,吉就,吉成,慶成,善成,芳就,芳成
よしのすけ,yoshinosuke,義之介,義之助,義之佑,吉之介,吉之輔,慶之介,善之介,芳之介,由乃介,良之介
よしのぶ,yoshinobu,愛喜,佳伸,佳信,佳宣,可信,嘉延,嘉伸,嘉信,嘉宣,喜伸,喜信,義伸,義信,義宣,吉信,吉宣,慶延,慶喜,慶修,慶信,慶宣,好信,祥延,祥伸,祥宣,善延,善喜,善伸,善信,善宣,能延,能信,芳延,芳信,芳宣,良延,良修,良信,良宣
よしのり,yoshinori,佳紀,佳規,佳憲,佳則,佳典,佳徳,佳範,佳法,可典,嘉紀,嘉規,嘉教,嘉憲,嘉則,嘉典,嘉徳,嘉範,賀則,喜紀,喜規,喜記,喜教,喜憲,喜詔,喜則,喜典,喜徳,喜範,喜法,義紀,義規,義記,義教,義訓,義憲,義詔,義則,義典,義徳,義法,議範,吉紀,吉規,吉訓,吉憲,吉則,吉典,吉徳,吉範,吉法,慶紀,慶規,慶教,慶矩,慶訓,慶憲,慶則,慶典,慶徳,慶範,好紀,好規,好記,好教,好宣,好則,好典,好展,好徳,好範,好法,淑教,淑典,祥紀,祥規,祥教,祥訓,祥敬,祥憲,祥則,祥典,祥徳,祥範,祥倫,詳典,詳徳,善紀,善規,善教,善矩,善訓,善憲,善則,善典,善徳,禎紀,禎規,禎訓,禎則,禎典,禎徳,禎範,能則,能徳,芳紀,芳規,芳教,芳訓,芳憲,芳則,芳典,芳徳,芳範,芳法,良紀,良規,良教,良矩,良訓,良憲,良則,良典,良徳,良範,良法
よしはる,yoshiharu,佳治,佳春,佳晴,嘉治,嘉春,嘉晴,喜治,喜春,喜晴,義治,義春,義晴,吉治,吉春,吉晴,慶治,慶春,慶晴,好治,好春,好晴,善治,善春,善晴,芳治,芳春,芳晴,芳張,良治,良春,良晴
よしひこ,yoshihiko,愛彦,佳彦,嘉彦,喜彦,義比古,義彦,吉彦,慶彦,好彦,淑彦,祥彦,善彦,禎彦,美彦,芳彦,由彦,与志彦,誉司彦,良彦
よしひさ,yoshihisa,佳久,嘉久,嘉寿,嘉尚,喜久,義久,義寿,吉久,慶久,慶寿,善久,芳久,芳寿,良久,良寿,良尚
よしひで,yoshihide,佳英,佳秀,嘉英,嘉秀,喜英,喜秀,義英,義秀,吉栄,吉英,吉秀,慶英,慶秀,好英,好秀,祥英,祥秀,善英,善秀,禎英,禎秀,能英,能秀,芳栄,芳英,芳秀,与志英,良英,良秀
よしひと,yoshihito,佳人,佳仁,嘉人,嘉仁,喜人,喜仁,義人,義仁,吉人,吉仁,慶人,慶仁,淑人,淑仁,善人,善仁,良人,良仁
よしひら,yoshihira,義衡
よしひろ,yoshihiro,佳寛,佳啓,佳宏,佳広,佳弘,佳浩,佳博,佳祐,佳裕,佳洋,佳廣,嘉寛,嘉啓,嘉宏,嘉広,嘉弘,嘉浩,嘉紘,嘉祥,嘉大,嘉博,嘉裕,嘉容,嘉洋,嘉廣,喜寛,喜啓,喜宏,喜広,喜弘,喜浩,喜大,喜博,喜裕,喜洋,喜廣,義寛,義啓,義宏,義広,義弘,義浩,義紘,義尋,義拓,義博,義比呂,義祐,義裕,義洋,義廣,吉拡,吉寛,吉啓,吉宏,吉弘,吉浩,吉紘,吉史裕,吉大,吉博,吉裕,吉洋,慶寛,慶啓,慶宏,慶広,慶弘,慶浩,慶尋,慶大,慶拓,慶博,慶祐,慶裕,慶洋,桂寛,好拡,好寛,好啓,好宏,好広,好弘,好浩,好紘,好泰,好展,好博,好祐,好裕,好洋,好廣,祥寛,祥啓,祥宏,祥広,祥弘,祥浩,祥泰,祥大,祥博,祥裕,祥廣,善拡,善寛,善啓,善宏,善広,善弘,善浩,善尋,善大,善博,善裕,善洋,善廣,芳寛,芳啓,芳敬,芳宏,芳広,芳弘,芳浩,芳大,芳博,芳裕,芳洋,芳廣,良寛,良啓,良宏,良広,良弘,良浩,良拓,良博,良祐,良裕,良洋,良廣
よしふさ,yoshifusa,義房,慶房,良房
よしふみ,yoshifumi,嘉郁,嘉史,嘉文,喜史,喜文,義史,義文,吉史,吉文,啓史,啓文,慶史,慶文,好郁,好文,淑史,淑文,祥史,祥文,善史,善文,芳郁,芳史,芳文,与志文,良郁,良史,良文
よしふる,yoshifuru,吉古,好古
よしへい,yoshihei,嘉平,吉平
よしまさ,yoshimasa,佳雅,佳将,佳昌,佳政,佳正,可昌,嘉将,嘉昌,嘉真,嘉政,嘉正,喜昌,喜真,喜政,喜正,義勝,義将,義昌,義真,義政,義正,吉将,吉昌,吉真,吉政,吉正,慶雅,慶将,慶昌,慶真,慶政,慶正,好昌,好真,好政,好正,祥昌,祥正,善将,善昌,善政,善正,芳雅,芳匡,芳将,芳昌,芳政,良雅,良匡,良将,良昌,良真,良征,良政,良正
よします,yoshimasu,義益
よしまつ,yoshimatsu,義松,吉松,芳松
よしまる,yoshimaru,佳丸,嘉丸,義丸,吉丸,良丸
よしまろ,yoshimaro,義麿,善麿,美麿,良麿
よしみ,yoshimi,誼
よしみち,yoshimichi,佳通,佳道,佳倫,嘉通,嘉道,義通,義道,義路,義眞,吉通,吉道,吉倫,好道,善通,善道,善倫,善路,美道,芳道,由道,由倫,良通,良道,良理,良倫
よしみつ,yoshimitsu,佳光,佳充,佳満,嘉光,嘉充,嘉満,賀充,喜光,喜満,義光,義充,義満,吉光,吉充,吉満,慶光,好光,淑光,祥光,祥充,善光,善充,善満,美光,芳光,芳美津,良光,良充
よしむつ,yoshimutsu,義睦
よしむね,yoshimune,嘉宗,義宗,吉宗,慶宗,祥宗,美宗,芳宗,由宗,良宗
よしもと,yoshimoto,喜元,義基,義元,祥元,善元,良元
よしもり,yoshimori,嘉守,喜盛,義守,義盛,善守,善盛,芳守,由盛,良守,良盛
よしや,yoshiya,嘉哉,嘉也,喜哉,喜也,喜弥,喜彌,義哉,義也,義弥,義矢,義彌,吉哉,吉也,吉弥,慶也,好哉,好也,祥哉,祥也,善哉,善八,善也,善弥,芳哉,芳也,与志也,良哉,良也,良弥
よしやす,yoshiyasu,佳恭,佳康,佳泰,佳靖,嘉恭,嘉康,嘉泰,嘉保,喜康,喜泰,喜保,義恭,義康,義泰,義保,義靖,吉康,吉泰,吉保,慶安,慶泰,好康,好泰,好保,祥泰,祥保,善康,善泰,善保,善靖,能安,能康,芳康,芳泰,芳保,芳靖,由恭,由泰,由保,由靖,誉康,良恭,良康,良泰,良保
よしゆき,yoshiyuki,佳幸,佳行,佳征,佳之,嘉幸,嘉行,嘉之,賀行,快行,喜幸,喜行,喜之,義幸,義行,義征,義之,吉幸,吉行,吉之,慶幸,慶行,慶征,慶之,敬之,好幸,好行,好之,淑行,淑之,祥幸,祥行,祥之,善幸,善行,善征,善之,禎之,芳幸,芳行,芳之,由幸,由行,由之,与志幸,誉志幸,良幸,良行,良征,良之
よしより,yoshiyori,嘉順
よしろう,yoshirou,佳朗,佳郎,嘉朗,嘉郎,喜朗,喜郎,義朗,義郎,吉朗,吉郎,慶郎,好朗,好郎,淑朗,淑郎,祥朗,祥郎,善朗,善郎,美郎,芳朗,芳郎,由朗,由郎,与四郎,良朗,良郎
よつみ,yotsumi,四海
よねいちろう,yoneichirou,米一郎
よねお,yoneo,米夫
よねかず,yonekazu,米一,米和
よねかつ,yonekatsu,米勝
よねしろう,yoneshirou,米史郎
よねじ,yoneji,米次,米二
よねぞう,yonezou,米蔵
よねひこ,yonehiko,米彦
よねひろ,yonehiro,米博
よねふみ,yonefumi,米文
よのすけ,yonosuke,誉之介
よひと,yohito,世人
よへい,yohei,与平
よりあき,yoriaki,頼昭,頼明
よりあつ,yoriatsu,頼厚
よりお,yorio,順雄
よりおき,yorioki,頼興
よりかず,yorikazu,順和,頼一,頼和
よりかつ,yorikatsu,頼克,頼勝
よりき,yoriki,頼輝
よりくに,yorikuni,頼邦
よりしげ,yorishige,頼重
よりたか,yoritaka,順孝,頼敬,頼孝,頼崇,頼隆
よりちか,yorichika,頼近
よりつぎ,yoritsugi,頼二
よりつぐ,yoritsugu,順次,頼嗣,頼次
よりと,yorito,頼人
よりとし,yoritoshi,順敏
よりなが,yorinaga,頼永
よりのぶ,yorinobu,順伸,順信,頼信,頼宣
よりはる,yoriharu,頼治
よりひこ,yorihiko,依彦,順彦,頼彦
よりひさ,yorihisa,順久,順尚,頼久
よりひと,yorihito,依仁,頼人,頼仁
よりひろ,yorihiro,順弘,順博,頼宏
よりふさ,yorifusa,頼房
よりふみ,yorifumi,依史,頼史
よりまさ,yorimasa,順政,順正,頼昌,頼政,頼正
よりみち,yorimichi,順道,頼道
よりみつ,yorimitsu,頼光,頼充
よりむね,yorimune,頼宗
よりやす,yoriyasu,頼康
よりゆき,yoriyuki,順行,順之,頼幸,頼行,頼之
よりよし,yoriyoshi,自由,頼義
らい,rai,雷
らいいちろう,raichirou,雷一朗
らいく,raiku,来駆
らいご,raigo,雷吾
らいさく,raisaku,雷作
らいざぶろう,raizaburou,頼三郎
らいじ,raiji,頼司,雷司
らいじろう,raijirou,雷次郎
らいぞう,raizou,頼三,雷造
らいた,raita,頼太,雷太
らいたろう,raitarou,雷太郎
らいと,raito,月,来人,来斗
らいや,raiya,頼哉,頼也
らく,raku,楽
らん,ran,嵐,藍
らんたろう,rantarou,乱太郎
らんどう,randou,蘭童
らんのすけ,rannosuke,嵐乃介
らんぺい,rampei,蘭平
らんぽ,rampo,乱歩
らんまる,ranmaru,蘭丸
りいち,richi,利一,李一
りいちろう,richirou,利一郎,理一朗,理一郎,里一郎
りお,rio,理央
りおん,rion,理音
りき,riki,利喜,利季,利紀,利樹,吏輝,李紀,李樹,梨紀,梨輝,理記,理貴,理輝,理樹,力
りきお,rikio,利喜夫,利喜雄,力男,力夫,力雄
りきち,rikichi,理吉
りきと,rikito,力人,力斗
りきとし,rikitoshi,力俊
りきのり,rikinori,力紀
りきは,rikiha,力葉
りきまる,rikimaru,力丸
りきや,rikiya,力哉,力也,力弥
りきやす,rikiyasu,力康
りきろう,rikirou,力朗
りく,riku,陸
りくお,rikuo,陸男,陸夫,陸雄
りくた,rikuta,陸太
りくと,rikuto,陸人,陸斗,陸翔
りくへい,rikuhei,陸平
りくや,rikuya,陸也
りくろう,rikurou,陸郎
りそう,risou,理想
りたろう,ritarou,理太郎
りつお,ritsuo,利津夫,律男,律夫,律雄
りつたろう,ritsutarou,立太郎
りつと,ritsuto,律人
りつひこ,ritsuhiko,律彦
りつや,ritsuya,律哉,律也
りつろう,ritsurou,律朗,律郎
りひと,rihito,理人
りゅう,ryu,竜,龍
りゅういち,ryuichi,柳一,琉一,隆一,竜一,龍一
りゅういちろう,ryuichirou,隆一朗,隆一郎,隆市郎,竜一朗,竜一郎,龍一朗,龍一郎
りゅうきち,ryukichi,隆吉,竜吉,龍吉
りゅうご,ryugo,隆吾,隆悟,竜吾,竜悟,龍吾,龍悟
りゅうごろう,ryugorou,竜吾郎,龍五郎
りゅうさく,ryusaku,隆作,竜作,竜朔,龍作
りゅうさぶろう,ryusaburou,隆三郎
りゅうざぶろう,ryuzaburou,隆三郎,竜三郎,龍三郎
りゅうしろう,ryushirou,隆志郎,竜史郎,竜志郎,龍史朗
りゅうじ,ryuji,隆司,隆児,隆次,隆治,隆二,竜司,竜次,竜治,竜二,龍司,龍次,龍治,龍二
りゅうじろう,ryujirou,隆次郎,隆二朗,隆二郎,竜志郎,竜次郎,竜二郎,龍次郎,龍治朗,龍二郎
りゅうすけ,ryusuke,隆介,隆助,隆輔,竜介,竜助,竜輔,竜亮,龍介,龍助,龍輔,龍佑
りゅうぞう,ryuzou,隆三,隆蔵,隆造,竜三,竜蔵,竜造,龍三,龍蔵
りゅうた,ryuta,琉太,隆太,竜太,龍太
りゅうたろう,ryutarou,柳太郎,立太郎,隆太朗,隆太郎,隆大朗,竜太朗,竜太郎,龍太朗,龍太郎
りゅうと,ryuto,竜人,竜斗,竜登
りゅうのしん,ryunoshin,竜之進
りゅうのすけ,ryunosuke,柳之助,隆之介,隆之助,竜乃介,竜之介,竜之助,竜之輔,竜之佑,龍ノ介,龍之介,龍之助,龍之輔,龍之佑
りゅうへい,ryuhei,竜兵,竜平,龍兵,龍平
りゅうほう,ryuhou,流芳
りゅうま,ryuma,竜馬,瑠真,龍真
りゅうや,ryuya,隆也,隆弥,竜也,竜弥,竜矢,龍哉,龍也,龍弥
りょう,ryou,亨,享,亮,涼,瞭,稜,諒,遼,陵,怜,燎
りょういち,ryouichi,亨一,亮一,亮市,僚一,涼一,良一,良市,諒一,遼一,量一,量壱,陵一,領一,令一,嶺一,怜一
りょういちろう,ryouichirou,龍一郎,亮一朗,亮一郎,僚一郎,凌一郎,良一朗,良一郎,陵一郎,領一郎,崚一郎
りょうか,ryouka,涼火
りょうが,ryouga,遼河
りょうき,ryouki,亮毅,亮樹,良喜,良紀,良規,良記,良輝,良樹,量輝
りょうきち,ryoukichi,了吉,亮吉,涼吉,良吉
りょうご,ryougo,龍吾,了悟,亮吾,亮悟,涼吾,良吾,諒悟,遼吾,陵悟,領吾
りょうさぶろう,ryousaburou,了三郎
りょうざぶろう,ryouzaburou,亮三朗,亮三郎,良三郎
りょうしろう,ryoushirou,良四郎
りょうじ,ryouji,綾二,亨司,亨治,亨二,享治,竜志,竜次,竜治,竜二,龍治,龍二,了治,亮児,亮次,亮治,亮二,亮路,僚二,両二,凌司,凌史,凌二,涼司,涼士,涼志,涼次,涼二,稜児,稜二,糧司,良司,良児,良慈,良次,良治,良爾,良二,諒司,諒児,諒次,諒治,諒二,遼司,遼史,遼志,遼治,遼二,遼路,量司,量治,陵司,陵史,陵治,陵二,領次,領治,領二,嶺治,怜治
りょうじゅうろう,ryoujurou,良十郎
りょうじろう,ryoujirou,亮二朗,亮二郎,涼治朗,良二郎,諒二郎
りょうすけ,ryousuke,綾介,綾輔,綾佑,綾祐,綾亮,亨介,椋介,竜介,竜佐,竜輔,竜佑,竜祐,龍介,龍助,龍典,龍輔,龍佑,龍祐,龍亮,了介,了輔,了佑,亮介,亮佐,亮助,亮将,亮典,亮輔,亮佑,亮祐,亮裕,僚介,僚祐,僚亮,両介,両助,凌介,凌佑,涼介,涼補,涼輔,涼佑,涼祐,涼裕,涼亮,瞭介,稜介,稜亮,稜涼,良介,良恭,良助,良将,良昌,良丞,良相,良典,良輔,良佑,良祐,諒介,諒助,諒輔,諒佑,諒祐,遼介,遼助,遼佑,遼祐,量介,量祐,陵右,陵介,陵佑,領介,領亮,令介,嶺介,怜介,怜典,怜輔,怜佑,怜亮,玲輔,玲亮,崚介
りょうせい,ryousei,涼世
りょうぞう,ryouzou,亮三,亮蔵,涼造,良三,良蔵,良造
りょうた,ryouta,綾太,亨太,享大,椋太,了太,亮太,亮汰,亮大,僚太,僚汰,僚大,両太,凌太,凌汰,凌大,涼太,涼汰,涼大,瞭太,瞭汰,稜太,稜汰,稜大,良太,良汰,良大,諒太,諒汰,諒大,遼太,遼大,量太,量大,陵太,陵汰,領太,嶺多,嶺太,怜太,玲太
りょうたろう,ryoutarou,了太郎,僚太郎,凌太郎,涼太郎,良太朗,良太郎,諒太朗,諒太郎,遼多郎,遼太朗,遼太郎,陵太郎,領太郎
りょうと,ryouto,亮人,涼人,遼人,崚人,崚登
りょうのすけ,ryounosuke,亮之介,亮之輔,良之介,良之輔,遼之介
りょうへい,ryouhei,綾兵,綾平,亨平,了平,亮兵,亮平,僚平,凌平,涼平,瞭平,稜平,糧平,良平,良柄,諒兵,諒平,諒陛,遼平,量平,陵平,領兵,領平,怜平,崚平,燎平
りょうま,ryouma,竜真,竜馬,龍馬,龍磨,亮真,亮馬,亮摩,亮磨,僚真,僚馬,涼真,涼馬,涼磨,稜真,稜馬,良真,良馬,良摩,良磨,諒真,諒磨,遼真,遼馬,陵真,陵馬,領馬,令馬,怜馬
りょうや,ryouya,椋矢,了也,亮哉,亮八,亮也,亮弥,僚也,僚矢,凌也,涼也,稜也,良哉,良弥,諒也,諒弥,遼也,遼矢,量也,怜也,玲哉,玲也,燎野
りん,rin,麟
りんいち,rinichi,倫一
りんさく,rinsaku,倫作
りんじろう,rinjirou,林二朗
りんぞう,rinzou,林蔵,凛像
りんた,rinta,凛太,凜太
りんたろう,rintarou,彬太郎,倫太朗,倫太郎,林太朗,林太郎,琳汰朗,臨太郎,輪太郎,麟太郎,凛太朗,凛太郎,凜太朗,凜太郎
りんのすけ,rinnosuke,倫之介,凛之祐
りんぺい,rimpei,倫平,凜平
りんや,rinya,凛也
るい,rui,塁,類,瑠偉
るそう,rusou,留壮
れい,rei,令,伶,怜,玲,礼,零,黎
れいいち,reichi,伶一,嶺一,怜一,玲一,礼一
れいいちろう,reichirou,令一郎,玲一郎,礼一郎
れいご,reigo,礼吾,礼悟
れいし,reishi,怜史,怜士,怜思,玲史,玲士,礼史,礼士,礼志,黎志
れいじ,reiji,令司,令児,嶺志,怜司,怜史,怜児,怜治,怜二,玲司,玲至,玲児,玲次,玲爾,玲二,礼司,礼児,礼慈,礼次,礼治,礼二,隷二,零士,麗次,麗二,黎児
れいじろう,reijirou,令次郎,玲二郎,礼次郎,礼二郎
れいすけ,reisuke,玲介,礼介,礼資,礼輔,礼佑
れいた,reita,麗太
れいと,reito,伶人,怜斗,麗斗
れいのすけ,reinosuke,麗之助,黎之輔
れいめい,reimei,黎明
れいや,reiya,怜也,玲哉,玲也
れお,reo,怜央,怜桜,玲於
れおん,reon,玲遠,玲音
れき,reki,歴
れつ,retsu,烈
れつし,retsushi,烈士
れん,ren,漣,蓮,連,錬
れんいち,renichi,廉一,練一,錬一
れんじ,renji,廉司,廉士,練治,練二,蓮治,錬治,錬二
れんじろう,renjirou,恋次郎,練二郎,連次郎
れんすけ,rensuke,廉介
れんぞう,renzou,錬三
れんた,renta,廉太,蓮太
れんたろう,rentarou,廉太朗,廉太郎,練太朗,練太郎,蓮太郎,連太郎,錬太郎
れんどう,rendou,連童
れんぺい,rempei,廉平,練平,錬平
れんや,renya,蓮矢
ろう,rou,朗
ろうま,rouma,浪馬
ろくすけ,rokusuke,六介,六輔
ろくのすけ,rokunosuke,緑之助
ろくろう,rokurou,六久郎,六朗,六郎
ろだん,rodan,蕗弾
ろん,ron,論
ろんど,rondo,論人,論土
わいち,waichi,輪一,和一,和市
わいちろう,waichirou,和一朗,和一郎
わかお,wakao,和可夫
わかぎ,wakagi,若木
わかじ,wakaji,若二
わかと,wakato,稚人
わさぶろう,wasaburou,和三郎
わたし,watashi,渡志
わたる,wataru,恒,航,渉,渡,亘
わたろう,watarou,和太郎
わへい,wahei,和平
ああや,aaya,亜彩,愛綾
あい,ai,亜以,亜伊,亜位,亜依,亜委,亜惟,亜維,亜緯,亜衣,亜井,亜言,亜生,亜妃,亜比,亜姫,亜唯,阿以,阿伊,阿依,愛,愛以,愛依,愛惟,愛維,愛衣,愛井,愛郁,愛華,愛彩,愛生,愛乃,愛姫,愛唯,逢,逢衣,葵,茜依,安以,安依,安威,安惟,安衣,安斐,杏依,杏維,杏衣,英,会依,絵衣,彩依,彩惟,彩衣,相,相衣,歩依,歩惟,歩唯,麻衣,明生,有以,藍,藍衣,和,亞以,曖
あいあ,aia,愛亜
あいか,aika,亜依架,亜衣佳,亜衣加,亜衣花,亜衣霞,亜衣香,愛佳,愛加,愛可,愛嘉,愛夏,愛果,愛架,愛歌,愛河,愛花,愛華,愛霞,愛賀,愛雅,愛桂,愛堅,愛香,愛鹿,愛秋,愛日,愛翔,葵香,鮎華,合香,秋華,秋香,秋鹿,藍佳,藍加,藍夏,藍果,藍歌,藍花,藍華,藍海,藍香,和夏,和香,和生佳
あいが,aiga,愛香
あいき,aiki,愛喜,愛器,愛希,愛季,愛紀,愛貴,愛樹,愛生,愛姫,愛來,藍希
あいこ,aiko,亜以子,亜伊子,亜位子,亜依子,亜囲子,亜委子,亜意子,亜為子,亜維子,亜衣子,亜育子,亜子,亜生子,阿以子,阿委子,阿維子,阿衣子,愛依子,愛衣子,愛湖,愛香,愛子,葵子,綾衣子,綾似子,安以子,安伊子,安衣子,安井子,按比子,会衣子,会子,絵子,合位子,合子,慈子,朱衣子,想子,相子,文以子,麻依子,麻衣子,明位子,明維子,明居子,明生子,憂子,有伊子,有衣子,藍子,露草子,和子,亞衣子,藹子,靄子
あいさ,aisa,亜依沙,亜衣紗,愛佐,愛左,愛沙,愛砂,愛咲,愛紗,愛里,心紗,舞子,藍沙,藍紗
あいざくら,aizakura,愛櫻
あいしゃ,aisha,愛紗
あいじゅ,aiju,愛珠,愛樹
あいじゅん,aijun,愛順
あいず,aizu,愛受
あいせき,aiseki,愛石
あいな,aina,亜衣菜,亜衣奈,愛菜,愛奈,愛那,愛名,相奈,藍夏,藍奈
あいね,aine,愛音,合音
あいの,aino,愛乃,間乃
あいは,aiha,愛葉
あいひ,aihi,愛妃
あいび,aibi,藍美
あいへい,aihei,愛平
あいみ,aimi,亜以美,亜依見,亜依美,亜衣実,亜衣美,亜衣未,愛衣美,愛海,愛規,愛弓,愛見,愛己,愛史,愛実,愛珠,愛深,愛水,愛都,愛美,愛文,愛望,愛味,愛未,愛巳,愛民,愛弥,合美,相美,藍海,藍実,藍水,藍美,藍未,藍巳,和以実,和生
あいむ,aimu,愛夢
あいめ,aime,愛女
あいら,aira,亜依良,亜衣良,愛等,愛良,愛來,合良,藍良,曖良
あいり,airi,亜以里,亜伊梨,亜依里,亜依莉,亜衣理,亜衣璃,亜衣里,亜衣莉,愛衣莉,愛浬,愛鯉,愛似里,愛哩,愛利,愛吏,愛李,愛梨,愛理,愛璃,愛里,愛琳,愛鈴,愛麗,愛莉,安伊里,安依里,安衣里,杏衣里,雅衣里,彩衣里,相里,有惟理,有衣梨,有里,藍利,藍梨,藍理,藍璃,藍里,藍莉
あいりん,airin,愛玲,愛鈴
あいる,airu,愛留,愛瑠
あいろう,airou,愛郎
あえ,ae,亜依,亜栄,亜英,亜恵,亜枝,愛恵
あえか,aeka,亜恵香
あえこ,aeko,亜栄子,阿恵子
あえり,aeri,愛英里
あお,ao,亜生
あおい,aoi,亜央衣,亜黄衣,亜桜衣,亜緒,亜緒衣,亜生,愛生,葵,葵以,葵依,葵衣,葵郁,仰生,吾生衣,青,青依,青衣,青育,青空,青芸,青比,蒼,蒼依,蒼衣,蒼生,碧,碧以,碧伊,碧依,碧惟,碧衣,碧音,有生,藍衣,藍結,藍生,緑生
あおうみ,aoumi,碧海
あおえ,aoe,安生恵,青恵
あおか,aoka,青霞
あおき,aoki,青紀
あおぎ,aogi,亜荻
あおこ,aoko,青子,碧子
あおさ,aosa,青沙,碧沙
あおな,aona,青菜,青那
あおの,aono,紺乃,蒼乃
あおば,aoba,亜緒葉,葵葉,青葉,蒼波,碧羽,碧波,碧葉,緑葉
あおひ,aohi,碧陽
あおみ,aomi,亜央美,亜生美,青海,青美,蒼海,碧海,碧美,藍海
あおり,aori,青理,青里,碧利
あかえ,akae,亜佳恵,朱絵,朱恵,朱江,珠愛,赤絵
あかき,akaki,朱生
あかこ,akako,亜可子,亜香子,安希子,紅子,紹子
あかし,akashi,亜佳枝,紅,紅紫,朱,晶,燈,明糸
あかせ,akase,朱世
あかつ,akatsu,暁
あかつき,akatsuki,暁,暁輝
あかな,akana,愛佳菜,彩加奈,赤菜,明香奈,明菜,明奈
あかね,akane,亜何音,亜佳音,亜佳根,亜佳子,亜佳峰,亜佳弥,亜加音,亜加根,亜加子,亜可音,亜可根,亜嘉子,亜果音,亜花音,亜華音,亜華根,亜華子,亜光,亜香音,亜香根,亜香子,亜周,亜鐘,愛茜,愛花音,愛鐘,茜,茜衣,茜音,茜恵,茜子,茜草,安佳音,安佳根,安香音,暁音,暁子,暁鐘,光音,紅,紅音,紅根,紅姉,紅子,彩音,彩錦,朱,朱宇,朱音,朱嘉峰,朱夏音,朱雅子,朱香音,朱根,朱子,朱苗,朱峰,珠子,秋音,丹音,緋音,麻華音,明音,明佳音,明加根,明夏音,明花音,明香音,明香峰,明子,明鐘,明弥,有香音,藍香根,和詠
あかの,akano,丹乃
あかひこ,akahiko,朱日子
あかほ,akaho,赤穂
あかみ,akami,赤見
あかよ,akayo,晶代
あかり,akari,亜佳利,亜佳李,亜佳理,亜佳里,亜佳涼,亜佳莉,亜加利,亜加吏,亜加梨,亜加理,亜加里,亜加莉,亜可理,亜夏利,亜科理,亜花梨,亜花理,亜花里,亜華利,亜華理,亜華里,亜雁,亜香衣,亜香利,亜香理,亜香璃,亜香里,亜香莉,阿佳里,阿加里,阿華理,阿香里,愛佳理,愛花里,愛香理,愛美,茜梨,茜里,安佳里,安佳莉,安加里,安花利,安華里,安賀里,安香理,安香里,杏果,杏果梨,華利,暁理,暁里,暁莉,光,紅,紅里,彩,彩佳理,彩里,朱,朱花梨,朱織,朱利,朱李,朱梨,朱理,朱璃,朱里,朱鈴,朱莉,珠里,星,暖里,朝日里,灯,灯里,燈,緋里,麻香里,明,明佳里,明加理,明果梨,明花里,明香利,明香理,明香里,明日理,明日里,明陽,明利,明李,明梨,明理,明里,明莉,有加利,有加里,祐佳里,曜,陽
あかる,akaru,明瑠
あがさ,agasa,亜賀沙,亜賀紗,亜雅沙,亜雅紗,朱草
あき,aki,亜葵,亜杏,亜企,亜喜,亜基,亜岐,亜希,亜机,亜旗,亜祈,亜季,亜稀,亜紀,亜規,亜記,亜貴,亜起,亜輝,亜丘,亜琴,亜芸,亜絹,亜己,亜哉,亜埼,亜支,亜樹,亜章,亜城,亜生,亜妃,亜姫,亜木,亜来,阿喜,阿希,阿季,阿紀,阿貴,阿甲,阿木,阿来,愛喜,愛希,愛祈,愛季,愛稀,愛紀,愛規,愛記,愛貴,愛起,愛樹,愛生,愛姫,愛木,愛来,葵紀,茜季,絢乙,綾希,綾紀,安喜,安基,安岐,安希,安幾,安季,安紀,安規,安記,安貴,安起,安輝,安騎,安芸,安樹,安生,安妃,安姫,安藝,杏祈,杏季,杏紀,杏京,杏樹,杏妃,映,瑛,瑛希,英,英希,温紀,華,雅喜,雅紀,暁,暁紀,暁生,慧,顕,吾季,光,光希,光紀,昂,晃,晃希,晃貴,晃輝,彩,彩葵,彩希,彩季,彩紀,彩起,彩更,彩生,朱,朱希,朱季,朱紀,朱記,朱貴,秀映,秋,淳,彰,彰記,昌,昌紀,昭,昭希,晶,晶紀,晶貴,晶姫,照,祥,章,章岐,章希,章起,紹,精,相紀,聡,丹,朝輝,天紀,天貴,天樹,日貴,彬,蕗稀,文希,碧紀,歩希,歩樹,麻希,麻紀,明,明喜,明岐,明希,明季,明紀,明記,明貴,明起,明珠,明樹,明生,明姫,紋,紋季,唯希,有喜,有岐,有希,有稀,有紀,有貴,陽,璃,亮希,諒,玲,玲妃,礼,麗,亞希,亞祈,亞紀,亞樹,曉,滉,皓,聰
あきあ,akia,陽愛
あきえ,akie,亜喜江,亜基枝,亜希英,亜希絵,亜希恵,亜希江,亜希枝,亜希重,亜季恵,亜季枝,亜紀栄,亜紀英,亜紀絵,亜紀恵,亜紀江,亜紀枝,亜貴恵,亜輝恵,亜樹恵,亜樹枝,亜妃恵,亜木恵,阿喜恵,阿希枝,阿紀江,愛希絵,愛紀恵,愛恵,愛苗,旭恵,安岐恵,安希恵,安希枝,安紀恵,安紀重,安輝枝,安芸江,映衣,映栄,映絵,映恵,瑛絵,瑛恵,華枝,亨苗,暁衣,暁絵,暁恵,暁江,暁枝,啓恵,啓江,景絵,賢晶,顕衣,顕恵,顕江,現絵,光恵,晃衣,晃栄,晃永,晃絵,晃紀恵,晃恵,晃江,晃枝,彩希江,彩季枝,史絵,朱衣,朱恵,秋絵,秋紀江,秋恵,秋江,秋枝,淳愛,淳恵,淳条,彰絵,彰恵,彰江,彰枝,招江,昌恵,昌江,昌枝,昌惠,昭衣,昭栄,昭絵,昭恵,昭江,昭枝,昭咏,昭惠,晶愛,晶栄,晶英,晶絵,晶恵,晶慧,晶江,晶枝,晶惠,照恵,祥江,章衣,章栄,章絵,章恵,章江,章枝,章笑,章惠,成栄,壮恵,爽絵,聡恵,聡江,酉江,彬栄,彬絵,彬恵,彬江,彬惠,明愛,明映,明栄,明永,明英,明会,明絵,明希恵,明希江,明紀恵,明紀江,明貴栄,明恵,明慧,明賢,明江,明枝,明重,明梢,明彗,明惠,明榮,紋江,有紀恵,有紀江,揚江,陽恵,陽江,陽枝,梨栄,亮恵,亮江,亮枝,玲絵,玲恵,玲江,玲枝,朗恵,朗江,朗枝,朗惠,亞紀枝,曉江,曉枝,聰枝
あきお,akio,亜希緒,暁生,光穂,晃世,秋緒,晶央,晶緒,章緒
あきか,akika,亜希香,亜紀佳,亜貴加,亜樹香,愛花,暁佳,暁香,秋佳,秋花,秋華,秋椛,秋香,秋桜花,昌加,昭香,晶香,西華,西香,明佳,明加,明歌,明河,明花,明華,明香,陽花,亮華
あきこ,akiko,亜葵子,亜企子,亜喜子,亜基子,亜岐子,亜希子,亜希姫,亜幾子,亜祈子,亜季子,亜稀子,亜紀古,亜紀子,亜規子,亜記子,亜貴子,亜起子,亜輝香,亜輝子,亜丘子,亜暁子,亜芸子,亜月子,亜己子,亜公子,亜子,亜枝子,亜樹子,亜淑子,亜昭子,亜城子,亜生子,亜聖子,亜妃子,亜姫子,亜木子,亜来子,亜綺子,阿葵子,阿喜子,阿希子,阿季子,阿紀子,阿規子,阿貴子,阿起子,阿輝子,阿樹子,阿木子,愛喜子,愛希子,愛祈子,愛季子,愛紀子,愛記子,愛貴子,愛輝子,愛香子,愛子,愛樹子,愛姫子,葵季子,葵樹子,茜季子,茜城子,旭子,絢子,綾希子,綾紀子,綾起子,綾技子,綾樹子,安喜子,安基子,安岐子,安希子,安祈子,安季子,安紀子,安規子,安記子,安貴子,安起子,安輝子,安久子,安芸子,安公子,安樹子,安妃子,安气子,杏希子,杏季子,杏紀子,杏生子,杏妃子,杏萌子,杏來子,映子,瑛子,英芸子,央希子,央子,旺子,果子,華子,雅喜子,雅紀子,会紀子,会欣子,快子,覚子,学子,監子,鑑子,紀子,輝呼,輝子,亨子,享子,鏡子,尭子,暁希子,暁湖,暁子,啓子,慧子,掲子,敬子,景子,芸子,研子,謙子,顕子,吾希子,吾妃子,光子,光明子,公子,孔子,昂子,晃規子,晃貴子,晃呼,晃弘,晃子,晃樹子,紅子,合気子,彩貴子,彩輝子,彩子,在規子,在子,察子,爾子,朱希子,朱紀子,朱輝子,朱子,秋子,充樹子,淑子,淳子,曙子,唱子,彰希子,彰子,招子,昇子,昌希子,昌子,昭基子,昭子,晶希子,晶紀子,晶孔,晶子,照子,省子,祥子,章起子,章己子,章子,紹子,証子,詔子,上紀子,穣子,審子,晋子,成子,生喜子,聖子,西子,誠子,説子,宣子,全子,聡香,聡子,丹香子,丹子,旦子,淡希子,知子,智子,著子,暢子,朝希子,朝樹子,聴子,勅子,的子,哲紀子,哲子,徹子,東子,瞳子,敦紀子,日華子,日子,日來子,媛子,彬子,文子,朋子,麻希子,麻記子,稔子,明喜子,明基子,明岐子,明希子,明季子,明紀子,明記子,明貴子,明起子,明輝子,明吉子,明子,明珠子,明樹子,明生子,明姫,明来子,盟子,唯貴子,有葵子,有希子,有季子,有紀子,有記子,有貴子,有輝子,有吉子,有公子,有樹子,有妃子,有明子,揚子,曜子,曜木子,陽子,利麿,了子,亮子,諒子,玲子,礼子,朗子,和希子,亞希子,亞紀子,亞記子,亞起子,亞久子,亞妃子,彭子,晏規子,晄貴子,曉子,楸子,煌子,璋子,皓子,聰子
あきさ,akisa,秋佐,秋沙,彰紗,明紗,陽紗
あきじ,akiji,明慈,明星,朗路
あきつ,akitsu,亜希津,秋津,秋妃津,明津,明都
あきと,akito,晶乙,明都
あきな,akina,亜希菜,亜希奈,亜希那,亜季菜,亜季奈,亜紀菜,亜紀奈,亜貴菜,亜貴奈,亜樹菜,亜樹奈,亜姫奈,阿希奈,愛希永,愛季菜,愛菜,愛奈,愛和,安乙奈,安希奈,安紀奈,杏奈,右奈,映奈,瑛菜,瑛奈,央菜,暁菜,暁奈,啓那,晃菜,晃奈,晃那,朱希奈,朱那,秋菜,秋奈,秋那,昌奈,昭菜,昭奈,晶菜,晶奈,晶那,照奈,章菜,章奈,紹奈,信菜,聖菜,爽奈,聡菜,聡那,明夏,明希菜,明紀奈,明菜,明奈,明那,明南,有希奈,陽菜,陽成,陽奈,陽那,璃奈,玲奈,朗奈
あきね,akine,亜季音,秋音,晶音,爽音,明姉
あきの,akino,亜葵乃,亜希乃,亜季乃,亜紀乃,亜紀野,亜貴乃,亜樹乃,亜生乃,亜姫乃,愛乃,愛姫乃,綾希乃,安希乃,映乃,瑛乃,華乃,紀乃,暁乃,暁野,吾城野,光乃,晃乃,晃野,朱希,秋絹乃,秋乃,秋野,彰乃,彰野,昭乃,晶乃,晶野,章乃,信乃,聡乃,旦乃,哲野,日野,彬乃,明希乃,明季乃,明乃,明野,陽乃,亮乃,玲那,礼乃
あきは,akiha,亜希葉,映葉,晃葉,秋桜花,秋波,秋葉,晶葉,章羽,彬葉,明葉,有希葉,耀巴,陽葉
あきば,akiba,秋葉,明葉
あきひ,akihi,明日,明姫
あきほ,akiho,亜喜穂,亜希帆,亜希保,亜希穂,亜紀帆,亜紀歩,亜紀穂,亜貴穂,亜樹歩,愛希穂,安希歩,安貴帆,瑛穂,暁帆,暁保,暁歩,暁穂,晃帆,晃保,晃穂,彩帆,実穂,珠穂,秋帆,秋保,秋穂,秋穗,彰穂,昌穂,昭穂,昭穗,晶帆,晶保,晶穂,審穂,爽帆,白帆,文穂,歩実,穂歩,明希帆,明歩,明穂,紋穂,有希穂,玲歩,玲穂,朗帆,晄穂
あきみ,akimi,亜王,亜希美,亜希未,亜季実,亜季美,亜稀美,亜紀美,亜貴美,亜樹実,亜樹美,阿希美,愛希美,愛実,愛泉,愛美,綾希海,綾希美,映美,瑛実,瑛美,規真,暁海,暁美,啓未,研美,顕美,光実,晃弓,晃美,賛美,朱美,秋海,秋三,秋実,秋深,秋水,秋生,秋美,彰美,昭美,晶美,晶巳,章水,成美,聡美,彬未,麻公,明見,明実,明美,明未,有希弓,有希美,有季美,有紀美,陽海,陽実,陽水,陽美,陽未,亮美,玲美,朗海,朗美,亞紀美,暉海
あきよ,akiyo,亜喜代,亜希世,亜希代,亜季世,亜季代,亜紀依,亜紀世,亜紀代,亜貴世,亜貴代,愛希代,愛貴代,愛貴与,愛世,愛代,旭世,旭代,安希代,安紀代,安貴代,安起世,映代,映葉,瑛依,瑛世,瑛代,旺世,覚世,尭代,暁世,暁代,暁与,啓代,景代,顕代,現代,光代,晃世,晃代,晃余,晃与,晃誉,彩代,朱希代,朱世,朱代,秋希世,秋興,秋世,秋生,秋代,淳代,彰世,彰代,招世,招代,昌世,昌代,昭希代,昭記代,昭世,昭代,昭予,昭蓉,晶世,晶生,晶代,晶予,晶与,祥代,章世,章代,章予,章余,章与,章誉,詔代,詳代,成代,誠代,創代,聡代,聡与,聡誉,知世,哲代,日余,彬世,彬代,明紀代,明淑,明世,明生,明代,明由,明与,明葉,明良,盟代,紋代,有希代,曜代,陽世,陽代,亮世,亮代,玲昌,玲代,玲湧,玲余,礼代,朗世,朗代,旻世,暉了
あきら,akira,亜樹良,央,果,暁,啓,光,公,晃,燦,昌,昭,昭良,晶,祥,章,翠,聖,曜,陽,玲,礼,麗,曄
あきを,akio,翌央
あくあ,akua,天空海,空愛
あくら,akura,亜久良
あくり,akuri,亜久理,亜久里,阿久里
あぐり,aguri,亜久梨,亜久理,亜久里,亜栗,亜周,阿久里,阿宮梨,安久理,安久里,彩久里,歩繰
あけお,akeo,朱緒,朱穂
あけか,akeka,明加
あけこ,akeko,暁子
あけち,akechi,明千
あけの,akeno,暁乃,朱乃,朱野,明乃
あけは,akeha,朱華
あけび,akebi,朱日
あけみ,akemi,亜希美,亜京明,亜祁美,亜恵美,亜景美,阿希美,茜美,茜巳,旭美,安京美,安計美,杏実,映見,雅佳実,暁海,暁視,暁実,暁美,暁未,厚圭美,晃玉,晃美,晃巳,紅実,紅美,彩啓美,彩景美,朱,朱果,朱海,朱規,朱弓,朱鏡,朱恵,朱恵見,朱計美,朱見,朱己,朱史,朱示,朱実,朱深,朱身,朱水,朱扇,朱美,朱未,朱巳,朱弥,朱里,朱實,珠,珠実,珠美,珠未,珠明,珠良,秋未,曙美,彰弓,昭美,晶海,晶美,章美,証美,赤実,相恵美,丹美,朝美,乃加光,緋美,文圭実,明海,明希,明弓,明京美,明恵,明恵美,明見,明己,明実,明珠,明心,明生,明聖,明美,明姫,明未,明巳,明妙,明弥,明倫,明實,明躬,有桂美,有美,陽美,玲美,朗美,曉美
あけめ,akeme,朱女
あけよ,akeyo,明代
あけり,akeri,朱理,朱里,明理,明里
あげこ,ageko,揚子
あげは,ageha,揚羽
あこ,ako,亜古,亜己,亜湖,亜胡,亜公,亜好,亜子,阿古,阿子,愛子,京子,尭子,暁子,吾子,亞子
あこな,akona,亜古奈
あこみ,akomi,亜湖美,阿湖美
あこや,akoya,眞珠
あさ,asa,亜佐,亜沙,亜砂,亜紗,亜抄,亜早,阿佐,阿沙,愛咲,安佐,安沙,安彩,安紗,旦,朝,麻,麻沙,明佐,有佐,有紗
あさい,asai,亜彩,愛彩,朝衣,朝妃,麻衣
あさえ,asae,亜佐恵,亜沙絵,亜沙恵,旭恵,安佐枝,彩恵,粛枝,浅江,朝映,朝栄,朝絵,朝恵,朝江,朝枝,朝惠,麻依,麻衣,麻英,麻絵,麻恵,麻江,麻枝,麻笑
あさお,asao,阿佐緒,朝緒,朝生,麻緒
あさか,asaka,亜佐香,亜沙加,亜沙果,亜沙花,亜沙華,亜沙香,亜彩佳,亜咲,亜紗佳,亜紗加,亜紗果,亜紗華,亜紗香,亜抄香,旭花,暁佳,浅佳,浅香,朝佳,朝加,朝夏,朝果,朝歌,朝霞,朝賀,朝雅,朝香,麻佳,麻加,麻可,麻夏,麻果,麻歌,麻花,麻華,麻圭,麻香,麻朱
あさき,asaki,亜左貴,亜沙季,亜沙紀,亜咲,亜咲希,亜紗希,愛咲,元気,朝希,朝咲,朝樹,朝暉,麻希,麻紀,麻記,麻貴,麻生
あさぎ,asagi,翠,浅黄,朝黄,麻黄,麻希
あさこ,asako,亜佐子,亜左子,亜沙子,亜砂子,亜彩子,亜才子,亜咲子,亜紗子,亜抄子,亜早子,亜麻子,阿佐子,阿左子,阿沙子,阿砂子,阿咲子,阿紗子,愛幸子,愛沙子,愛咲子,葵紗子,旭子,梓子,梓紗子,綾咲子,安佐子,安沙子,安砂子,安紗子,安早子,杏沙子,杏早子,雅砂子,雅子,暁子,元子,滋子,秋桜子,昭子,青砂子,浅子,旦子,朝琴,朝子,天紗子,麻佐子,麻沙子,麻彩子,麻子,麻紗子,麻少子,明佐子,明咲子,明真子,有佐子,有沙子,有彩子,有早子,陽沙子,亞砂子,亞紗子,晁子
あさじ,asaji,朝路,麻路
あさと,asato,亜沙都,亜紗土,亜聡,亜里,阿里,愛里,安里,朝都,朝里,麻都,亞里
あさな,asana,亜沙菜,亜沙奈,亜咲奈,亜紗奈,安佐奈,朝菜,朝奈,朝那,麻菜,麻渚,麻奈,麻那
あさの,asano,亜佐乃,亜沙乃,亜砂の,亜冴乃,亜紗乃,梓乃,安佐乃,朝乃,朝野,麻乃,麻野
あさは,asaha,朝羽,朝葉,麻羽,麻巴,麻葉
あさひ,asahi,亜沙妃,亜紗比,旭,旭日,旭陽,彩咲陽,春妃,朝日,朝妃,朝比,朝陽,麻沙日,麻妃
あさほ,asaho,麻帆,麻歩,麻穂
あさみ,asami,亜佐己,亜佐実,亜佐美,亜沙海,亜沙己,亜沙実,亜沙美,亜沙未,亜沙彌,亜砂実,亜砂美,亜彩実,亜彩美,亜菜美,亜咲美,亜三美,亜紗実,亜紗美,亜紗未,亜抄美,亜粧美,亜早見,亜早美,亜妙実,亜里美,阿佐美,阿沙美,阿紗美,阿早美,愛佐美,愛沙美,愛砂美,愛咲美,愛紗実,愛紗美,旭美,綾沙美,安佐美,安沙美,安沙巳,安砂美,安紗美,安早臣,杏咲美,彩実,彩美,朱彩美,秋桜美,浅己,浅美,旦美,朝海,朝弓,朝見,朝己,朝実,朝心,朝水,朝美,朝望,朝味,朝未,朝巳,麻央,麻王,麻果,麻海,麻見,麻己,麻光,麻公,麻佐美,麻沙美,麻沙未,麻史,麻実,麻紗実,麻紗美,麻珠,麻深,麻真,麻水,麻瑞,麻生,麻績,麻微,麻美,麻文,麻望,麻味,麻未,麻巳,麻弥,麻里美,明佐美,明沙美,明紗実,有沙海,有沙美,有砂美,有彩美,有紗美,有美,陽美
あさめ,asame,麻芽
あさや,asaya,麻矢
あさよ,asayo,亜沙代,旭世,安佐代,真沙代,朝世,朝代,朝予,朝与,朝葉,麻采代,麻咲佳,麻世,麻代,麻予,麻誉,麻里代
あさら,asara,麻更
あさり,asari,亜佐里,亜沙梨,亜沙里,亜紗里,朝里,麻利,麻理,麻里
あさを,asao,麻緒
あし,ashi,亜紫,葦
あしえ,ashie,葦江
あした,ashita,明日
あすえ,asue,明日恵,明日枝
あすか,asuka,亜沙佳,亜沙香,亜砂果,亜子佳,亜子果,亜子香,亜主加,亜朱加,亜朱華,亜朱香,亜朱与,亜珠果,亜珠花,亜珠香,亜寿佳,亜寿加,亜寿夏,亜寿果,亜寿歌,亜寿花,亜寿華,亜寿香,亜州加,亜須佳,亜須加,亜須可,亜須華,亜須香,亜瑞佳,亜澄香,亜素華,亜日香,亜令香,阿朱香,阿寿華,阿寿香,阿寿日,阿須可,愛子加,愛寿花,愛鈴佳,安朱香,安珠香,安寿佳,安寿加,安寿夏,安寿香,安栖嘉,杏沙夏,呼須香,彩寿香,朱子香,朱鳥,晶澄佳,早香,相寿加,朝香,朝沙佳,朝寿香,朝鳥,朝日香,斐住加,飛夏,飛花,飛華,飛香,飛鳥,飛鳥香,麻珠香,麻寿香,麻澄佳,明佳,明加,明果,明河,明花,明華,明雅,明輝,明薫,明香,明香花,明沙佳,明珠花,明珠香,明寿香,明周香,明須華,明澄香,明素加,明日伽,明日佳,明日加,明日可,明日夏,明日果,明日架,明日歌,明日花,明日華,明日馨,明日丘,明日香,明日哉,明日風,明日翔,明佑香,有須香,翌佳,翌花,翌香
あすき,asuki,明日樹,明日妃,明日来
あすこ,asuko,亜澄子,明日子,翌子
あすな,asuna,亜沙,亜砂,亜須奈,明須菜,明日菜,明日奈
あすは,asuha,愛主羽,明日葉
あすみ,asumi,亜沙美,亜朱実,亜朱美,亜珠美,亜寿美,亜純,亜澄,亜澄美,亜清,亜有,阿澄,愛恭,愛純,愛澄,綾純,安寿実,安純,安澄,杏澄,希望未,吾澄,彩純,麻澄,明見,明珠海,明寿美,明純,明澄,明澄美,明日海,明日見,明日実,明日美,明日望,明日未,明日巳,明日弥,明巳,翌美
あすも,asumo,翌萌
あすよ,asuyo,明日代
あすわ,asuwa,明日和
あず,azu,亜珠,亜寿,亜津,安寿
あずき,azuki,梓希
あずさ,azusa,亜梓,亜沙,亜朱紗,亜珠沙,亜珠彩,亜寿佐,亜寿沙,亜寿砂,亜寿紗,亜寿早,亜州沙,亜州紗,亜須沙,亜図沙,亜瑞沙,亜瑞紗,亜澄沙,亜津佐,亜津沙,亜津紗,亜鶴沙,亜都沙,亜豆沙,亜鈴沙,阿津紗,愛杏沙,愛佐,愛瑞,茜翔沙,梓,梓左,梓沙,梓咲,梓紗,安佐,安珠砂,安寿佐,安寿沙,安寿小,安須咲,安都佐,杏沙,杏彩,杏紗,杏津沙,彩朱沙,小紗,東沙,明寿彩,明日沙,明日咲,有津紗
あずな,azuna,亜砂,阿津奈,梓菜,杏沙,杏菜
あずは,azuha,梓羽
あずみ,azumi,亜絵美,亜朱美,亜珠実,亜珠美,亜寿,亜寿己,亜寿美,亜寿未,亜州美,亜秋美,亜純,亜須美,亜澄,亜積,亜泉,亜曇,阿瑞美,阿澄,愛寿美,愛純,愛瑞美,愛澄,梓弓,梓実,梓美,梓未,安子実,安珠美,安寿水,安寿美,安寿弥,安住,安純,安澄,安曇,杏実,杏美,杏未,吾澄,彩純,紫澄,文泉,麻澄,麻都美,明澄,有純,有澄,予未
あせい,asei,亜晴,亜聖,亜青,明星
あそみ,asomi,亜素美
あちこ,achiko,明智子
あちみ,achimi,亜智美
あつ,atsu,亜津,温
あつえ,atsue,渥恵,安都江,温絵,温恵,貴絵,厚栄,厚恵,厚江,厚枝,厚重,充惠,春栄,淳恵,淳江,淳枝,篤江,敦愛,敦絵,敦恵,敦江,敦枝,豊恵,收江
あつお,atsuo,厚緒
あつか,atsuka,亜都香,温加,温香,貴香,京香,充香,敦加,敦華,敦香
あつき,atsuki,亜月,亜津紀,杏月,温紀,吾月,淳希,純岐,敦喜,敦貴
あつこ,atsuko,亜月子,亜津子,亜通子,亜都子,亜冬子,阿津子,阿都子,愛津子,握子,渥子,安津子,安通子,安都子,安律子,杏生子,杏津子,英子,英津子,温子,雅津子,貴子,貴津子,享子,京子,功子,厚子,孝子,宏子,康子,恒子,慈子,朱花,収子,秋津子,酬子,充子,重子,熟子,春光,淳子,純子,醇子,昌子,晶子,章子,真子,崇子,宣子,暖子,展子,同子,得子,徳子,督子,篤子,惇子,敦子,熱子,濃子,農子,府子,文津子,豊香,豊子,睦子,麻津子,稔子,明月子,明津子,明通子,明都子,有月子,有津子,有都子,涼子,和子,亞充子
あつさ,atsusa,昌砂
あつな,atsuna,温奈,厚奈,淳菜,抄奈,敦菜,敦奈
あつね,atsune,温音,京音,敦音
あつの,atsuno,斡乃,温乃,京乃,厚乃,淳乃,敦乃
あつほ,atsuho,京穂,厚歩,敦穂
あつみ,atsumi,亜実,亜津実,亜津美,亜摘,亜都美,阿律美,愛摘,握美,渥美,安津美,安美,温海,温見,温深,温真,温南,温美,温未,会津美,貴美,貴巳,京美,京未,京良,敬美,厚見,厚実,厚美,孝美,彩摘,司美,充実,充美,充望,淳海,淳規,淳巨,淳己,淳実,淳心,淳水,淳生,淳美,淳味,淳未,淳弥,純美,抄実,昌己,昌美,昌巳,暖海,暖美,暖未,東日美,篤海,篤実,篤美,篤未,惇美,敦海,敦弓,敦実,敦美,敦未,敦已,濃美,豊実,豊美,睦美,有津美,涼美
あつよ,atsuyo,亜津世,温央,温世,温代,貴代,厚代,孝世,充世,充代,淳世,淳代,淳予,淳容,勝代,晶代,篤佳,篤世,篤代,敦世,敦代,敦予,農世
あつり,atsuri,暖里,篤里
あづ,azu,亜津,亜鶴,阿津
あづか,azuka,愛律香
あづき,azuki,亜月,茜月,安月,杏月,明月
あづさ,azusa,亜杏沙,亜寿沙,亜津佐,亜津左,亜津沙,亜津砂,亜津咲,亜津紗,亜鶴沙,亜都沙,亜都砂,亜都咲,亜都紗,阿津沙,愛彩,愛津佐,愛都沙,梓,梓沙,安津紗,杏都沙,東紗,麻津沙,明都佐,明都咲,有津佐,有津沙
あづな,azuna,阿津那,吾都奈
あづみ,azumi,亜月美,亜寿美,亜澄,亜泉,亜津実,亜津美,亜鶴巳,亜摘,亜都美,阿津美,愛積,愛泉,梓弓,梓美,梓未,安澄,安津美,安鶴美,杏美,吾津美,昌未,明泉
あづる,azuru,朱鶴
あてな,atena,貴菜
あてね,atene,愛天音
あとこ,atoko,亜都子,亜冬子,有年子
あとみ,atomi,亜富,与美
あとり,atori,亜都理,亜土里
あど,ado,亜土
あどか,adoka,亜都佳
あな,ana,亜那,亜娜
あなみ,anami,亜奈美
あにた,anita,亜任太
あね,ane,亜寧
あねか,aneka,安寧香
あの,ano,亜乃,亜野
あのり,anori,亜乃里
あま,ama,亜麻
あまき,amaki,亜万希
あまな,amana,亜麻奈,天奈
あまね,amane,亜周,亜弥,周,周音,天音,遍,弥音
あまび,amabi,天日
あまみ,amami,亜麻見,奄美,天美,天弥
あまり,amari,亜真梨,亜麻理,天李
あみ,ami,亜海,亜弓,亜見,亜后,亜実,亜珠,亜水,亜扇,亜微,亜美,亜望,亜味,亜未,亜魅,亜民,亜弥,阿海,阿実,阿美,阿未,阿巳,阿弥,愛海,愛弓,愛実,愛深,愛美,愛望,愛満,愛未,愛弥,綾美,安海,安見,安実,安珠,安美,安未,杏実,杏美,英美,雅美,彩弓,彩充,彩水,彩美,彩妙,朱美,朱未,朝実,天望,碧海,歩海,歩未,歩弥,麻実,明未,有海,有実,有美,有未,嵐美,藍水,亞見,亞美,亞未
あみか,amika,亜海夏,亜実加,亜実果,亜実香,亜美佳,亜美加,亜美果,亜美花,亜美華,亜美香,亜未香,亜弥香,愛深香,愛美香,安美佳,安美果,雅未花,会実佳,編佳,編香,麻未佳
あみこ,amiko,亜見子,亜実子,亜美子,亜未子,亜魅子,亜弥子,阿美子,阿弥子,愛美子,安海子,安見子,安美子,網子
あみさ,amisa,愛美咲
あみな,amina,亜南,亜美奈,彩美南
あみね,amine,愛美音
あみり,amiri,愛未里
あみる,amiru,亜美瑠
あむ,amu,亜夢,愛夢,杏夢,亞夢
あむろ,amuro,亜蕪路
あも,amo,亜茂
あや,aya,亜綾,亜雅,亜恭,亜哉,亜舎,亜谷,亜也,亜夜,亜耶,亜野,亜弥,亜矢,亜陽,亜礼,阿耶,阿弥,阿矢,愛,愛哉,愛彩,愛也,愛耶,愛野,愛弥,愛矢,愛優,愛椰,葵矢,茜也,絢,綾,綾子,綾弥,綾矢,綾優,安哉,安耶,安野,安弥,安矢,杏耶,杏弥,郁,英,可彩,花,華耶,緩,恵,彩,彩愛,彩文,彩也,彩耶,彩野,彩弥,彩矢,史,朱,朱耶,朱矢,朱陽,順,章,操,斐,彬,文,文挙,文彩,文耀,明弥,明矢,紋,紋矢,有耶,有弥,有矢,理,礼,亞也,亞耶,亞弥,亞矢,亞彌,惠,晏弥,禮,綺,綵
あやい,ayai,綾衣,彩衣,紋衣
あやえ,ayae,亜矢恵,絢衣,絢映,絢絵,絢恵,絢江,綾衣,綾映,綾絵,綾恵,綾慧,綾江,綾枝,綾耶江,郁江,彩愛,彩依,彩衣,彩映,彩栄,彩永,彩瑛,彩会,彩絵,彩恵,彩江,史江,章恵,章江,章惠,文愛,文映,文絵,文恵,文江,文枝,文惠,紋衣,理衣,礼栄,礼絵,礼恵,礼江,礼惠
あやお,ayao,綾緒,綾織,綾青,彩央,彩緒,彩生,彩麻,彩邑,文浦,文緒,紋麻,礼織
あやか,ayaka,亜哉香,亜八香,亜也伽,亜也佳,亜也加,亜也香,亜耶佳,亜耶可,亜耶果,亜耶花,亜耶香,亜野加,亜野香,亜弥加,亜弥可,亜弥華,亜弥香,亜矢佳,亜矢加,亜矢可,亜矢華,亜矢香,阿也香,阿耶加,愛佳,愛加,愛華,愛耶伽,愛耶香,茜弥香,絢郁,絢佳,絢加,絢可,絢夏,絢果,絢花,絢華,絢霞,絢雅,絢圭,絢香,絢日,綾郁,綾伽,綾佳,綾加,綾可,綾夏,綾果,綾架,綾歌,綾花,綾華,綾桂,綾香,綾織香,綾芳,綾和,安也花,安也香,安耶佳,安弥香,杏矢香,郁佳,郁加,郁歌,郁花,郁華,郁圭,郁香,英佳,英加,英花,英華,英香,繰佳,恵郁,恵佳,恵加,恵可,恵夏,恵香,恵芳,彩愛,彩何,彩伽,彩佳,彩加,彩可,彩嘉,彩夏,彩果,彩歌,彩花,彩荷,彩華,彩霞,彩芽,彩賀,彩雅,彩会,彩覚,彩圭,彩桂,彩香,彩代,彩日,彩楓,彩芳,彩矢佳,彩矢果,彩和,彩翔,采佳,采加,采果,采華,采香,史佳,史夏,史花,史華,紗佳,紗香,朱伽,朱加,朱夏,朱花,朱華,朱香,純佳,純加,純果,純花,純華,純香,純鳥,純芳,順香,章佳,章加,章嘉,章果,章華,肖佳,肖可,肖香,操佳,操可,操夏,操香,斐佳,斐加,斐夏,斐香,文郁,文化,文佳,文加,文可,文嘉,文夏,文歌,文花,文華,文霞,文賀,文雅,文香,文乃,文芳,文翔,明矢香,紋綾香,紋佳,紋加,紋可,紋夏,紋稼,紋花,紋華,紋菓,紋圭,紋香,有也香,理佳,理加,理可,理嘉,理河,理花,理香,稜夏,礼郁,礼佳,礼加,礼夏,礼花,礼華,礼雅,礼圭,礼香,亞也加,惠郁,惠加,曖矢加,綺夏,綺稼,綺花,綺華,綺香
あやき,ayaki,絢貴,絢城,絢生,絢妃,綾衣,綾希,綾紀,綾姫,綾木,彩希,彩紀,彩姫,采季,朱姫,文季,理姫,礼希
あやぎ,ayagi,綾宜,彩衣
あやこ,ayako,亜郁子,亜欧子,亜哉子,亜亦子,亜也子,亜夜子,亜耶子,亜野子,亜弥子,亜矢子,亜靖子,阿耶子,阿弥子,阿矢子,愛康子,愛夜子,愛耶子,愛弥子,愛矢子,絢子,綾己,綾好,綾香,綾子,綾谷子,綾也子,綾弥子,綾矢子,安哉子,安也子,安耶子,安弥子,安矢子,安靖子,郁子,英子,佳子,雅弥子,雅矢子,漢子,緩子,紀子,繰子,恵子,吾也子,紅子,合矢子,彩子,彩也子,彩了,采子,史子,詞子,若子,朱子,純子,順子,彰子,章江,章子,肖子,織子,随子,操子,相椰子,琢子,斐子,美子,彬子,文子,麻也子,明也子,明耶子,明弥子,明矢子,紋子,有哉子,陽子,藍子,理子,稜子,陵子,礼子,亞矢子,惠子,禮子,綺子
あやさ,ayasa,絢沙,絢紗,綾沙,綾紗,彩佐,彩沙,彩紗,史沙,文沙,礼紗
あやし,ayashi,綾織
あやじ,ayaji,彩路,文珠
あやせ,ayase,綾瀬,彩世,彩瀬,文瀬,理世
あやな,ayana,亜也菜,亜也奈,亜也名,亜耶菜,亜耶奈,亜弥菜,亜矢菜,亜矢奈,阿也奈,絢菜,絢奈,絢那,綾茄,綾菜,綾奈,綾那,綾南,綾納,綾苗,綾名,郁奈,恵菜,恵奈,彩愛,彩夏,彩花,彩菜,彩渚,彩奈,彩那,彩名,采那,采南,史奈,史那,朱那,純奈,彰凡,章那,文菜,文渚,文奈,文那,文捺,文納,文也奈,紋菜,紋奈,紋名,理菜,理奈,理名,礼菜,礼奈,礼那,礼苗,礼名,綺菜
あやに,ayani,綾仁,彩丹
あやね,ayane,阿野音,絢音,綾音,綾根,郁音,恵音,彩音,文音,文根,紋稲,紋音,礼音,綺音
あやの,ayano,亜也乃,亜耶乃,亜弥乃,亜弥野,亜矢乃,亜矢野,阿也乃,絢乃,絢野,綾紀,綾乃,綾之,綾能,綾野,安哉乃,安弥乃,杏矢乃,郁乃,英乃,恵乃,恵野,彩音,彩萱,彩希,彩登,彩乃,彩之,彩納,彩能,彩也乃,彩野,彩弥乃,史乃,史野,朱乃,順乃,順野,彰乃,章乃,織乃,操乃,藻乃,斐乃,斐野,文乃,文野,麻弥乃,紋乃,紋野,有矢乃,藍乃,理乃,礼乃,礼望,綺乃
あやは,ayaha,亜耶羽,絢羽,絢葉,綾羽,綾葉,彩羽,彩葉,史葉,文葉,紋葉
あやほ,ayaho,綾穂,彩帆,彩穂,文穂
あやみ,ayami,亜八実,亜也美,亜也巳,亜耶美,亜耶未,亜弥実,亜弥美,亜矢海,亜矢美,亜矢未,愛也美,愛弥美,絢幹,絢己,絢実,絢仁,絢水,絢美,絢未,絢魅,絢巳,絢路,綾海,綾見,綾己,綾実,綾真,綾美,綾望,綾味,綾未,綾巳,綾弥,綾浪,安哉美,安也美,郁実,郁美,恵実,恵美,彩海,彩希,彩見,彩后,彩実,彩朱,彩純,彩仁,彩水,彩生,彩美,彩文,彩方,彩望,彩未,彩弥,彩矢実,彩矢美,采美,采未,史美,朱生,朱美,純実,純美,彰美,章美,肖実,操見,操弥,文見,文彩,文実,文生,文美,文未,文弥,明弥美,紋見,紋己,紋実,紋美,紋望,紋未,紋巳,有実,理美,理未,礼后,礼実,礼美,礼望,礼未
あやむ,ayamu,彩夢
あやめ,ayame,亜弥芽,亜矢女,愛優女,絢女,綾芽,綾女,安也女,彩愛,彩芽,彩女,彩姫,彩文,彩萌,菖,菖蒲,文愛,文芽,文女,文萌,紋芽,紋女,礼芽,礼冥,惠女,綺萌
あやも,ayamo,彩雲,文毬
あやや,ayaya,彩弥
あやよ,ayayo,恵代,彩代
あやり,ayari,綾理,綾里,彩理,彩里,彩莉,文理,文里,有矢里,礼里
あやわ,ayawa,綾和
あやを,ayao,綾緒,文尾
あゆ,ayu,亜結,亜幸,亜佑,亜優,亜友,亜悠,亜有,亜由,亜祐,亜裕,亜夕,亜侑,阿友,阿悠,阿由,愛弓,愛結,愛夢,愛唯,愛友,愛悠,愛有,愛由,愛裕,愛夕,鮎,安由,安祐,杏優,杏有,杏侑,彩結,東悠,文柚,歩,歩優,明友,明有,明柚,有佑,有優,有由
あゆい,ayui,阿惟,愛結
あゆう,ayu,亜酉,亜優,亜友
あゆか,ayuka,亜優香,亜由佳,亜由加,亜由香,愛弓香,愛香,愛夢佳,愛由佳,綾香,鮎佳,鮎夏,鮎花,鮎華,鮎香,安由佳,安由香,安由利,安祐香,杏佳,彩由夏,肖佳,文弓香,歩佳,歩可,歩夏,歩果,歩花,歩華,歩香,歩翔,明佑果,明佑香,有由香
あゆき,ayuki,亜幸,亜雪,亜友紀,亜由紀,愛優希,鮎姫,安由樹,歩希,明雪
あゆこ,ayuko,亜弓子,亜佑子,亜優子,亜友子,亜悠子,亜有子,亜由子,亜祐子,亜裕子,亜夕子,阿有子,阿由子,愛佑子,愛友子,愛由子,愛夕子,鮎子,安酉子,安佑子,安優子,安友子,安有子,安由子,安祐子,安裕子,杏由子,雅由子,暁弓子,香魚子,彩生子,彩友子,朱憂子,天由子,歩子,歩友子,麻友子,麻由子,麻祐子,麻夕子,明友子,明由子,有友子,有由子,藍子,朗祐子,亞友子,亞由子
あゆさ,ayusa,阿由沙,愛沙,鮎沙,鮎紗,歩里
あゆち,ayuchi,愛智,歩知
あゆな,ayuna,亜由奈,亜由那,愛優菜,愛由菜,鮎菜,鮎奈,安友菜,安友奈
あゆね,ayune,歩音
あゆの,ayuno,亜由乃,鮎乃
あゆは,ayuha,亜由羽
あゆほ,ayuho,愛由帆
あゆみ,ayumi,亜右美,亜弓,亜弓美,亜結海,亜結美,亜結未,亜酉美,亜美,亜木美,亜諭美,亜佑美,亜佑未,亜優実,亜優美,亜友実,亜友美,亜友望,亜友味,亜友未,亜友巳,亜悠海,亜悠見,亜悠美,亜悠未,亜有見,亜有子,亜有実,亜有美,亜柚美,亜由己,亜由三,亜由子,亜由実,亜由生,亜由妃,亜由美,亜由満,亜由未,亜由巳,亜由弥,亜由實,亜祐実,亜祐美,亜祐未,亜裕実,亜裕美,亜裕未,亜雄美,亜夕実,亜夕美,亜侑美,亜侑弥,阿弓,阿佑美,阿友美,阿有未,阿由示,阿由実,阿由美,阿由未,阿祐美,阿裕美,愛海,愛弓,愛結実,愛結美,愛実,愛美,愛歩,愛唯美,愛佑美,愛優美,愛友実,愛友美,愛悠美,愛有美,愛由実,愛由美,愛由未,愛祐実,愛祐美,愛裕実,愛裕美,愛夕美,絢海,綾弓,綾実,綾美,綾友美,綾由美,鮎弓,鮎見,鮎実,鮎深,鮎水,鮎美,鮎未,安弓,安抽美,安未,安優美,安友実,安友美,安友未,安有美,安由実,安由美,安由未,安祐美,安裕美,案由美,杏友美,杏由弓,杏由美,一歩,英由美,雅弓,雅佑未,雅由美,会美,暁弓,晃弓,香魚美,香美,彩美,彩友美,彩由実,彩由美,彩祐美,朱弓,朱美,朱由美,朱祐美,珠弓,昭佑美,渉,渉美,蒼佑美,朝友美,朝由見,朝夕美,天裕美,文美,歩,歩雅,歩海,歩弓,歩見,歩己,歩光,歩行,歩三,歩子,歩実,歩身,歩瑞,歩生,歩泉,歩美,歩峰,歩望,歩未,歩巳,歩弥,麻弓,麻友美,明弓,明百美,明夢,明佑美,明友美,明有美,明由実,明由美,明祐実,明裕未,紋弓,有弓,有未,有佑美,有友実,有柚美,有由見,有由実,有由美,有由未,有祐美,有裕美,有夕妃,亞弓,晏三
あゆみこ,ayumiko,歩子
あゆむ,ayumu,亜祐夢,歩,歩夢
あゆめ,ayume,亜夢,歩芽,歩女
あゆり,ayuri,亜弓里,亜百合,亜友里,亜有理,亜由利,亜由梨,亜由理,亜由里,亜由莉,阿由里,鮎里,安悠里,杏友里,歩理,歩里
あよ,ayo,亜世,亜代,安与
あよこ,ayoko,亜世子
あら,ara,亜羅
あらさ,arasa,亜羅沙
あらん,aran,亜蘭
あり,ari,亜利,亜梨,亜理,亜里,安里,彩理,朱里,明里,有里
ありあ,aria,亜里亜,有亜,有理亜
ありえ,arie,亜理恵,亜里江,愛理恵,在枝,有絵,有恵,有江,有理恵
ありか,arika,亜利加,亜吏可,亜梨花,亜梨香,亜理華,亜里佳,亜里可,亜里香,愛莉香,安梨香,往華,在加,在華,有佳,有加,有可,有花,有華,有賀,有桂,有香,有梨香,有理歌,有里香
ありき,ariki,有希
ありこ,ariko,亜利子,亜梨子,亜理子,亜里子,阿里子,安里子,現子,在子,有子,有利子,有理子,有里子,亞理子
ありさ,arisa,亜紗,亜利沙,亜利砂,亜利紗,亜利抄,亜吏紗,亜李沙,亜李砂,亜李紗,亜梨沙,亜梨砂,亜梨紗,亜梨早,亜理幸,亜理佐,亜理沙,亜理砂,亜理彩,亜理紗,亜理茶,亜理妙,亜璃沙,亜里さ,亜里佐,亜里沙,亜里砂,亜里咲,亜里紗,亜里抄,亜莉沙,亜莉紗,阿梨沙,阿梨紗,阿理沙,阿里佐,阿里沙,阿里紗,阿莉左,阿莉紗,愛佐,愛沙,愛梨沙,愛梨紗,愛理沙,愛理咲,愛理紗,愛璃沙,愛里沙,愛里砂,愛里紗,愛莉沙,愛莉紗,綾梨沙,安利砂,安梨沙,安梨紗,安理佐,安理沙,安理紗,安里左,安里沙,安里紗,杏利沙,杏里沙,杏里紗,惟沙,惟紗,可沙,吾梨紗,吾里砂,光沙,光砂,光咲,光紗,彩理紗,彩里沙,朱里紗,朱倫沙,生沙,生紗,蒼了沙,存沙,存紗,朝里沙,天理沙,文梨紗,麻梨彩,麻梨紗,麻理砂,麻里沙,麻里砂,麻里紗,明璃紗,明里沙,明里紗,有佐,有左,有沙,有瑳,有砂,有彩,有菜,有冴,有咲,有紗,有早,有茶,有朝,有妙,有梨佐,有梨沙,有理佐,有理沙,有理紗,有璃早,有里左,有里沙,有里紗,有莉咲,侑里咲
ありす,arisu,亜理朱,亜理鈴,亜璃粋,亜里珠,亜里寿,亜里澄,亜里素,亜里穂,阿理寿,愛麗絲,有子,有珠,有寿,有須,有素
ありせ,arise,亜梨世,在世,有世
ありな,arina,亜利菜,亜利奈,亜吏奈,亜梨奈,亜理奈,亜里菜,亜里奈,亜莉奈,安里奈,明里奈,有菜,有奈,有那,有里菜,有里奈,亞里菜
ありは,ariha,亜李羽,有巴,有葉
ありほ,ariho,彩里帆,有穂
ありみ,arimi,在美,有海,有己,有美,有未
ありよ,ariyo,有世,有代
ある,aru,亜留,有
あるな,aruna,亜瑠奈
あるは,aruha,亜留波,亜瑠葉,有葉
あるほ,aruho,有歩
あるみ,arumi,亜留美,有美
あれ,are,亜礼,阿礼
あれい,arei,亜怜,亜玲,亜礼,亜麗,阿礼
あれな,arena,亜麗奈
あわ,awa,阿羽
あわか,awaka,淡香
あん,an,安,庵,杏
あんか,anka,杏果
あんし,anshi,杏詩
あんじゅ,anju,安珠,安寿,安樹,杏珠,杏樹,杏濡,明珠
あんず,anzu,安都,杏,杏子
あんな,anna,亜杏菜,安菜,安奈,安那,安捺,安南,安娜,案奈,案那,杏菜,杏樹,杏奈,杏那,杏南,杏妃,杏名,杏梨,英奈,妥奈,晏奈
あんぬ,annu,杏奴
あんの,anno,杏乃
あんび,ambi,安琵,杏美
あんり,anri,安利,安梨,安理,安璃,安里,安莉,案理,鞍梨,杏依,杏利,杏吏,杏李,杏梨,杏理,杏璃,杏里,杏厘,杏莉,晏里
いあ,ia,唯亜
いあり,iari,伊亜里
いあん,ian,偉杏
いえ,ie,伊江
いえこ,ieko,以恵子,伊江子,位江子,家子,五栄子
いお,io,伊央,伊欧,伊緒,伊生,依央,依緒,依生,惟央,惟緒,意央,衣央,衣緒,衣織,五百
いおこ,ioko,伊緒子,伊保子,伊穂子,委央子,為緒子,五百子,祝子
いおな,iona,伊央奈,伊緒奈,一央奈
いおり,iori,以央里,伊央里,伊緒理,伊緒里,伊織,伊穂李,依織,威織,意織,衣央里,衣緒里,衣織,井織,一織,一生利,潔織,五百理,五百里
いおん,ion,唯音
いか,ika,依樺
いかこ,ikako,依嘉子,易可子
いき,iki,伊岐,伊希,伊紀,依紀,衣姫
いきこ,ikiko,以喜子,伊喜子,伊基子,伊希子,伊紀子,伊規子,偉記子,委希子,維紀子,衣紀子,育子
いきみ,ikimi,生美
いく,iku,以久,伊久,伊紅,依久,委久,維久,維紅,衣公,衣紅,衣貢,育,育玖,郁,活,幾,尹久
いくえ,ikue,愛恵,以久恵,以久江,伊久恵,伊久江,伊久枝,依久恵,維久江,維久枝,衣久恵,育愛,育依,育衣,育映,育栄,育永,育英,育絵,育久枝,育恵,育江,育枝,育惠,郁愛,郁衣,郁映,郁栄,郁永,郁英,郁詠,郁絵,郁恵,郁慧,郁江,郁枝,郁苗,郁惠,活恵,幾衣,幾映,幾永,幾絵,幾恵,幾江,幾枝,幾重,行愛,生愛,生衣,生英,生絵,生久恵,生恵,生江,生枝,有江
いくお,ikuo,育緒,郁央
いくか,ikuka,衣久加,育佳,郁佳,郁夏,郁香,生佳
いくこ,ikuko,以久子,以恭子,以倶子,伊久子,伊句子,伊公子,伊功子,伊厚子,伊紅子,位久子,依久子,依句子,依公子,依子,依鳩子,偉久子,委希子,委久子,委公子,威久子,威公子,惟久子,維久子,衣久子,衣公子,衣孔子,井久子,育久子,育己,育子,郁古,郁湖,郁后,郁香,郁子,一薫子,一公子,活子,幾久子,幾子,祈二,恵久子,憩共子,行子,今行子,似久子,生久子,生幸,生子
いくな,ikuna,依久菜,育奈,郁奈
いくの,ikuno,伊久乃,依久乃,育乃,郁乃,郁儂,活乃,生乃
いくは,ikuha,郁葉,生羽,生葉
いくほ,ikuho,育帆,育保,育歩,育穂,郁帆,郁保,郁歩,郁穂,生穂
いくみ,ikumi,愛実,以久美,伊久見,伊久実,伊久美,伊紅美,伊紅未,伊貢美,依久美,委久美,維久美,衣久実,衣久美,衣久巳,育海,育久美,育見,育実,育美,育望,育未,郁海,郁久美,郁見,郁実,郁美,郁未,一久美,億美,活美,幾久美,幾美,結美,行美,生海,生久美,生公美,生実,生美,生望,如美,唯公美
いくも,ikumo,育萌
いくよ,ikuyo,以久代,以玖代,伊久代,依久代,委久代,委久予,維久代,衣久予,育世,育代,育余,育与,育誉,育譽,郁世,郁代,郁由,郁予,郁余,郁与,往世,活代,幾久世,幾世,幾代,幾与,幾誉,行世,行代,生世,生代
いくり,ikuri,伊久里,育理,育里,郁李,郁里
いこ,iko,依子,威子,衣子,井子
いさ,isa,伊佐,伊紗,衣沙,衣砂,衣彩,衣紗
いさえ,isae,伊紗恵,意佐江
いさこ,isako,以佐子,以抄子,伊佐子,伊左子,伊沙子,伊早子,依佐子,依左子,委佐子,委左子,維佐子,維早子,衣佐子,衣沙子,衣紗子,一祥子,幾砂子,勲子,五佐子,五三子,功子,績子,又幸子
いさと,isato,伊智,伊里,衣里
いさな,isana,伊左奈
いさの,isano,伊佐乃,衣佐乃,勲乃
いさほ,isaho,功穂,勇帆
いさみ,isami,一三美,功美,勇美
いさよ,isayo,以佐代,伊佐世,伊佐代,伊砂代,伊代,義夜,薫代
いしこ,ishiko,伊志子,委志子
いしず,ishizu,一静
いすず,isuzu,伊鈴,偉鈴,威鈴,五十鈴,五鈴
いずの,izuno,伊寿乃
いずは,izuha,泉葉
いずひ,izuhi,出陽
いずほ,izuho,厳穂,出帆,出穂,泉帆,泉穂
いずみ,izumi,以珠美,以津美,以豆美,伊朱美,伊珠美,伊寿実,伊寿美,伊寿未,伊純,伊図美,伊水観,伊澄,伊津美,伊都美,伊豆海,伊豆実,伊豆美,依寿美,依純,依澄,威美,意純,衣寿美,衣純,衣澄,衣泉,衣津美,井澄,一澄,一清,厳美,湖美,五十美,五美,出美,瑞美,清泉,泉,泉見,泉子,泉実,泉水,泉澄,泉美,泉未,泉巳,泉優,和寿美,和泉,湶
いずみこ,izumiko,泉子,和泉子
いずも,izumo,出萌
いせ,ise,伊勢
いせこ,iseko,伊勢子
いせみ,isemi,伊勢美
いせよ,iseyo,伊勢世
いそえ,isoe,磯江,五十枝
いそか,isoka,磯香
いそこ,isoko,伊素子,磯子,勤子,五十子
いその,isono,勤乃
いそみ,isomi,磯美,勤美,五十海,五十美
いちえ,ichie,伊千恵,衣知絵,一愛,一栄,一会,一絵,一恵,一江,一枝,一千恵,市恵,市江,市枝
いちか,ichika,一佳,一歌,一花,一華,一香
いちこ,ichiko,以千子,以知子,以智子,伊千子,伊知子,伊智子,位知子,位智子,依知子,依智子,偉智子,威智子,尉千子,尉智子,意知子,維知子,維智子,緯稚子,衣知子,衣智子,一子,壱子,五知子,市子
いちご,ichigo,苺
いちず,ichizu,一途
いちの,ichino,伊稚乃,一千乃,一乃
いちは,ichiha,一羽,一初
いちはな,ichihana,一花
いちほ,ichiho,伊智穂,一帆,一穂
いちみ,ichimi,伊智美,一実,一美
いちよ,ichiyo,委千代,一世,一千陽,一代,一葉,市世,市代
いちよう,ichiyou,一洋,一葉,一陽
いちろ,ichiro,一路
いっぽ,ippo,一帆,一穂
いつえ,itsue,伊津絵,伊津江,一恵,逸絵,逸枝,乙栄,乙絵,乙恵,五恵,五江,五彩,五重
いつか,itsuka,愛果,愛香,以津香,伊津佳,伊津香,伊都香,依津可,依都佳,依都香,維都佳,維都加,衣津果,衣津香,衣都佳,衣都香,一佳,一加,一夏,一果,一花,一華,一香,逸花,逸華,逸香,乙夏,乙華,乙香,五佳,五夏,五花,五華,五月香,五香,斎加,慈香
いつき,itsuki,伊月,一希,五季,済,斎,樹,奉
いつく,itsuku,愛
いつこ,itsuko,以津子,以都子,伊津子,伊通子,伊都子,位津子,依津子,依都子,依律子,偉津子,威津子,尉津子,意都子,為都子,移司子,維都子,衣津子,衣通子,衣都子,井津子,一子,一都子,壱子,逸子,悦子,乙子,厳子,五月子,五子,五津子,五都子,斎子,糸都子,慈子,淑子,仁津子,生都子,斉子,都子,唯津子,唯鶴子,稜子
いつな,itsuna,乙菜
いつの,itsuno,伊津乃
いつは,itsuha,一葉,五葉
いつほ,itsuho,威穂,一穂,逸歩,逸穂
いつみ,itsumi,愛実,愛美,以津美,以津弥,伊採,伊津美,伊摘,伊都己,伊都美,伊律美,衣津美,衣都美,一海,一珠,一美,壱見,逸生,逸美,逸魅,乙愛,乙実,乙生,乙美,厳美,五己,五美,五味,斎美,慈深,慈美,樹美,勉美
いつよ,itsuyo,伊津代,伊都代,依津代,偉津代,衣津代,一代,一葉,逸世,逸代,乙代,五月代,五津代
いつわ,itsuwa,五輪
いづか,izuka,郁津香
いづほ,izuho,以津穂,出帆,出穂
いづみ,izumi,以津美,伊珠美,伊津海,伊津実,伊津美,伊都美,依津実,偉津美,衣純,衣澄,衣津美,一泉,慈美,出海,出実,出美,泉,泉海,泉実,泉水,泉美,泉怜,碧水,和泉
いづる,izuru,伊鶴
いと,ito,伊都,絃
いとい,itoi,糸衣
いとえ,itoe,愛絵,愛恵,愛枝,弦絵,糸栄,糸永,糸英,糸絵,糸恵,糸枝
いとか,itoka,愛可,純香
いとこ,itoko,愛子,以登湖,伊登子,伊都子,依都子,依道子,維子,維登子,衣都子,一燈子,弦子,五十子,糸子,繊子
いとじ,itoji,糸路
いとな,itona,糸奈
いとね,itone,絃音
いとの,itono,愛乃
いとは,itoha,緒羽
いとみ,itomi,愛美,伊都実,伊都美,絃美,糸美
いとよ,itoyo,愛代,糸代
いとわ,itowa,糸和
いな,ina,伊奈,伊那,位奈,偉奈,維娜,衣那
いなえ,inae,伊奈江
いなこ,inako,伊奈子,位奈子,稲子
いなほ,inaho,伊菜穂,稲帆,稲穂
いなみ,inami,一菜美,一名美,稲実,稲深,稲波,稲美
いなめ,iname,稲芽,稲女
いなよ,inayo,稲代,稲夜
いねか,ineka,稲香
いねこ,ineko,伊根子,伊寧子,尉根子,稲子
いねみ,inemi,稲美
いのこ,inoko,猪子
いのり,inori,祈
いふみ,ifumi,以文,伊文
いぶ,ibu,偉武,衣舞,生歩
いぶき,ibuki,惟吹,維風紀,芽生,薫季,萌
いほ,iho,以帆,伊保,伊穂,委穂,衣穂,一歩,五穂
いほこ,ihoko,以保子,以穂子,伊保子,伊穂子,衣保子,衣穂子,一百子,五穂子,飯穂子
いほみ,ihomi,伊保美,五保美,五穂美
いま,ima,以麻,衣麻
いまこ,imako,偉真子,今子
いまよ,imayo,今代
いまり,imari,以麻理,伊麻里,伊万利,伊万里,依麻里,衣麻里
いまる,imaru,衣麻琉
いみ,imi,以美,伊美,依巳,偉美,委実,衣美,井美
いみこ,imiko,伊美子,維美子,亥美子,一実子
いゆ,iyu,惟由
いゆこ,iyuko,衣由子
いよ,iyo,伊世,伊代,伊予,伊余,伊与,伊要,依世,依代,依与,委代,為世,維代,衣世,衣代,亥代,壱予,生代
いよこ,iyoko,以世子,伊世子,伊代子,伊予子,伊余子,位養子,依代子,依予子,依与子,衣余子
いよな,iyona,伊代菜,伊代奈
いより,iyori,伊由,偉与
いり,iri,伊里,依里,依俐
いりあ,iria,依梨阿,惟莉亜
いりえ,irie,以里恵,委里枝,衣梨絵,衣里恵
いりか,irika,伊里佳
いりこ,iriko,以利子,伊利子,伊里子,依里子,維里子,衣里子
いりす,irisu,依里朱
いりな,irina,伊里奈,依里奈,依莉南
いるか,iruka,入夏,入鹿
いれん,iren,唯恋
いろは,iroha,衣呂葉,衣路羽,衣露葉,彩羽,彩葉,色葉
いろり,irori,彩里
いわ,iwa,伊和
いわお,iwao,岩緒
いわこ,iwako,以和子,岩子
いわみ,iwami,以和美
うい,ui,羽衣,初
ういか,uika,羽衣夏,羽衣香,初夏,初花
ういこ,uiko,宇意子,羽衣子,羽生子,初衣子,初子,有以子,有為子,有衣子
ういな,uina,初奈
ういね,uine,宇唯寧,初音
ういゆ,uiyu,卯依由
うかな,ukana,卯華奈
うき,uki,宇紀,有希,有貴
うきえ,ukie,卯貴江,憂喜枝,憂記恵
うきこ,ukiko,右貴子,右木子,宇企子,宇紀子,羽季子,卯貴子
うさみ,usami,侑沙美
うさり,usari,宇沙梨
うずき,uzuki,有瑞
うた,uta,宇多,歌,詩,謡
うたい,utai,謡
うたえ,utae,詠恵,歌絵,歌江,吟江,詩栄,詩絵,詩恵,詩江,詩枝,唱江
うたか,utaka,歌花,詩佳,詩花,詩香
うたこ,utako,宇多子,宇太子,宇妥子,詠子,宴子,歌子,歌凧,雅楽子,吟子,詩香,詩子,唱子,佑多子,友多子,有太子,謡子
うたな,utana,詩菜
うたね,utane,歌音
うたの,utano,唄乃,雅楽乃,詩乃
うたは,utaha,詩葉
うたみ,utami,歌美,詩美
うたよ,utayo,唄代,詠代,宴代,歌世,歌代,歌容,詩世,詩代
うちこ,uchiko,有智子
うつき,utsuki,卯月
うつの,utsuno,宇津乃
うつみ,utsumi,映実,有津美
うづき,uzuki,卯月
うない,unai,右内
うねと,uneto,雨音人
うの,uno,羽乃,有乃
うのえ,unoe,祐乃重
うぶ,ubu,羽舞
うぶね,ubune,初音
うみ,umi,宇美,羽海,羽美,卯美,海,海美
うみあ,umia,海亜
うみえ,umie,海愛,海絵,兎己恵,兎実恵,于美恵
うみか,umika,海果,海香
うみこ,umiko,卯実子,海子,湖子
うみな,umina,有美菜
うみの,umino,海乃
うみほ,umiho,海帆
うめ,ume,梅
うめか,umeka,梅佳,梅花,梅香
うめこ,umeko,生芽子,梅子
うめの,umeno,梅乃
うめみ,umemi,梅見,梅美,梅満
うめよ,umeyo,宇芽代,梅代
うゆ,uyu,有由
うらえ,urae,浦江
うらこ,urako,浦子,麗子
うらは,uraha,末葉
うらら,urara,宇良良,羽良々,麗,麗未,麗良
うらん,uran,宇蘭,羽蘭,卯蘭,生蘭,美蘭,佑藍,有蘭,侑蘭
うりん,urin,羽凛
うるあ,urua,麗愛
うるう,uru,潤
うるか,uruka,麗華
うるね,urune,羽流音
うるみ,urumi,潤実,潤美,潤未,麗美
うれい,urei,羽麗
うれは,ureha,麗葉
うれん,uren,兎恋
えあ,ea,恵亜,恵愛
えあり,eari,絵亜理
えい,ei,絵衣
えいか,eika,英佳,英加,英華,英香,榮花
えいこ,eiko,依以子,衣井子,営子,映衣子,映子,栄依子,栄委子,栄衣子,栄子,栄比子,永以子,永依子,永子,泳子,瑛子,頴子,英以子,英依子,英維子,英衣子,英郁子,英恵子,英子,英淑,英日子,英里子,英倭子,衛子,詠子,鋭子,延子,央子,絵以子,絵依子,絵意子,絵衣子,絵一子,絵子,啓子,恵以子,恵伊子,恵依子,恵偉子,恵委子,恵威子,恵緯子,恵衣子,恵井子,恵子,恵似子,江以子,江伊子,江位子,江依子,江衣子,枝維子,得衣子,惠以子,惠位子,惠威子,暎子,曖比子,榮子
えいじゅ,eiju,英珠
えいな,eina,映奈,瑛南,英菜,英奈
えいひ,eihi,英姫
えいみ,eimi,影美,映美,栄実,栄美,永美,瑛海,瑛美,瑛未,英実,英水,英美,英未,詠美,絵衣美,世美
えいらん,eiran,英蘭
えいり,eiri,映里,英里
えおり,eori,詠織
えか,eka,恵香
えき,eki,恵希
えきこ,ekiko,栄輝子,英貴子,益子,恵喜子,恵紀子
えくこ,ekuko,衣公子,映久子,栄久子,永久子,永貢子,英公子,恵久子,恵公子,惠久子
えくみ,ekumi,栄久美,永久美,絵久美,恵久美
えこ,eko,絵子,江湖
えさえ,esae,絵佐江
えすこ,esuko,恵寿子
えすみ,esumi,恵澄
えちか,echika,英知香
えちこ,echiko,英智子,絵千子,絵知子,恵智子,江千子,枝智子,重智子,惠智子,繪値子
えつ,etsu,絵津,恵津,恵都,江津
えつえ,etsue,悦恵,悦江,悦枝
えつお,etsuo,悦緒
えつか,etsuka,悦佳,悦香,江津佳
えつこ,etsuko,依津子,衣月子,衣津子,栄司子,栄津子,栄都子,永津子,永通子,永都子,泳津子,瑛侃子,英月子,英津子,英都子,詠津子,鋭子,益土子,悦子,悦津子,謁子,越子,越都子,閲子,会津子,絵津子,絵都子,絵律子,恵津子,恵通子,恵都子,恵律子,工津子,江津子,江都子,江律子,枝司子,枝津子,枝都子,税子,説子,得津子,律子,惠津子,榮津子
えつな,etsuna,悦奈
えつの,etsuno,悦乃
えつみ,etsumi,愛都三,詠津美,悦美,江津美
えつよ,etsuyo,悦世,悦代,悦予,越世,越代,恵世,恵代,恵津代,恵鶴代,重都予,惠代
えづき,ezuki,絵月
えな,ena,愛菜,愛奈,愛波,愛梛,依奈,依那,衣生,衣奈,衣那,映奈,映那,映南,栄奈,永奈,瑛菜,英菜,英奈,詠奈,悦奈,画奈,絵菜,絵奈,絵那,絵名,恵菜,恵奈,恵那,恵名,恵和,慧娜,江奈,枝菜,枝奈,得奈
えなこ,enako,絵奈子,恵奈子,惠菜子
えなみ,enami,英奈美,絵名美,恵奈美,恵那美,江奈美,江那未,枝菜海
えにか,enika,映仁花
えにこ,eniko,栄仁子
えば,eba,絵羽,絵葉
えほこ,ehoko,笑保子
えま,ema,愛麻,英真,絵真,絵麻,絵満,恵磨,恵麻,恵満,江真,江摩,江麻,惠麻,惠万
えまお,emao,絵麻央
えまき,emaki,絵蒔
えまこ,emako,絵麻子,恵万子
えまり,emari,英真里,絵真理,絵真里,絵麻里,絵万里,恵真理,恵麻理,笑鞠
えみ,emi,亜実,亜美,愛海,愛見,愛実,愛珠,愛水,愛生,愛美,愛望,愛未,愛弥,依見,依身,依生,依美,依未,依弥,衣海,衣見,衣実,衣美,衣未,映海,映見,映実,映水,映都,映美,映未,栄見,栄実,栄美,栄未,永愛,永見,永実,永水,永美,永味,永弥,泳見,洩海,瑛実,瑛笑,瑛美,瑛未,英見,英実,英水,英泉,英美,英未,英巳,衛美,詠実,詠汀,詠美,詠未,悦美,悦妙,越美,円実,円美,宴美,延美,画美,会己,会生,会美,絵海,絵弓,絵見,絵己,絵光,絵三,絵史,絵実,絵心,絵深,絵真,絵水,絵美,絵文,絵満,絵未,絵魅,絵巳,絵弥,穫美,恵愛,恵郁,恵果,恵海,恵規,恵弓,恵巨,恵見,恵己,恵光,恵三,恵実,恵珠,恵充,恵深,恵水,恵生,恵聖,恵美,恵望,恵満,恵味,恵未,恵魅,恵巳,恵民,恵弥,恵良,慧海,慧実,慧美,江見,江視,江実,江珠,江水,江美,江未,江妙,江明,彩美,咲,枝見,枝実,枝美,枝未,枝巳,笑,笑見,笑実,笑美,笑望,笑未,笑巳,乃美,微笑,美映,美紀,美恵,桧美,苗実,苗美,咏美,惠三,惠実,惠美,惠未,暎美,榮美
えみい,emi,衣未以,映美衣,永美衣,絵美衣,絵弥生,恵宮郁,江美依
えみえ,emie,恵美江
えみか,emika,愛美香,依美佳,衣海香,衣美香,栄実香,栄美香,永美花,永美香,英実佳,英実加,英実香,英水香,英美可,英美夏,英美花,英美香,英味加,英未佳,英未華,詠未香,絵三香,絵実佳,絵美佳,絵美夏,絵美花,絵美華,絵美圭,絵美香,絵未果,恵三佳,恵三歌,恵実香,恵美佳,恵美加,恵美果,恵美花,恵美華,恵美香,恵味加,恵未佳,恵未香,江美佳,江美加,江美果,江美香,重美夏,笑佳,笑加,笑夏,笑果,笑華,笑香,笑美加,笑美香
えみこ,emiko,愛実子,愛美子,依后子,依実子,依未子,依巳子,衣見子,衣光子,衣実子,衣美子,衣未子,映見子,映己子,映三子,映充子,映美子,映未子,映巳子,栄見子,栄三子,栄実子,栄美子,栄文子,栄味子,栄巳子,栄弥子,永見子,永三子,永実子,永美子,永味子,瑛美子,瑛未子,瑛弥子,英益子,英三子,英視子,英実子,英壬子,英水子,英美子,英峰子,英満子,英未子,英巳子,衛美子,詠実子,詠美子,悦満子,悦巳子,延己子,会美子,絵海子,絵見子,絵己子,絵三子,絵実子,絵身子,絵寧子,絵美子,絵未子,絵巳子,絵妙子,絵弥子,絵路子,莞子,恵海子,恵皆子,恵宮子,恵見子,恵己子,恵湖子,恵三子,恵子,恵視子,恵実子,恵珠子,恵充子,恵美子,恵訪子,恵望子,恵満子,恵味子,恵未子,恵巳子,恵民子,恵弥子,恵倫子,慧美子,江見子,江三子,江示子,江実子,江充子,江身子,江美子,江未子,江巳子,咲子,支光子,枝弓子,枝見子,枝三子,枝実子,枝美子,重三子,重美子,笑己子,笑子,笑実子,笑美子,笑弥子,得見子,得実子,苗実子,柄美子,惠己子,惠子,惠実子,惠美子,榮見子,榮味子
えみな,emina,衣美奈,映美奈,英美奈,絵美奈,甘奈,恵海菜,恵三奈,恵実奈,恵美菜,恵美奈,恵美名,江実奈,江美奈,笑菜,惠美奈
えみね,emine,恵美音,笑音
えみの,emino,江美乃
えみほ,emiho,恵美帆,笑帆,笑歩,笑穂,笑頬
えみや,emiya,絵美矢
えみよ,emiyo,絵美代,恵代,恵美世,恵美代,江未代,笑代,惠美予
えみり,emiri,愛深里,愛美里,愛美莉,衣実璃,衣未令,衣里,映美里,映未里,栄美理,永未里,瑛美里,瑛美莉,英美利,英美理,英美里,詠未利,会美里,絵見理,絵実里,絵美利,絵美梨,絵美理,絵美里,絵美莉,絵未利,絵未理,絵未里,恵実梨,恵実里,恵美利,恵美吏,恵美梨,恵美理,恵美璃,恵美里,恵里,江美合,江美利,江美里,枝美里,笑美理,笑理,笑里
えみる,emiru,英美留,絵美瑠,恵美瑠,慧美流,江美留,江美瑠
えむ,emu,映夢,絵夢,絵霧,恵夢,慧夢,笑夢
えめ,eme,詠芽
えり,eri,愛利,愛梨,愛理,愛璃,愛里,愛鈴,愛麗,愛莉,依利,依李,依梨,依理,依里,依莉,衣利,衣李,衣梨,衣理,衣里,衣厘,衣麗,衣莉,允理,映利,映吏,映李,映梨,映理,映里,映玲,映莉,栄利,栄梨,栄理,栄里,永季,永聖,永利,永吏,永梨,永理,永里,永倫,永莉,瑛梨,瑛理,瑛里,瑛麗,瑛莉,英依,英利,英吏,英李,英梨,英理,英璃,英里,英倫,英鈴,英莉,衛里,詠梨,詠理,詠里,詠莉,悦理,悦里,円理,円里,延梨,画里,会梨,会理,会里,会莉,海燕,海里,絵鯉,絵利,絵吏,絵李,絵梨,絵理,絵璃,絵里,絵厘,絵鈴,絵麗,絵莉,衿,圭里,恵悦,恵季,恵合,恵利,恵吏,恵李,恵梨,恵理,恵璃,恵里,恵令,恵莉,慧李,慧梨,慧理,慧里,慧莉,芸里,江季,江利,江吏,江李,江梨,江理,江璃,江里,江倫,江麗,江莉,枝利,枝李,枝理,枝里,枝令,枝莉,重里,笑李,笑梨,笑理,笑里,笑莉,巴理,巴里,苗莉,柄利,萌理,萌里,誉理,惠利,惠吏,惠梨,惠理,惠里,惠莉
えりあ,eria,絵梨亜,絵理亜,絵里亜,恵里亜
えりい,eri,愛璃唯,愛里衣,瑛利唯,英里伊,絵梨依,絵梨衣,絵理衣,絵里伊,絵里衣,襟衣,恵里衣,恵莉衣,恵莉唯,江里伊
えりえ,erie,栄利江,英里枝,絵里絵,絵里恵
えりか,erika,愛梨佳,愛梨花,愛理可,愛理香,愛里花,愛里香,愛莉香,依佳,依加,依可,依果,依利佳,依利香,依吏佳,依梨香,依里佳,依里花,依里香,依麗加,依莉花,衣利架,衣梨花,衣梨香,衣理佳,衣里佳,衣里加,衣里夏,衣里菓,衣里香,叡里賀,映季佳,映利佳,映利香,映李花,映理花,映理賀,映璃花,映里佳,映里加,映里夏,映里花,映里香,栄利加,栄利果,栄利花,栄利馨,栄利香,栄利芳,栄吏香,栄梨香,栄理加,栄理香,栄里佳,栄里花,栄里香,栄莉香,永利香,永梨佳,永理佳,永理香,永里佳,永里加,永里賀,永里香,永莉香,瑛利佳,瑛利加,瑛李花,瑛梨花,瑛理佳,瑛理香,瑛璃香,瑛里佳,瑛里加,瑛里花,瑛里香,瑛莉華,瑛莉香,英利佳,英利加,英利華,英利香,英李佳,英李花,英梨佳,英梨果,英梨花,英梨華,英梨香,英理佳,英理加,英理夏,英理華,英理賀,英理香,英里佳,英里加,英里果,英里華,英里香,英莉加,英莉香,衛理歌,詠梨華,詠梨香,詠里加,詠里香,会里加,会令加,絵季佳,絵利佳,絵利加,絵利果,絵利架,絵利華,絵利香,絵吏佳,絵吏圭,絵吏香,絵李佳,絵李果,絵梨佳,絵梨加,絵梨嘉,絵梨夏,絵梨果,絵梨花,絵梨華,絵梨香,絵理佳,絵理加,絵理夏,絵理果,絵理歌,絵理花,絵理華,絵理香,絵璃加,絵璃華,絵里佳,絵里加,絵里可,絵里夏,絵里架,絵里花,絵里華,絵里香,絵里朱,絵莉佳,絵莉果,絵莉花,絵莉華,絵莉香,絵莉代,衿佳,衿加,衿夏,衿歌,衿花,衿華,衿賀,衿樺,襟佳,襟加,襟華,襟香,恵香,恵利佳,恵利加,恵利可,恵利果,恵利歌,恵利花,恵利華,恵利賀,恵利香,恵吏佳,恵吏香,恵李華,恵李香,恵梨佳,恵梨可,恵梨果,恵梨花,恵梨華,恵梨香,恵理郁,恵理佳,恵理加,恵理嘉,恵理夏,恵理果,恵理花,恵理華,恵理薫,恵理兼,恵理香,恵璃香,恵里伽,恵里佳,恵里加,恵里可,恵里夏,恵里果,恵里歌,恵里花,恵里茄,恵里華,恵里芽,恵里香,恵律香,恵麗佳,恵莉佳,恵莉加,恵莉花,恵莉華,恵莉桂,恵莉香,慧利加,慧利香,慧理香,慧莉香,江利佳,江利加,江利花,江利華,江利香,江梨佳,江梨加,江梨可,江梨夏,江梨花,江梨華,江梨圭,江梨香,江理佳,江理華,江理香,江璃香,江里佳,江里加,江里夏,江里花,江里華,江里香,江莉佳,江莉花,江莉香,枝利花,枝利香,枝梨佳,枝梨加,枝梨花,枝梨香,枝理佳,枝理加,枝理香,枝里佳,枝里果,枝里花,枝里華,枝里桂,枝里香,重里香,笑理華,笑里嘉,笑里香,巴梨香,惠李香,惠理香,惠里加,惠莉花
えりこ,eriko,亜梨子,愛梨子,愛理子,愛里子,愛立子,愛莉子,依織子,依利子,依李子,依梨子,依理子,依里子,依莉子,衣利子,衣吏子,衣李子,衣理子,衣璃子,衣里子,衣倫子,影里子,映利子,映吏子,映李子,映梨子,映理子,映里子,映立子,映莉子,栄利子,栄吏子,栄梨子,栄理子,栄里子,栄倫子,永利子,永吏子,永李子,永理子,永里子,永倫子,永莉子,瑛利子,瑛梨子,瑛理子,瑛里子,瑛莉子,英姫子,英利子,英吏子,英梨子,英理子,英璃子,英里子,英倫子,英玲子,英莉子,衛理子,詠利子,詠吏子,詠理子,詠里子,悦利子,悦梨子,悦理子,円理子,円林子,園利子,縁里子,会利子,会理子,会里子,懐理子,絵利子,絵吏子,絵李子,絵梨子,絵理子,絵里子,絵律子,絵厘子,絵莉子,衿子,襟子,恵利子,恵吏子,恵李子,恵梨子,恵理子,恵里子,恵律子,恵立子,恵倫子,恵厘子,恵林子,恵莉子,慧理子,慧里子,江利子,江吏子,江梨子,江理子,江璃子,江里子,江離子,江厘子,江令子,江玲子,江莉子,枝利子,枝吏子,枝梨琴,枝梨子,枝理子,枝里子,枝莉子,重理子,笑理子,笑里子,条怜子,選子,得利子,徳利子,乃里子,伯立子,領子,惠利子,惠理子,惠里子,惠倫子,惠厘子,榮里子,繪梨子
えりさ,erisa,愛理沙,愛里砂,依里紗,依里早,映里沙,映里砂,栄利沙,瑛里沙,英理佐,英理紗,英里佐,英里咲,英里紗,絵梨砂,絵理沙,絵理砂,絵理紗,絵里佐,絵里沙,絵里砂,絵里紗,絵里抄,襟紗,恵利紗,恵梨沙,恵梨紗,恵理沙,恵理砂,恵理紗,恵里沙,恵里紗,恵莉紗,江吏砂,江里沙,江里砂,江里紗,枝里紗
えりざ,eriza,絵里紗,恵里沙
えりす,erisu,衿須,襟朱
えりせ,erise,絵梨世,絵理世,絵里世,恵理世
えりな,erina,愛梨奈,愛理奈,愛里菜,愛里奈,依利奈,依梨菜,依梨名,依理菜,依理奈,依里奈,衣梨菜,衣梨奈,衣里奈,衣里梨,映理奈,映里奈,栄梨奈,栄理奈,栄里奈,栄里苗,栄莉名,永愛成,永史奈,永吏菜,永吏奈,永梨奈,永理菜,永理奈,永里奈,永里名,瑛梨奈,瑛理奈,瑛里奈,瑛倫奈,瑛令奈,瑛莉菜,瑛莉奈,英利奈,英利納,英梨菜,英梨奈,英理菜,英理奈,英璃奈,英里菜,英里奈,英里名,英律奈,英莉奈,英莉那,詠里那,悦利奈,悦里菜,絵利菜,絵利奈,絵吏菜,絵李奈,絵梨菜,絵梨奈,絵梨名,絵理菜,絵理奈,絵璃菜,絵里菜,絵里奈,絵里那,絵里南,絵莉菜,絵莉奈,絵莉那,絵莉南,衿菜,衿奈,衿名,襟奈,恵利菜,恵利奈,恵利那,恵利名,恵吏奈,恵吏名,恵梨菜,恵梨奈,恵梨那,恵理菜,恵理奈,恵理名,恵璃奈,恵里菜,恵里樹,恵里奈,恵里那,恵里名,恵莉菜,恵莉奈,慧莉奈,江利菜,江利奈,江李菜,江梨奈,江理奈,江理名,江里菜,江里奈,江厘奈,江莉奈,枝利奈,枝里奈,枝莉菜,笑利奈,惠理奈
えりの,erino,依利乃,依里乃,永里乃,英梨乃,英里乃,悦理乃,絵梨乃,絵里乃,恵梨乃,恵理乃,恵理野,恵里乃,江里乃
えりは,eriha,絵理葉,榮理羽
えりほ,eriho,英里帆,英里穂,絵梨穂,衿帆
えりみ,erimi,栄理美,永倫美,絵利美,絵里美,恵利美,恵理美,江利美,江里美,江令美,惠里美
えりも,erimo,会理萌,衿萌
えりよ,eriyo,英理代,絵理代,絵里世,恵里代
えりん,erin,絵凛
える,eru,愛瑠,映瑠,絵衣,絵留,絵瑠,恵留,恵瑠
えるあ,erua,絵瑠亜
えるな,eruna,恵留奈,恵瑠奈
えるま,eruma,絵留麻
えるみ,erumi,絵留美
えるも,erumo,恵留萌
えれ,ere,恵鈴,恵麗
えれい,erei,恵玲,恵礼
えれさ,eresa,絵礼沙
えれな,erena,栄玲奈,英玲奈,英玲南,英麗菜,詠麗奈,絵令奈,絵怜菜,絵玲奈,絵礼奈,絵麗奈,恵令奈,恵玲奈,恵礼奈,江玲奈,江礼奈
えれん,eren,恵恋,惠連
えんみ,enmi,円美
えんり,enri,演莉
おうか,ouka,欧夏
おうこ,ouko,央子,欧子,桜子
おうさ,ousa,桜咲,桜沙
おうな,ouna,欧奈,桜奈
おうみ,oumi,央美,欧美
おうら,oura,凰羅,桜良
おうり,ouri,桜梨
おおか,ooka,央佳
おおこ,ooko,欧子,桜子
おおみ,oomi,央美,欧美
おきこ,okiko,興子,置子
おきな,okina,沖奈
おきよ,okiyo,宙世
おくな,okuna,乙久奈
おさこ,osako,長子
おさみ,osami,乙早美,治美,収美,修美,長美,統美,伯美,吏美
おせ,ose,音瀬
おと,oto,乙,音
おとあ,otoa,音亜
おとえ,otoe,乙絵,乙恵,乙江,乙枝,乙笑,乙惠,音映,音栄,音絵,音恵,吟依,吟恵
おとか,otoka,乙香
おとぎ,otogi,乙伎
おとね,otone,乙音,音嶺
おとは,otoha,乙芭,乙葉,音羽,音葉
おとみ,otomi,乙美,音海,音美
おとめ,otome,乙女
おとよ,otoyo,乙代
おびこ,obiko,帯子
おもえ,omoe,緒萌
おもか,omoka,央百花
おりい,ori,織衣
おりえ,orie,央梨恵,央里絵,央里恵,央莉絵,乙梨惠,乙里枝,居恵,緒梨絵,緒理絵,緒理恵,緒理江,緒里映,緒里絵,緒里恵,緒里江,緒里枝,小里絵,織愛,織依,織衣,織映,織栄,織永,織英,織衛,織会,織絵,織恵,織慧,織江,織枝,織重,織生,織梨恵,折恵,折江,折枝,繊枝
おりか,orika,緒里香,織佳,織加,織可,織歌,織花,織華,織雅,織香
おりこ,oriko,織子
おりさ,orisa,織紗
おりな,orina,織菜
おりね,orine,織音
おりは,oriha,緒梨羽,織葉
おりみ,orimi,織美
おりめ,orime,織女
おりよ,oriyo,織代
おりん,orin,緒凛
おんか,onka,音歌
かあい,kai,佳愛,加愛,可愛,可会,嘉愛,夏愛,花愛,華愛,香愛
かあこ,kako,香亜子
かあさ,kasa,香亜沙,香麻
かあな,kana,香亜菜
かあや,kaya,花彩
かい,kai,花衣,香依
かいな,kaina,快奈,海奈,絵奈,貝菜
かいね,kaine,海音,絵音
かいの,kaino,絵乃
かいは,kaiha,絵葉
かいほ,kaiho,海帆,開帆
かいり,kairi,海里
かえ,kae,郁江,伽衣,伽枝,佳愛,佳依,佳衣,佳映,佳栄,佳永,佳瑛,佳英,佳会,佳絵,佳恵,佳慧,佳江,佳枝,佳重,佳代,佳惠,加愛,加依,加衣,加栄,加英,加絵,加恵,加慧,加江,加枝,加妃,加惠,加繪,可愛,可衣,可映,可英,可絵,可恵,可江,可枝,嘉恵,嘉慧,嘉江,嘉枝,夏衣,夏絵,夏恵,果依,果衣,果映,果瑛,果絵,果恵,果枝,架江,花愛,花依,花衣,花映,花栄,花永,花絵,花恵,花江,花重,花笑,華愛,華依,華衣,華英,華詠,華絵,華恵,華江,華枝,霞衣,賀愛,賀永,賀絵,賀恵,賀江,賀枝,賀重,賀惠,薫悦,圭衣,圭恵,圭惠,桂絵,桂恵,香愛,香依,香衣,香映,香栄,香英,香衛,香会,香絵,香伎,香恵,香慧,香江,香枝,香重,香得,香惠,香榮
かえい,kaei,佳穎
かえこ,kaeko,郁英子,佳愛子,佳衣子,佳映子,佳栄子,佳永子,佳瑛子,佳英子,佳詠子,佳園子,佳延子,佳絵子,佳恵子,佳江子,佳枝子,佳惠子,加依子,加映子,加永子,加衛子,加恵子,加江子,加枝子,加重子,加惠子,可恵子,嘉延子,嘉恵子,嘉江子,嘉枝子,夏恵子,歌枝子,花衣子,花永子,花会子,花恵子,華恵子,賀栄子,賀永子,賀英子,賀恵子,賀枝子,雅永子,雅英子,桂永子,香衣子,香映子,香永子,香英子,香詠子,香画子,香会子,香絵子,香恵子,香江子,香枝子,香惠子,克栄子
かえで,kaede,加枝手,華楓,椛,紅葉,楓
かえでこ,kaedeko,楓子
かえな,kaena,夏絵奈
かえみ,kaemi,佳栄美,佳恵美,佳江美,加恵美,嘉恵美,嘉笑,香恵美
かえり,kaeri,香江里
かえん,kaen,可園,嘉榮,夏艶,家燕
かお,kao,佳央,佳旺,佳緒,佳生,佳保,佳穂,加帆,夏央,夏生,果央,果生,花央,花生,花青,茄央,華央,華桜,圭央,香緒,香織,香生
かおい,kaoi,佳生,花青,華生,香生
かおう,kaou,佳央,可央,夏欧,家鶯,果央,圭央
かおく,kaoku,果憶
かおこ,kaoko,佳央子,佳桜子,佳生子,佳尾子,佳保子,佳穂子,加保子,加穂子,歌緒子,花央子,花穂子,華生子,賀保子,薫子,香央子,香子,香緒子
かおと,kaoto,佳音
かおな,kaona,香奈
かおほ,kaoho,薫帆
かおみ,kaomi,佳央,香美
かおよ,kaoyo,香王代
かおり,kaori,郁,郁織,郁理,郁里,伽織,伽折,佳浦里,佳於里,佳央利,佳央梨,佳央理,佳央里,佳央莉,佳往里,佳応里,佳乙里,佳音里,佳居,佳薫,佳桜里,佳桜麟,佳緒,佳緒利,佳緒梨,佳緒理,佳緒里,佳小里,佳織,佳織理,佳織里,佳生梨,佳生理,佳生里,佳折,佳多里,佳帆梨,佳帆里,佳保利,佳保里,佳穂利,佳穂吏,佳穂理,佳穂里,佳峰利,佳芳里,佳麻理,佳麻里,佳里,加央利,加央理,加央里,加緒利,加緒理,加緒里,加小里,加織,加生里,加保里,加穂里,加麻利,加理,加良理,可於梨,可央梨,可央理,可央里,可祈,可緒吏,可緒梨,可緒里,可織,可生里,可帆理,可帆里,可保梨,嘉緒理,嘉織,夏央里,夏緒梨,夏緒里,夏織,夏織里,夏水里,夏穂里,夏麻吏,果央理,果王里,果緒梨,果緒里,果織,架緒莉,架織,歌央里,歌王里,歌音里,歌緒梨,歌緒里,歌小里,歌織,歌織里,歌生里,花央理,花央里,花往里,花王梨,花乙里,花恩理,花桜里,花緒梨,花緒理,花緒里,花織,花織里,花多梨,花尾里,花麻理,華央里,華王里,華音合,華可利,華桜理,華緒,華緒理,華緒里,華織,華生吏,華生里,華穂理,華穂里,華穂莉,華里,賀央里,賀織,賀生里,雅織里,馨,馨織,馨梨,馨理,馨莉,薫,薫恵,薫子,薫織,薫利,薫梨,薫理,薫里,袈央了,圭央里,圭恵利,圭士里,圭緒里,圭織,圭穂梨,圭穂理,桂織,香,香於理,香於里,香央利,香央李,香央梨,香央理,香央里,香央莉,香往里,香欧里,香王利,香王理,香王莉,香乙理,香花,香居,香居里,香桜理,香桜里,香子,香識,香実,香秀,香順,香緒,香緒利,香緒李,香緒梨,香緒理,香緒里,香緒莉,香諸里,香小李,香小理,香小里,香織,香織梨,香織理,香織里,香生里,香折,香男里,香帆里,香尾里,香百合,香文,香保利,香保理,香保里,香歩理,香穂利,香穂理,香穂里,香穂莉,香朋里,香芳里,香麻里,香利,香吏,香李,香梨,香理,香璃,香里,香和里,香俐,香櫻里,香莉,鹿織,朱織,楓織,芳季,芳香,芳織,芳生,芳美,芳穂梨,芳吏,芳梨,芳理,芳里,蘭織,和緒里,和織
かおりこ,kaoriko,佳織子,薫子,香子,香織子
かおる,kaoru,郁,王香,佳居,佳緒,佳緒留,佳小留,佳織,佳生留,加居,加織,加保留,加穂留,夏織,夏生瑠,科織,歌織,花織,華央留,華緒留,華織,馨,薫,薫子,圭央,圭央流,香,香居,香淑,香緒留,香織,香水,香保瑠,香木,香流,香瑠,姿馨,芳,芳瑠,芳兒
かおるこ,kaoruko,馨子,薫子,香子,香木,芳子
かおるよ,kaoruyo,薫代
かおん,kaon,佳恩,佳音
かがえ,kagae,香恵
かがこ,kagako,香賀子
かがみ,kagami,加々美,加賀美,香雅美,香美
かがり,kagari,佳賀理,佳雅理,佳香林,加芽里,加賀里,加雅利,加雅里,可雅里,花香里,華芽里,香加理,香加里,香賀里,香雅里,星
かきこ,kakiko,佳季子,香樹子
かきみ,kakimi,香貴美
かぎり,kagiri,崖梨
かくこ,kakuko,佳久子,加久子,可久子,可功子,嘉久子,華紅子,賀久子,嚇子,各子,拡子,格子,覚子,赫子,記子,香久子,香公子,粛子,鶴子
かくみ,kakumi,佳久美,加久美,香実
かぐさ,kagusa,佳草,香久草,香草
かぐみ,kagumi,果美,香果,香果美,香久美,香具実,香実,香美
かぐや,kaguya,伽夜,加久矢,芳弥,曜
かげみ,kagemi,影美
かこ,kako,佳古,佳湖,佳子,加子,可子,嘉子,夏子,科子,果子,架子,花子,華子,賀子,香子,日子
かさね,kasane,香沙音
かさみ,kasami,香佐美
かざな,kazana,風奈
かざね,kazane,風音
かざは,kazaha,風葉
かざほ,kazaho,風穂
かざみ,kazami,佳紗美,加佐美,香沙美,香水,風海,風美,風味,風未,風夢
かざり,kazari,風里
かしえ,kashie,樫映
かしこ,kashiko,佳詩子,芳史子
かしの,kashino,樫乃
かしみ,kashimi,加志美
かしわ,kashiwa,柏
かすみ,kasumi,何純,佳紀,佳好美,佳子美,佳寿実,佳寿美,佳住,佳淑,佳純,佳須美,佳澄,佳素美,佳佑美,加好美,加主巳,加寿美,加純,加須美,加澄,加壽美,可恭,可寿美,可住,可純,可須美,可澄,嘉珠美,嘉寿美,嘉純,夏純,夏翠美,夏澄,果住,果純,果澄,歌純,歌澄,河澄,花朱美,花寿美,花住,花純,花澄,華紀,華好,華寿,華寿実,華寿美,華純,華澄,霞,霞美,賀寿美,賀淑,賀澄,雅澄,馨守美,馨澄,圭純,圭澄,好美,香紀,香好,香朱美,香寿,香寿実,香寿美,香州美,香住,香純,香須美,香須弥,香澄,香清,香有,香了,香橙,朱純,春霞,春海,春望,飛墨,和純,和澄,翔純
かすよ,kasuyo,加都代,和代
かすり,kasuri,華寿利,香須梨,飛白
かず,kazu,佳実,佳珠,佳寿,佳瑞,佳津,佳都,加寿,加津,加都,加壽,嘉寿,花寿,華寿,賀津,香珠,香寿,香州,香都,和,和寿,和津
かずい,kazui,和以,和依,和生
かずえ,kazue,一衣,一栄,一永,一悦,一絵,一恵,一慧,一江,一枝,一重,一笑,一乃,一惠,一榮,壱絵,員永,員枝,胤恵,佳恵,佳江,佳司恵,佳主英,佳主恵,佳珠江,佳寿恵,佳寿江,佳寿枝,佳瑞重,佳津栄,佳津江,佳津枝,加珠恵,加寿絵,加寿恵,加寿江,加寿枝,加須恵,加津恵,加津江,加津枝,加都江,加都枝,加壽江,加壽惠,嘉寿江,嘉寸枝,嘉津江,嘉壽江,夏寿枝,花珠栄,華寿枝,賀寿恵,賀寿枝,賀津恵,賀津江,紀江,計恵,計江,計枝,憲衛,効恵,香季,香珠江,香寿絵,香寿恵,香寿枝,香津依,香津江,香津枝,香都枝,寿衣,寿栄,寿詠,寿恵,寿江,寿枝,寿得,仁恵,数絵,数恵,数江,数枝,千絵,千恵,千枝,多栄,多恵,百絵,法映,万恵,万枝,万惠,容榮,量枝,麗絵,和亜,和愛,和依,和衣,和映,和栄,和永,和泳,和英,和衛,和央,和画,和会,和絵,和恵,和江,和枝,和寿恵,和寿枝,和重,和生,和津恵,和苗,和惠
かずお,kazuo,和生
かずか,kazuka,一佳,一加,一夏,一花,一華,一香,枝香,和加,和可,和夏,和花,和華,和香
かずき,kazuki,良紀,和喜,和岐,和希,和祈,和季,和紀,和貴,和生,和妃,和姫
かずこ,kazuko,一子,壱子,員子,胤子,円子,佳月子,佳主子,佳珠子,佳受子,佳寿子,佳州子,佳住子,佳瑞子,佳崇子,佳素子,佳津子,佳鶴子,佳都子,佳祐子,佳律子,佳壽子,加朱子,加珠子,加寿子,加住子,加須子,加瑞子,加津子,加鶴子,加都子,加壽子,可主子,可寿子,嘉寿子,嘉瑞子,嘉津子,嘉鶴子,花珠子,花瑞子,華寿子,賀寿子,賀須子,賀崇子,賀津子,賀壽子,雅津子,馨津子,圭津子,香月子,香朱子,香珠子,香寿子,香州子,香須子,香瑞子,香津子,香都子,香壽子,策子,算子,師子,詩子,治子,主子,寿子,収子,宗子,数子,千子,聡子,多子,知子,日好子,芳珠子,万子,量子,和己,和湖,和香,和子,和寿子,和代子,壹子,壽子
かずさ,kazusa,委紗,一沙,一瑳,一砂,一彩,一冴,一紗,一抄,一総,壱佐,佳月才,佳寿沙,嘉瑞紗,馨津沙,紀咲,計沙,千沙,知紗,麗砂,和佐,和左,和沙,和砂,和紗,和草
かずちよ,kazuchiyo,和千代
かずな,kazuna,一菜,一奈,一楠,壱奈,加寿奈,華津奈,数奈,千菜,万奈,麗奈,和菜,和奈,和那,和南,和名
かずね,kazune,千音,和音
かずの,kazuno,一乃,円乃,加津乃,紀乃,千乃,麗乃,和乃,和野
かずは,kazuha,一巴,一葉,一翔,賀津葉,春羽,初羽,万葉,和波,和葉
かずほ,kazuho,一帆,一保,一歩,一穂,一鵬,一誉,一葉,壱歩,佳朱穂,佳寿保,加津穂,香久穂,香寿保,春帆,千穂,和帆,和布,和保,和歩,和甫,和穂,和穗
かずみ,kazumi,一海,一己,一光,一三,一実,一充,一省,一身,一水,一澄,一生,一誠,一泉,一二三,一美,一姫,一望,一満,一味,一未,一巳,一箕,一稔,一弥,一實,員実,員未,円水,円美,佳守美,佳朱美,佳寿実,佳寿美,佳寿弥,佳純,佳帥実,佳澄,佳泉,佳知美,佳津美,加珠美,加寿美,加純,加須美,加津美,加壽美,可寿美,可純,可津美,嘉寿美,嘉住,嘉純,嘉須美,夏純,夏澄,果寿美,果純,歌津美,珂司美,花寿美,花樹実,花純,華朱美,華淑,華純,華澄,賀寿美,賀津美,賀津巳,賀都彌,紀実,起美,計美,憲美,香朱美,香寿己,香寿実,香寿美,香樹己,香住,香純,香澄,香寸巳,香津美,香都美,克澄,克美,主美,主巳,寿海,寿実,寿美,寿弥,周美,昭美,上須美,数実,数深,数津美,数美,数未,千実,千美,多海,多美,知弓,知美,知未,知也,日珠美,法水,法美,万実,万美,万未,万巳,祐未,利美,良実,良美,量美,量巳,麗美,暦美,和海,和弓,和恵,和見,和己,和三,和史,和子,和視,和爾,和実,和珠,和寿美,和住美,和純,和臣,和身,和水,和瑞,和澄,和生,和泉,和津美,和都,和美,和望,和満,和味,和未,和巳,和民,和弥,和已,壽美,數美
かずめ,kazume,一女,和女
かずよ,kazuyo,一四,一世,一代,一予,一与,一容,一葉,員世,員代,員与,佳寿代,佳須代,佳津代,佳都世,佳律代,加寿佳,加寿代,加須代,加図予,加津代,可須世,嘉朱代,歌寿代,華寿代,賀寿代,雅寿誉,圭朱代,圭寿代,圭代,計世,計代,香珠代,香寿代,香津代,寿世,寿代,宗世,数世,数代,多世,多代,知世,百代,芳寿与,枚代,万世,万代,万予,万葉,料代,量代,麗代,和世,和代,和予,和余,和与,和容,和葉,和陽,和良,壽世
かずり,kazuri,一里,和里
かぜ,kaze,風
かぜの,kazeno,風乃
かちこ,kachiko,何千子,佳智子,加知子,加智子,歌知子,賀千子,香智子,克知子
かちよ,kachiyo,加千代
かつえ,katsue,佳津衣,佳津絵,佳津恵,佳津江,佳津枝,佳都得,加津江,加津枝,加津惠,嘉津恵,嘉津江,賀津江,賀津枝,活江,活枝,且恵,桂津江,功恵,功江,香津恵,香津江,香都恵,克依,克衣,克映,克栄,克衛,克悦,克恵,克江,克枝,克重,克惠,住津江,勝衛,勝絵,勝恵,勝江,勝枝,徳枝,和恵,和津絵,和津枝
かつき,katsuki,郁月,佳月,加月,嘉月,花月,華月,桂紀,香月,香津紀,和希
かつこ,katsuko,佳嗣子,佳津子,佳都子,加津子,加都子,嘉津子,歌月子,歌津子,華都子,華冬子,賀津子,賀都子,括子,活子,且子,桂子,賢子,功子,香津子,香都子,克子,克津子,勝子,旦子,雄子,和子
かつさ,katsusa,勝沙
かつちよ,katsuchiyo,勝千代
かつな,katsuna,克奈,勝奈
かつの,katsuno,佳津乃,賀津乃,葛乃,克乃,勝乃
かつほ,katsuho,一穂
かつみ,katsumi,佳津美,佳都美,加津海,加津実,加津美,嘉津美,嘉都美,果司未,花都美,且未,桂美,香津美,香摘,香都美,克美,勝美,雄美,和美
かつよ,katsuyo,佳月代,佳津代,佳都世,加津世,加津代,夏津代,雅津代,活世,桂代,功代,香津代,克世,克代,克予,克余,勝世,勝代,勝誉,勉与,和代,尅代
かつらこ,katsurako,桂子
かづ,kazu,佳寿,加津,加都,可津,嘉津,果津,華都,賀津,香朱,香津,香都,和
かづえ,kazue,一絵,一恵,一江,一枝,佳江津,佳津栄,佳津絵,佳津恵,佳津江,佳津枝,佳都恵,加津恵,加津江,加津枝,加都江,加都枝,嘉津恵,嘉津江,歌津江,賀津江,活笑,香津恵,香津枝,和恵,和江,和枝,和津江
かづき,kazuki,佳月,佳津希,加月,加津紀,嘉月,夏月,果月,花月,華月,賀月,雅月,圭月,桂月,香卯月,香月,和希,和気
かづこ,kazuko,一子,佳月子,佳津子,佳通子,佳鶴子,佳都子,加寿子,加津子,加都子,嘉津子,花津子,賀津子,雅津子,袈津子,香月子,香津子,香鶴子,千子,聡子,和子,和鶴子
かづさ,kazusa,加津沙
かづな,kazuna,佳津奈,歌月名,香月奈,和奈
かづの,kazuno,一乃,花津乃,賀津乃
かづは,kazuha,一葉,佳津葉
かづほ,kazuho,一歩,一穂,香津帆,香津歩
かづみ,kazumi,一美,佳寿美,佳津美,加珠美,加津美,嘉津美,嘉鶴美,嘉都美,歌津美,花積,賀津美,馨津実,圭津実,効美,香積,香津美,香摘,香都美,寿美,勝美,麗美,和美,和弥
かづめ,kazume,一女
かづよ,kazuyo,一世,一代,佳津代,加津代,可都世,嘉司代,賀津代,香素代,香津世,香津代,香鶴代,千世,知代,利予,和世,和代
かづる,kazuru,香鶴
かてな,katena,香手奈
かとこ,katoko,佳都子
かとみ,katomi,佳都美
かどな,kadona,圭奈
かどの,kadono,圭乃
かな,kana,杏菜,郁奈,郁那,郁乃,郁銘,一夏,何奈,伽奈,伽那,佳杏,佳永,佳夏,佳菜,佳七,佳渚,佳生,佳奈,佳那,佳南,佳納,佳名,佳也,佳良,佳和,加愛,加菜,加奈,加那,加名,加也,可菜,可七,可直,可奈,可那,可南,可名,嘉菜,嘉奈,嘉那,夏菜,夏秋,夏奈,夏那,夏南,夏葉,嫁那,科奈,果菜,果奈,果那,果南,果名,架奈,歌菜,歌奈,歌来,珂奈,花永,花菜,花奈,花那,花南,花名,茄奈,華菜,華奈,華那,華南,華楠,華名,華娜,賀菜,賀奈,雅奈,久乃,薫奈,圭菜,圭奈,圭那,圭乃,桂央,桂奈,結花,光那,香夏,香采,香菜,香七,香渚,香尚,香奈,香那,香南,香名,香来,香林,克奈,鹿奈,神奈,奏,日菜,日奈,日和,芳菜,芳奈,芳那,和奈,和那,栞花,珈奈,翔菜
かなえ,kanae,愛絵,愛恵,郁奈恵,郁奈江,央絵,央恵,佳絵,佳江,佳菜英,佳菜絵,佳菜恵,佳菜江,佳菜枝,佳七江,佳成江,佳奈愛,佳奈映,佳奈栄,佳奈永,佳奈英,佳奈絵,佳奈恵,佳奈江,佳奈枝,佳奈重,佳那衣,佳那恵,佳那江,佳那枝,佳南枝,佳苗,佳苗恵,佳望,佳名栄,佳名恵,佳名江,加菜絵,加菜恵,加菜江,加菜枝,加七絵,加奈映,加奈栄,加奈永,加奈英,加奈絵,加奈恵,加奈江,加奈枝,加奈重,加奈惠,加那絵,加那恵,加那江,加那枝,加楠絵,加納恵,加苗,加邦枝,加名栄,加名恵,加名江,可菜映,可菜恵,可菜枝,可奈英,可奈絵,可奈恵,可奈江,可奈枝,可奈笑,可南枝,可苗,嘉菜恵,嘉菜江,嘉奈恵,嘉奈江,嘉奈枝,嘉苗,夏菜江,夏七江,夏奈衣,夏奈絵,夏奈恵,夏奈江,夏苗,家奈栄,科苗,果菜絵,果菜恵,果奈依,果奈栄,果奈絵,果奈恵,果奈枝,果苗,果名得,架奈恵,架奈枝,架苗,歌菜恵,歌七絵,歌苗,歌来絵,花菜絵,花菜恵,花菜江,花菜枝,花奈栄,花奈絵,花奈恵,花奈江,花那恵,花苗,華菜恵,華菜江,華奈栄,華奈絵,華奈恵,華奈江,華奈枝,華那恵,華那慧,華南枝,華苗,華梨江,賀菜絵,賀奈恵,賀奈江,賀奈枝,賀那英,賀那恵,賀苗,賀名衣,賀名江,雅奈恵,雅奈江,海南恵,海南江,絵苗,掛苗,叶,叶瑛,叶絵,叶恵,協江,圭苗,桂奈江,桂苗,香栄,香夏恵,香絵,香恵,香菜,香菜映,香菜絵,香菜恵,香菜江,香菜枝,香枝,香七枝,香七重,香奈衣,香奈栄,香奈英,香奈絵,香奈恵,香奈江,香奈枝,香那依,香那絵,香那恵,香那枝,香南江,香南枝,香妃,香苗,香苗恵,香名映,香名恵,哉絵,哉恵,哉江,哉枝,哉苗,神名衣,奏,奏愛,奏衣,奏栄,奏瑛,奏英,奏会,奏絵,奏恵,奏江,奏枝,鼎,日苗,芳苗,要恵,要枝,和恵
かなお,kanao,奏桜,奏緒,奏生,和央
かなか,kanaka,加奈香,加納香,哉香,奏香
かなこ,kanako,愛子,郁菜子,郁奈子,郁南子,郁名子,仮那子,何奈子,何名子,伽奈子,佳永子,佳夏子,佳菜子,佳七子,佳渚子,佳成子,佳生子,佳奈香,佳奈子,佳那子,佳内子,佳南子,佳楠子,佳納子,佳苗子,佳邦子,佳名香,佳名子,佳銘子,佳和子,加映子,加永子,加菜子,加七子,加称子,加成子,加奈湖,加奈孔,加奈子,加那子,加内子,加南子,加納子,加苗子,加名子,加梨子,可夏子,可菜子,可七子,可成子,可直子,可奈子,可那子,可南子,可乃子,可名子,可和子,嘉菜子,嘉七子,嘉成子,嘉奈子,嘉那子,嘉南子,嘉納子,嘉名子,夏菜子,夏七子,夏奈子,夏那子,夏南子,夏納子,科奈子,科那子,果菜子,果奈子,果那子,果南子,架奈子,架那子,架楠子,架名子,歌菜子,歌奈子,歌那子,歌南子,歌名子,河奈子,珂奈子,珂娜子,花菜子,花奈子,花南子,花名子,華菜子,華汀子,華奈己,華奈子,華那子,華名子,華也子,賀七子,賀奈子,賀那子,賀納子,賀名子,賀梨子,雅奈子,雅那子,雅耶子,海南子,絵奈子,馨那子,叶子,幹奈子,協子,金子,薫奈子,圭丹子,圭奈子,圭名子,桂奈香,桂奈子,桂那子,桂捺子,桂梨子,香愛子,香詠子,香夏子,香菜呼,香菜子,香七子,香渚子,香女子,香成子,香代子,香仲子,香奈湖,香奈幸,香奈子,香那子,香南子,香楠子,香納子,香波子,香苗子,香名子,香梨子,克奈子,哉子,鹿奈子,周子,春菜子,神奈子,奏香,奏菜子,奏子,奏那子,代奈子,適子,日奈子,日南子,日名子,芳奈子,芳名子,要子,和奈子
かなさ,kanasa,加南紗
かなつ,kanatsu,佳夏,香夏
かなで,kanade,奏,和奏
かなの,kanano,愛乃,佳奈乃
かなは,kanaha,愛葉,佳奈葉,夏南波,奏葉
かなほ,kanaho,加奈穂,可奈歩,可南歩,香南穂,奏帆,奏穂
かなみ,kanami,愛美,郁奈美,榎奈美,佳菜,佳菜見,佳菜美,佳菜未,佳泉,佳直美,佳奈,佳奈実,佳奈美,佳奈未,佳那美,佳南,佳南美,佳波,佳波美,佳名美,加菜美,加奈己,加奈実,加奈美,加奈望,加奈未,加奈巳,加波,加名見,加名美,加浪,可菜美,可奈美,可奈巳,可那美,可楠実,嘉奈美,夏菜実,夏南海,夏南美,夏波,夏名美,果菜美,果奈美,果那実,果那美,架奈美,歌奈美,花菜生,花菜美,花奈実,花奈美,花波,華菜美,華奈美,華南,華波,賀菜実,雅奈美,叶実,叶美,叶望,叶未,香菜,香菜実,香菜美,香成美,香泉,香奈実,香奈美,香奈弥,香那美,香南,香南美,香波,香並,香名美,哉美,哉巳,哉弥,鐘美,神奈美,奏見,奏実,奏美,奏未,奏巳,奏弥,泰美,要美,和奈美
かなめ,kaname,何奈芽,佳永女,佳奈女,加奈女,加名芽,加名女,可成愛,歌奈女,華奈女,兼女,香魚女,香菜女,香奈芽,香奈女,香名芽,香名女,哉女,寿奈女,要,要芽
かなやわ,kanayawa,加奈
かなよ,kanayo,郁名代,佳菜代,佳七与,佳奈世,佳奈代,佳那代,加女代,加奈世,加奈代,加名代,可奈代,賀奈世,賀奈代,叶代,香菜世,香菜代,香奈代,哉代,鹿奈代,奏代,要代,假奈代
かなり,kanari,佳奈里,佳也,加奈利,加奈梨,加奈理,花菜里,花成,香成,奏里
かなる,kanaru,香奈瑠
かなわ,kanawa,奏和
かなん,kanan,佳南,佳楠,加南,可南,花南
かにみ,kanimi,蟹海
かね,kane,加音,嘉音,夏音
かねい,kanei,佳寧
かねえ,kane,嘉子江,金恵
かねこ,kaneko,佳根子,加根子,可根子,錦子,銀子,香根子,香峰子,香峯子,周子,瑞子,包子
かねみ,kanemi,加根美,金美,鐘美,包美
かねよ,kaneyo,佳年代,兼代
かの,kano,郁乃,佳乃,佳野,加乃,可乃,嘉乃,夏乃,夏野,花乃,華乃,樺乃,香乃,香濃,香野,楓乃,和野
かのえ,kanoe,佳乃絵,華之枝,甲恵,香乃恵
かのこ,kanoko,佳楠子,佳乃胡,佳乃子,佳之子,佳能子,佳野子,加乃子,加能子,可愛子,可乃子,可能子,夏野子,歌乃子,花乃子,花野子,華乃子,華野子,賀乃子,快乃子,叶子,圭乃子,桂乃子,甲乃子,香子,香乃古,香乃子,香之子,香納子,香野子,鹿子,鹿乃子,和子
かのみ,kanomi,佳典美,佳乃実,夏乃実,華乃弓,香乃美
かのよ,kanoyo,佳乃代
かのん,kanon,佳音,夏音,架音,歌音,花音,茄音,華音,椛音,香音,楓望,和音
かはる,kaharu,香春
かふゆ,kafuyu,佳冬
かほ,kaho,榎穂,佳浦,佳帆,佳保,佳歩,佳穂,佳芳,佳穗,加帆,加穂,可歩,可穂,嘉穂,夏帆,夏歩,夏穂,果帆,果布,果歩,果甫,果穂,歌穂,歌芳,花帆,花保,花歩,花穂,花芳,茄保,茄歩,華帆,華保,華歩,華穂,華芳,霞帆,薫歩,薫穂,圭穂,香帆,香保,香歩,香甫,香穂,香朋,香房,和保
かほこ,kahoko,郁保子,佳帆子,佳保子,佳穂子,佳芳子,加保子,加穂子,加朋子,加誉子,可穂子,可芳子,嘉保子,嘉穂子,夏帆子,河浦子,花穂子,賀保子,香帆子,香保子,香補子,香穂子,香峰子
かほな,kahona,果歩奈
かほみ,kahomi,加邦美,香保美,香穂美
かほよ,kahoyo,香穂世
かほり,kahori,佳帆織,佳帆理,佳帆里,佳保利,佳保理,佳保里,佳保莉,佳穂吏,佳穂理,佳穂里,加帆里,加保梨,加保理,加保里,加穂理,加穂里,加方里,可保里,可歩理,可甫理,夏帆里,夏穂里,歌織,花帆里,花穂里,華保理,華穂利,華穂里,華芳里,霞浦里,賀穂里,馨,薫,圭帆織,香,香織,香帆里,香保利,香保理,香保里,香歩里,香穂利,香穂梨,香穂理,香穂里,香芳里,和保里
かほる,kahoru,佳保留,佳穂留,花保留,薫,香,香保留,香穂留
かみ,kami,佳美,加美,嘉美,華美,香美
かみえ,kamie,香美恵
かみこ,kamiko,加美子,夏美子,神子
かむな,kamuna,佳夢奈
かや,kaya,伽耶,伽野,佳郁,佳哉,佳也,佳耶,佳野,佳弥,佳矢,加八,加也,加耶,加弥,可也,可耶,可弥,嘉耶,嘉弥,夏也,夏野,夏矢,果也,果耶,果矢,歌野,花也,花野,花弥,華也,華耶,華弥,華陽,芽弥,賀也,賀陽,楽耶,寛弥,香哉,香也,香耶,香野,香弥,香矢,草,芳弥,榧
かやこ,kayako,伽耶子,佳家子,佳哉子,佳八子,佳也子,佳夜子,佳耶子,佳弥子,佳矢子,加也子,加夜子,加耶子,加弥子,可也子,可弥子,可矢子,夏也子,夏野子,花野子,花矢子,華也子,芽也子,賀也子,賀弥子,賀陽子,茅子,香屋子,香也子,香耶子,香野子,香弥子,香矢子,香彌子,鹿也子,草葉子
かやの,kayano,佳哉乃,佳也乃,佳野乃,佳矢乃,嘉也乃,嘉矢乃,夏也野,華矢乃,芽乃,茅乃,香也乃,香弥乃,香矢乃,草乃
かやみ,kayami,夏也美,香夜見
かやり,kayari,萱梨
かゆ,kayu,佳由,夏夕,果優,華由,香友
かゆう,kayu,佳優,嘉優,歌夕,香裕
かゆき,kayuki,佳千,加幸,加由希,華幸,華千,香幸,香雪,香友紀,香由紀
かゆこ,kayuko,佳由子,佳夕子,加友子,加有子,香由子
かゆみ,kayumi,佳由美,加裕美,香由美
かゆめ,kayume,夏夢
かゆり,kayuri,佳百合,佳有里,佳祐里,加友里,嘉由利,賀由里,香百合,香友梨,香友理,香有里,香由梨,香由里,香裕里
かよ,kayo,佳宜,佳世,佳生,佳代,佳美,佳姫,佳夜,佳由,佳予,佳余,佳与,佳誉,佳容,佳用,佳葉,佳良,加佳,加世,加代,加予,加与,加誉,加容,加揚,加葉,加陽,可依,可喜,可世,可代,可予,可与,可容,可耀,嘉宇,嘉世,嘉代,嘉予,嘉与,夏世,夏代,夏余,夏誉,夏葉,家世,家代,果世,果代,果余,架世,架代,架予,歌世,歌代,歌与,河代,花世,花代,花夜,花容,華世,華代,華予,華余,華与,華誉,華容,賀世,賀代,賀予,賀与,雅世,雅代,雅誉,開代,馨代,馨予,薫代,圭世,圭代,桂世,桂代,好代,甲代,香依,香佳,香好,香昌,香世,香生,香代,香歩,香夜,香予,香余,香与,香誉,香容,香葉,香陽,多代,日世,楓代,芳嘉,芳世,芳代,芳誉,芳葉,和世,和代,和余
かよう,kayou,佳容,佳洋,佳葉,佳蓉,佳要,佳陽,佳曄,佳瑤,加容,加陽,夏葉,科曄,花葉,華陽,香洋,香葉,香瑶
かよえ,kayoe,佳世枝,佳代江,加代江,加文枝,香代枝,香余枝
かよこ,kayoko,何代子,伽依子,伽吉子,価世子,佳依子,佳吉子,佳好子,佳秀子,佳世湖,佳世子,佳生子,佳代幸,佳代子,佳代姫,佳芳子,佳也子,佳由子,佳予子,佳余子,佳与杏,佳与子,佳誉子,佳預子,佳容子,佳揚子,佳洋子,佳溶子,佳用子,佳葉子,佳蓉子,佳要子,佳陽子,佳良子,佳與子,加依子,加佳子,加喜子,加四子,加昌子,加世子,加代子,加芳子,加夜子,加由子,加予子,加余子,加与子,加誉子,加容子,加洋子,加葉子,加要子,加陽子,加良子,可依子,可世子,可代子,可夜子,可余子,可容子,可葉子,可陽子,嘉依子,嘉昌子,嘉世子,嘉代子,嘉夜子,嘉予子,嘉余子,嘉与子,嘉誉子,嘉容子,嘉洋子,嘉葉子,嘉陽子,夏世子,夏代子,夏予子,夏庸子,夏陽子,家世子,家代子,家庸子,科容子,果代子,架代子,歌世子,歌代子,歌謡子,河予子,珂代子,花世子,花代子,花容子,花曜子,茄容子,華好子,華世子,華代子,華予子,華誉子,華容子,華葉子,華陽子,華養子,芽代子,賀佳子,賀世子,賀代子,賀与子,賀容子,賀洋子,賀要子,賀陽子,雅世子,雅代子,雅洋子,開代子,馨容子,薫礼子,袈代子,圭世子,圭代子,圭余子,圭葉子,圭了子,圭良子,桂祥子,桂代子,香依子,香詠子,香喜子,香吉子,香好子,香昌子,香詳子,香世子,香帯子,香代子,香予子,香余子,香与子,香誉子,香容子,香庸子,香揚子,香洋子,香葉子,香陽子,香良子,克容子,鹿代子,春代子,勝代子,神代子,通子,芳昌子,芳世子,芳生子,芳代子,和世子,和代子,和余子
かよの,kayono,佳世乃,佳代乃,加代乃,加予乃,香代乃,香葉乃
かよみ,kayomi,佳世美,佳代美,佳余巳,加代実,加代美,加予美,可代美,夏代美,花与実,華世実,賀代美,桂世美,香代実,香代美,香美,香余美,香葉美
かより,kayori,佳世里,佳由,佳和,加代里,賀代里,香依,香代利,香代里,香余理,香和
からん,karan,匂蘭
かり,kari,佳里
かりえ,karie,可理絵
かりな,karina,佳里奈,加利奈,加理奈,加里奈,可理奈,可里奈,果理奈,果里菜,歌吏菜,歌梨納,歌里那,花利奈,花吏奈,茄里名,華利奈,華理奈,華里奈,香梨奈,香理菜,香理奈,香里菜,香里奈
かりの,karino,香理乃
かりや,kariya,香理耶
かりん,karin,榎林,佳林,佳鈴,佳凛,夏鈴,夏麗,夏凛,夏凜,果梨,果凌,果林,果凛,架輪,花梨,花倫,花林,花玲,花鈴,花凛,華梨,華林,華鈴,香梨,香林,香鈴,香凛,香凜
かる,karu,佳留
かるな,karuna,果瑠奈
かるみ,karumi,香留美
かれい,karei,佳伶,佳玲,佳鈴,嘉玲,嘉麗,家伶,華麗
かれな,karena,香麗奈
かれん,karen,一恋,伽怜,佳玲,佳廉,佳恋,佳蓮,可怜,可恋,可憐,可蓮,夏蓮,果廉,果恋,果連,歌漣,火蓮,花恋,花蓮,花連,華怜,華恋,華蓮,華連,叶恋,香怜,香廉,香恋,香蓮,香錬
かわい,kawai,佳愛,佳合,可愛,香愛
かわな,kawana,夏和菜
かをり,kaori,佳織,佳保里,歌小里,薫,香,香緒里,香織,香保里,香里
かをる,kaoru,椛流,薫,香
かをるこ,kaoruko,薫子
かんこ,kanko,冠子,寒子,寛子,歓子,監子,観子,鑑子
かんな,kanna,佳奈,佳夢奈,加菜,加奈,可奈,歌南,画奈,冠菜,冠奈,冠那,寒奈,勧奈,完奈,完和,寛菜,寛女,寛奈,幹奈,歓菜,歓奈,歓那,環菜,環奈,環名,甘夏,甘菜,甘奈,甘梨,緩菜,緩奈,緩南,観菜,観和,貫奈,鑑奈,甲奈,香菜,香奈,紺奈,十月,神菜,神奈,神那,神無,神流,菅奈,芳菜,芳奈,栞菜,栞奈,栞那,栞名
かんね,kanne,栞寧
かんの,kanno,閑乃
かんら,kanra,函羅
がよう,gayou,雅榕
きい,ki,希衣,季意
きいこ,kiko,喜以子,希伊子,希依子,希委子,希衣子,季意子,季衣子,季井子,紀以子,紀伊子,紀衣子,規伊子,貴以子,貴伊子,妃生子
きいちご,kichigo,黄苺
きえ,kie,葵衣,葵絵,衣恵,黄映,喜栄,喜永,喜絵,喜恵,喜江,喜枝,基恵,希依,希衣,希影,希栄,希瑛,希英,希絵,希恵,希江,希枝,希笑,祈恵,季愛,季依,季衣,季英,季絵,季恵,季江,季枝,季重,稀恵,紀依,紀衣,紀映,紀栄,紀詠,紀会,紀絵,紀恵,紀江,紀枝,紀重,紀惠,規恵,記江,貴愛,貴衣,貴映,貴栄,貴瑛,貴会,貴絵,貴恵,貴江,貴枝,貴重,貴惠,貴繪,起惠,輝恵,輝枝,己枝,樹愛,樹衣,樹映,樹絵,樹惠,生絵,生恵,生枝,妃恵,妃笑,姫英,姫江,綺依
きえい,kiei,暉映
きえか,kieka,祈永歌
きえこ,kieko,黄枝子,喜依子,喜映子,喜栄子,喜恵子,喜江子,喜枝子,喜惠子,基栄子,基恵子,希依子,希衣子,希栄子,希永子,希絵子,希恵子,希江子,希枝子,毅枝子,季愛子,季映子,季詠子,季絵子,紀依子,紀衣子,紀瑛子,紀英子,紀詠子,紀恵子,紀江子,紀枝子,紀惠子,規恵子,記英子,記恵子,貴映子,貴栄子,貴瑛子,貴英子,貴画子,貴絵子,貴恵子,貴江子,貴枝子,起英子,起恵子,輝恵子,輝江子,近江子,己恵子,生恵子,妃恵子,妃枝子
きえみ,kiemi,希依美,希恵美,紀栄美,紀恵美,貴栄美,貴恵実,貴恵美
きお,kio,喜生,希央,希緒,希生,季央,紀央,紀緒,貴央,貴緒,求央
きおこ,kioko,希生子,季尾子,紀生子,紀保子
きおみ,kiomi,季緒美,紀央美
きおり,kiori,希織,祈織,季織,紀織,生織
きおん,kion,希音,季音
きか,kika,希佳,希夏,希香,季夏,季花,季樺,紀佳,貴花,貴華,己佳
きかこ,kikako,希加子,季華子,紀佳子,貴香子,輝嘉子
きき,kiki,季々
ききょう,kikyou,希京,桔梗,樹杏
きく,kiku,喜久,希久,希公,紀久,貴久,貴薫,掬,菊,樹久
きくえ,kikue,企久恵,喜久栄,喜久英,喜久恵,喜久江,喜久枝,喜久惠,希久栄,希久恵,希久枝,幾久恵,揮久枝,旗久江,季久絵,季久江,紀久栄,紀久絵,紀久恵,紀久江,紀久枝,紀公恵,規久映,記久恵,記久江,貴久恵,貴久江,貴久枝,輝久江,輝久枝,菊栄,菊絵,菊久栄,菊久枝,菊恵,菊江,菊枝,菊惠,君久枝,公久枝,清久栄,聴江,妃久恵,藝久江
きくか,kikuka,貴久香,菊花,菊香,菊鹿
きくこ,kikuko,喜久子,喜公子,基久子,基公子,希久子,希公子,希弘子,幾久子,棋久子,季久子,季公子,季紅子,紀久子,紀宮子,紀公子,紀来子,規久子,規矩子,規公子,規紅子,記久子,記公子,記邦子,貴久子,貴紅子,起久子,起句子,起公子,輝久子,輝空子,菊子,香久子,樹久子,妃久子,妃公子,来來子
きくな,kikuna,喜久奈,菊菜
きくの,kikuno,喜久乃,喜久野,基久乃,季久乃,紀久乃,記久乃,貴久乃,貴久野,菊乃,欣久之,枝久乃,姫久乃
きくほ,kikuho,菊穂
きくみ,kikumi,喜久美,希久美,希久巳,希紅美,季久水,紀久実,紀久美,規久美,規公美,記久美,記久巳,記弘美,貴久実,貴久美,貴公美,貴紅実,起久美,掬巳,菊見,菊実,菊美,己公美,木久美
きくよ,kikuyo,喜久世,喜久代,基久良,希久代,希公代,幾久世,季久代,紀久世,紀久代,規久代,記久代,貴久世,貴久代,起久世,起久代,菊久代,菊世,菊代,樹久世,樹久代,生久代
きこ,kiko,葵子,喜子,希子,季子,稀子,紀子,貴子,輝子,樹子,姫子,綺子,麒子
きさ,kisa,喜佐,希沙,希咲,希紗,希早,季佐,季咲,季紗,紀佐,紀沙,記彩,記紗,貴佐,貴沙,貴彩,樹沙,樹紗,妃沙
きさえ,kisae,喜佐恵,季彩恵,記佐枝
きさき,kisaki,希咲,貴咲,輝咲,妃,姫咲
きさこ,kisako,喜佐子,基佐子,希佐子,希沙子,希早子,季佐子,紀佐子,紀沙子,紀砂子,紀三子,紀早子,規佐子,規嵯子,規紗子,貴佐子,貴沙子,貴砂子,貴彩子,貴紗子,起佐子,輝佐子,吉佐子,樹咲子
きさと,kisato,希里,季里,紀里,起里,恭里,樹里,妃里
きさみ,kisami,妃美
きさや,kisaya,紀鞘
きさよ,kisayo,希早代,紀砂世,貴佐代
きさら,kisara,希沙羅
きさらぎ,kisaragi,如月
きしえ,kishie,岸枝,喜志枝,記示江,貴史枝,貴志恵
きしか,kishika,貴志華
きしこ,kishiko,岸子,喜志子,喜至子,基支子,基之子,岐市子,希志子,希旨子,希紫子,希詩子,希侍子,季史子,季嗣子,季志子,季詞子,紀史子,紀士子,紀志子,規司子,規志子,規至子,規之子,記史子,貴史子,貴姿子,貴志子,貴至子,起司子,起志子,欣資子
きしな,kishina,希示奈
きしの,kishino,希志乃,貴志乃
きずな,kizuna,絆
きせ,kise,喜世,基世,希世,稀世,貴世
きせこ,kiseko,喜勢子,起世子
きそこ,kisoko,希宗子
きたこ,kitako,貴多子
きたほ,kitaho,北穂
きたみ,kitami,紀多美,貴多美,霧多美
きちこ,kichiko,吉子
きちよ,kichiyo,貴千世,吉代
きっか,kikka,菊花,菊香,橘花
きっこ,kikko,橘子
きつこ,kitsuko,橘子
きつみ,kitsumi,橘美
きつよ,kitsuyo,喜津代
きづき,kizuki,希月
きとみ,kitomi,城登美
きな,kina,黄菜,喜菜,希菜,希奈,季菜,紀奈,起奈,如奈,姫奈
きなえ,kinae,希苗
きなか,kinaka,希奈佳
きなこ,kinako,黄菜子,喜菜子,貴奈子
きなみ,kinami,希奈美,希南,季波,紀波,貴菜美,輝波
きぬ,kinu,季布,絹
きぬえ,kinue,衣映,衣英,衣絵,衣恵,衣江,衣枝,衣重,衣惠,絹依,絹衣,絹映,絹栄,絹永,絹英,絹詠,絹絵,絹恵,絹江,絹枝,紗衣,紗英
きぬか,kinuka,衣夏,衣花,衣華,衣香,絹佳,絹加,絹香
きぬこ,kinuko,衣子,衣都,喜布子,希衣子,季布子,貴奴子,錦子,絹子,紗子
きぬの,kinuno,貴布,絹乃
きぬは,kinuha,衣羽
きぬほ,kinuho,絹保
きぬみ,kinumi,衣見,衣美,絹美
きぬよ,kinuyo,衣世,衣生,衣代,衣余,貴衣世,錦代,絹世,絹代,絹予,絹与,絹葉,布代
きぬよこ,kinuyoko,絹代子
きの,kino,希乃,季乃,紀乃,規乃,貴乃,樹乃
きのこ,kinoko,樹乃子
きのみ,kinomi,希乃実,木の実
きはる,kiharu,喜春,喜晴,希春,季春,紀春,貴春,樹春,妃遥
きひろ,kihiro,紀尋
きふみ,kifumi,樹美
きほ,kiho,喜保,喜歩,希帆,希保,希歩,希穂,希芳,季帆,季保,季歩,季穂,紀帆,紀保,紀歩,紀穂,紀芳,記歩,貴帆,貴保,貴穂,起保,輝穂,樹穂,聖歩,妃保,妃甫,妃豊,来帆
きほう,kihou,希朋,貴朋
きほこ,kihoko,黄穂子,喜保子,喜穂子,希帆子,希歩子,希穂子,希芳子,紀保子,紀穂子,貴帆子,貴保子,貴穂子,貴宝子,起歩子,起法子,公保子
きほみ,kihomi,希保美,希穂美,紀穂美,貴峰美
きぼう,kibou,希望
きまこ,kimako,喜馬子,貴麻子
きみ,kimi,喜実,喜美,岐美,希実,希美,希未,希弥,季三,季実,季美,季未,季巳,稀己,紀見,紀実,紀美,紀文,規未,記実,記美,貴己,貴充,貴美,貴眸,吉美,公,皇,樹実,樹美,生実,生美,妃美,木珠,木美,綺美
きみい,kimi,候衣
きみえ,kimie,企美恵,喜光江,喜三恵,喜美栄,喜美恵,喜美江,喜美枝,喜美惠,喜巳江,基美恵,希己江,希己枝,希光恵,希三江,希三枝,希実枝,希充恵,希美絵,希美恵,希美江,希美枝,希美重,希未絵,希未江,希巳衣,希巳江,希巳枝,祈美恵,季己江,季美絵,季美恵,季美江,季美枝,季巳江,紀己恵,紀美栄,紀美恵,紀美江,紀美枝,紀未絵,規美江,規美惠,記見枝,記美恵,記美江,記美枝,記巳惠,貴恵,貴三恵,貴三江,貴三枝,貴枝,貴実栄,貴実恵,貴実枝,貴美栄,貴美絵,貴美恵,貴美江,貴美枝,貴美惠,貴巳江,起美江,輝実絵,輝美枝,輝味恵,輝巳江,恭美恵,君愛,君依,君衣,君映,君栄,君絵,君恵,君江,君枝,君重,君笑,君美恵,君美江,己実江,公衣,公映,公栄,公永,公英,公絵,公恵,公江,公三恵,公枝,公重,公美恵,公美枝,公美惠,公惠,后江,江枝,皇衣,皇恵,皇枝,実里,樹美恵,樹美江,樹美枝,仁恵,仁枝,姫愛,姫美江,麿江,木三江,靖美恵
きみお,kimio,君緒
きみか,kimika,葵美香,喜己可,喜実夏,希実佳,希充香,希美佳,希美果,希美香,希望香,希未佳,季実果,季実香,季美花,季美香,紀見伽,紀美香,記美華,貴美佳,貴美加,貴美華,貴美香,貴美日,貴巳佳,輝美花,君佳,君加,君夏,君歌,君華,君香,公佳,公可,公夏,公花,公華,公賀,公香,后華,后香,江香,皇佳,皇華,皇香,樹実佳,樹実香,樹美花,樹美香,仁花,仁香,妃美香,姫美加
きみき,kimiki,木実季
きみこ,kimiko,葵実子,王美子,企水子,企美子,企弥子,喜見子,喜己子,喜三子,喜実子,喜美子,喜満子,基視子,基真子,基仁子,基美子,希海子,希見子,希己子,希光子,希三子,希実子,希充子,希美子,希味子,希未子,希巳子,希民子,希弥子,幾美子,季幹子,季見子,季実子,季身子,季水子,季美子,季未子,季巳子,紀海子,紀見子,紀己子,紀光子,紀三子,紀視子,紀実子,紀臣子,紀水子,紀美子,紀未子,紀巳子,紀已子,規己子,規三子,規視子,規水子,規扇子,規美子,規躬子,記允子,記規子,記三子,記美古,記美子,貴見子,貴己子,貴后子,貴三子,貴視子,貴実子,貴充子,貴美子,貴巳子,貴弥子,起三子,起美子,起味子,起未子,起民子,軌視子,輝見子,輝美子,吉美子,君子,君美子,己美子,公子,公美子,公巳子,江子,皇子,樹見子,樹三子,樹実子,樹美子,樹未子,城三子,仁子,清美子,宣美子,妃水子,妃美子,姫美子,木実子,木美子,暉美子,癸未子
きみじ,kimiji,王路
きみの,kimino,希美乃,季身乃,貴美乃,君乃,公乃,公野,聖乃,妃美乃,木美乃
きみほ,kimiho,喜美保,君保,公保,公穂
きみよ,kimiyo,喜己代,喜美代,喜美予,喜弥代,基巳代,岐美代,希己代,希三代,希視代,希実代,希美世,希美代,希文世,希民世,幾美代,季三代,季実代,季美代,季未代,季巳世,季巳代,紀三代,紀実代,紀美世,紀美代,紀巳代,紀弥代,規実代,規美代,記身予,記美代,記巳代,貴見世,貴光世,貴実世,貴実代,貴美世,貴美代,貴美与,貴魅世,貴弥代,起美世,起美代,起巳代,輝三代,恭美代,君佳,君世,君代,君美代,君予,君与,己美代,公世,公代,公美代,公美与,公予,公余,公与,后世,后代,后与,江世,江代,皇代,樹実代,樹美代,仁世,仁葉
きゅうこ,kyuko,救子
きゆ,kiyu,希由,希遊
きゆこ,kiyuko,紀有子
きゆみ,kiyumi,紀由美,貴由美
きょう,kyou,杏,京,響,饗,今日
きょうえ,kyoue,京恵
きょうか,kyouka,杏佳,杏夏,杏果,杏花,杏華,杏香,亨香,享加,享香,京佳,京加,京歌,京花,京華,京樺,京薫,京香,京鹿,京和,侠加,恭佳,恭香,郷歌,鏡佳,慶加,香華,今日香
きょうこ,kyouko,杏香,杏子,馨子,叶子,希卯子,希有子,希洋子,希葉子,祈陽子,季代子,貴陽子,起庸子,輝子,輝陽子,挙子,亨子,享子,京古,京江,京香,京子,京代子,京友子,供子,競子,共子,協子,匡子,匡佑子,卿子,喬子,境子,峡子,強子,恭子,教子,教友子,況子,矯子,興子,郷湖,郷子,鏡子,響子,饗古,仰子,暁子,慶子,敬子,景子,経子,交子,孝子,昂子,更子,梗子,稿子,香子,今日子,皓子
きょうな,kyouna,亨奈,享奈
きょうみ,kyoumi,京海,京美,京未,匡美,恭美
きよ,kiyo,葵代,黄世,企代,喜世,喜代,喜勇,喜予,喜与,基世,基代,基予,希佳,希好,希世,希代,希予,希与,希容,希葉,幾代,幾与,揮代,祈代,季世,季代,季余,稀世,紀世,紀代,紀予,紀余,規世,規代,規予,規揚,記世,記代,貴世,貴代,貴予,貴与,貴陽,起世,起代,輝世,輝与,恭代,圭代,潔,己代,樹世,樹代,樹誉,城世,浄,清,清世,清代,聖,聖代,妃世,妃代,姫代,煕代
きようこ,kiyouko,基容子,京子,恭子
きよえ,kiyoe,喜代栄,喜代絵,喜代恵,喜代江,喜代枝,基代枝,岐代江,希世絵,希世恵,希世江,希代衣,希代恵,希代江,希予江,季世恵,季代恵,季洋絵,紀代恵,紀代江,紀代枝,規代映,記佳江,記代江,貴世江,貴代恵,貴代江,貴代枝,貴代惠,貴与江,起世恵,起代恵,起代江,京恵,圭枝,潔江,潔枝,淑恵,淳恵,浄恵,浄江,澄恵,清愛,清衣,清栄,清衛,清絵,清恵,清江,清枝,清重,清惠,聖栄,聖絵,聖恵,聖枝,聖重
きよか,kiyoka,喜代佳,喜代加,喜代絵,喜代香,喜与佳,基代佳,希世佳,希世加,希世香,希代香,希誉花,希誉香,希羊加,希陽加,季代佳,季夜日,季陽花,紀代香,記代香,貴世香,貴代香,貴陽嘉,起世香,起代佳,潔佳,潔香,汐香,樹代香,樹誉果,淳華,浄佳,浄香,心香,粋佳,澄花,晴香,清佳,清加,清可,清夏,清歌,清花,清華,清霞,清香,清代香,聖佳,聖加,聖果,聖架,聖花,聖華,聖香,静香,静咲,斉香,雪佳,雪花,雪華,陽香
きよき,kiyoki,清樹
きよこ,kiyoko,葵代子,幹代子,幹陽子,企予子,喜世子,喜代子,喜芳子,喜夜子,喜与子,喜容子,喜洋子,喜要子,喜陽子,基代子,基予子,基与子,基容子,基洋子,基陽子,岐代子,希依子,希世子,希代子,希夜子,希予子,希与子,希誉子,希容子,希葉子,希良子,幾世子,幾代子,棋代子,祈世子,季世子,季代子,季裕子,季与子,季預子,季良子,稀世子,紀佳子,紀世子,紀代子,紀予子,紀余子,紀誉子,紀預子,紀揚子,紀陽子,規世子,規代子,規予子,規容子,規陽子,記世子,記代子,記予子,記庸子,貴世子,貴代子,貴予子,貴誉子,貴容子,貴洋子,貴陽子,起世子,起代子,起陽子,輝世子,輝代子,輝余子,輝誉香,輝良子,宜代子,吉世子,巨子,享子,京子,匡子,恭予子,恭曜子,圭子,敬子,潔子,潔代子,公佳子,公世子,公曜子,公洋子,樹世子,樹代子,淑子,淳子,浄子,澄子,清子,清代子,生代子,精子,聖子,聖代子,聖夜子,静子,斉子,妃余子,摩子,磨子,靖子,陽子,養子,廉子,朗子,洌子,淨子
きよな,kiyona,喜与菜,希世奈,潔奈,清奈,聖奈
きよね,kiyone,潔音
きよの,kiyono,基世乃,基代乃,希世乃,希予乃,季世乃,季代乃,紀世乃,紀代乃,記世乃,記代乃,貴代乃,起代乃,輝世乃,輝余乃,潔乃,彩乃,樹世乃,淳乃,清乃,聖乃
きよは,kiyoha,聖羽,聖葉
きよみ,kiyomi,馨美,喜世美,喜代己,喜代子,喜代実,喜代美,喜代巳,喜巳,喜予美,喜与美,喜要美,喜與美,基世美,基予美,岐世美,希世実,希世美,希聖巳,希代実,希代美,希代未,希夜美,希予美,希予巳,希与実,希与美,希与未,希容美,希洋美,季代実,季代美,季余美,季葉美,季踊美,紀佳美,紀世美,紀代己,紀代実,紀代美,紀芳美,紀余美,紀与美,紀誉美,紀陽未,紀良美,規世美,規代実,規代美,規予美,規与美,記世実,記世美,記代美,記代味,記代巳,貴世見,貴世実,貴世美,貴生美,貴代見,貴代光,貴代実,貴代美,貴代弥,貴美,貴予美,貴与美,貴誉美,貴陽美,起世美,起代三,起代美,輝世美,輝代未,居美,挙代己,享美,京美,恭見,恭美,恭弥,教美,圭見,圭珠,圭美,景美,潔実,潔身,潔美,健美,研己,己代美,己予美,公代美,公洋美,香美,今日美,斎美,樹代美,樹代未,樹誉実,樹良美,淑実,淑美,舜美,淳美,純美,祥美,浄,浄美,粋美,澄実,澄珠,澄泉,澄美,晴文,清益,清海,清見,清己,清后,清三,清視,清示,清実,清充,清女,清心,清身,清水,清生,清雪,清代美,清美,清文,清味,清未,清巳,清弥,精視,精美,聖弓,聖己,聖実,聖水,聖生,聖代美,聖美,聖未,聖魅,聖巳,青美,静美,斉美,雪美,泰美,姫代美,北夜美,靖美,陽美,淨美
きよら,kiyora,浄,清流,清良,清礼
きより,kiyori,喜代里,希和,清理,清里,聖理
きら,kira,姫羅,綺羅
きらか,kiraka,貴良佳
きらこ,kirako,綺羅子
きらら,kirara,紀麗,煌良
きらり,kirari,希良梨,輝里
きり,kiri,喜利,希理,希里,季利,季理,季里,紀里,記理,貴理,貴里,樹里,妃里
きりえ,kirie,葵理絵,喜利枝,希里恵,祈李恵,祈里絵,紀理恵,桐映,桐絵,桐恵,桐江,樹里絵,樹里恵
きりか,kirika,葵梨華,希理加,希理果,希里歌,希里香,季里加,季里花,季里香,稀梨華,貴里加,桐可,桐歌,桐花,桐華,桐香,霧可,霧華,霧香
きりこ,kiriko,葵里子,杏里子,喜利子,喜理子,喜里子,寄理子,希利子,希吏子,希梨子,希理子,希里子,希倫子,季利子,季理子,季里子,季莉子,紀利子,紀吏子,紀理子,紀里子,記理子,貴利子,貴理子,貴里子,起理子,輝里子,桐子,樹吏子,樹理子,樹里子,樹莉子,妃理子,霧子,木里子
きりの,kirino,桐乃
きりほ,kiriho,霧穂
きりよ,kiriyo,桐世,桐代,霧代
きりん,kirin,榎林,綺凛
きれい,kirei,綺玲
きわ,kiwa,喜和,希羽,希和,季和,紀和,規和,貴輪,貴和,起和,己和,枝和,生和
きわえ,kiwae,紀和枝
きわお,kiwao,規和央
きわこ,kiwako,喜輪子,喜和子,希和子,幾和子,季和子,紀和子,規和子,記和子,貴羽子,貴輪子,貴和子,吉和子,際子,生和子,暉和子
きわの,kiwano,生和乃
きわほ,kiwaho,喜和穂
きわみ,kiwami,希和美,貴和美,極美
きん,kin,琴,金,鈞
きんか,kinka,錦花,槿花
きんこ,kinko,均子,錦子,欣子,琴子,謹子,金子,公子,今子
きんり,kinri,錦里
ぎょうこ,gyouko,曉子
ぎんこ,ginko,吟子,銀子
くうか,kuka,空花
くうみ,kumi,空美
くえ,kue,玖枝
くおん,kuon,空音
くき,kuki,久喜
くきこ,kukiko,久喜子,久希子,久紀子,久規子,久貴子,久輝子,茎子
くくみ,kukumi,久々美
くくり,kukuri,玖々莉
くすこ,kusuko,公須子
くすみ,kusumi,久寿美,樟美,楠美
くちは,kuchiha,玖知葉
くつみ,kutsumi,沓美
くにえ,kunie,郁江,久仁衣,久仁映,久仁栄,久仁英,久仁絵,久仁恵,久仁江,久仁枝,久丹栄,久丹恵,久丹江,恭江,訓恵,訓江,訓枝,郡宇,郡恵,公仁恵,公仁江,公仁枝,紅仁枝,国恵,国江,国枝,州栄,州恵,仁恵,都絵,都恵,都江,邦愛,邦衣,邦映,邦栄,邦会,邦絵,邦恵,邦江,邦支,邦枝,邦重,邦惠,有恵,葉絵,國恵,國江
くにか,kunika,一佳,久仁佳,久仁花,久仁香,薫佳,公仁佳,国佳,国香,都加,那香,邦佳,邦加,邦花,邦華,邦香,邦芳
くにこ,kuniko,域子,郁子,界子,久爾子,久仁子,久丹子,久二子,久任子,宮仁子,宮二子,求仁子,共仁子,恭仁子,郷子,九仁子,九二子,倶仁子,句仁子,玖担子,矩仁子,具仁子,具二子,空虹子,薫子,訓子,訓仁子,郡子,庫仁子,庫二子,公子,公仁子,公任子,孔仁子,紅仁子,貢仁子,貢二子,国子,州子,洲子,晋子,都子,邦子,邦仁子,六合子,國子
くには,kuniha,邦葉
くにほ,kuniho,久仁穂,国穂,邦帆,邦保,邦歩
くにみ,kunimi,久仁美,薫美,公二美,弘仁美,国美,邦海,邦見,邦実,邦美
くによ,kuniyo,久仁世,久仁代,訓世,訓代,訓余,国世,国代,州世,州代,晋世,晋代,都代,邦世,邦代,邦予,國代
くんえ,kune,薫衣
くまり,kumari,久麻里
くみ,kumi,久佳,久海,久恵,久見,久視,久実,久珠,久女,久真,久仁,久水,久生,久登,久美,久穂,久峰,久望,久味,久未,久巳,久岬,久弥,休美,宮美,弓美,求実,求美,求味,求弥,汲美,球実,球美,供美,供未,共美,恭実,恭美,恭未,錦希,錦姫,琴伊,九見,九実,九美,句視,句実,句美,玖海,玖実,玖美,玖弥,矩美,駒美,具美,虞美,空海,空見,空美,空未,薫美,公見,公子,公実,公珠,公深,公美,公味,公未,公良,功実,功巳,孔美,工美,弘美,紅海,紅実,紅壬,紅水,紅美,紅未,紅弥,貢美,仁美,日美,緋美,邦美,来実,来未,來未,來弥
くみえ,kumie,久御江,久三恵,久三江,久視江,久身江,久身枝,久美栄,久美絵,久美恵,久美江,久美枝,久美繪,久満枝,久巳江,久弥恵,恭美江,句三江,公位恵,公三枝,公視栄,公実江,公美絵,公美恵,公美枝,公美惠,功美恵,工未永,弘美恵,来充恵
くみか,kumika,久観香,久光香,久実果,久美加,久美花,久美香,久未香,九美香,空海花,公美賀,孔美佳,紅弥香
くみこ,kumiko,郁美子,丘美子,久益子,久観子,久宮子,久鏡子,久見子,久御子,久光子,久三子,久視子,久実子,久珠子,久充子,久仁子,久聖子,久都子,久美湖,久美江,久美香,久美子,久峰子,久望子,久満子,久味子,久未子,久魅子,久巳子,久弥子,久余子,宮美子,宮弥子,求実子,求美子,球美子,供見子,供美子,共美子,恭規子,恭三子,恭充子,恭美子,恭未子,恭巳子,恭弥子,九海子,九三子,九実子,九美子,九巳子,倶美子,句見子,句三子,句実子,句美子,句味子,玖実子,玖美子,玖未子,矩美子,矩望子,矩未子,駒美子,具未子,虞美子,空見子,空水子,空美子,桑美子,薫美子,訓美子,群子,公郁子,公海子,公見子,公光子,公后子,公三子,公子,公視子,公実子,公省子,公美子,公味子,公未子,公巳子,公弥子,公彌子,功見子,功三子,功美子,功味子,功未子,孔臣子,孔美子,孔未子,弘見子,弘身子,弘美子,紅視子,紅実子,紅美子,紅未子,紅稔子,紅民子,貢右子,貢海子,貢三子,貢美子,香美子,勺子,織子,組子,邦美子,来実子
くみな,kumina,久実菜
くみの,kumino,久実乃,久美乃,公美乃
くみほ,kumiho,久美保,久未保
くみみ,kumimi,久美々
くみよ,kumiyo,久三代,久実代,久美世,久美代,久未世,公美代,貢美代
くめこ,kumeko,久米子
くめよ,kumeyo,久芽世
くゆこ,kuyuko,久由子
くらか,kuraka,久良香
くらら,kurara,久楽々,久楽良,久良麗,空羅々
くらん,kuran,紅蘭
くり,kuri,久梨,久理,久里,久莉,九里,公里,紅理
くりあ,kuria,久理亜,久里明
くりえ,kurie,久梨絵,久理恵,久里恵,久里江
くりか,kurika,九里香,句里香
くりこ,kuriko,久利子,久吏子,久理子,久璃子,久里子,久莉子,求理子,恭梨子,栗子,紅里子,貢理子
くりさ,kurisa,久里沙
くりす,kurisu,玖璃珠
くりな,kurina,久里奈
くりの,kurino,久里乃
くりま,kurima,久理麻
くりみ,kurimi,丘利美
くりよ,kuriyo,久里代
くりん,kurin,紅凛
くるみ,kurumi,久流水,久琉美,久留実,久留美,久留巳,久瑠実,久瑠美,玖留美,栗留未,繰美,繰未,薫美,薫未,胡桃,公瑠美,功留美,来海,来実,来美,来望,来未,来留実,来留桃,來美,來未
くるめ,kurume,薫女
くれあ,kurea,久麗愛,玖礼愛,紅亜,紅伶亜
くれか,kureka,紅花
くれな,kurena,呉奈,紅奈,紅伶奈,来麗菜
くれは,kureha,久令葉,呉羽,紅羽,紅映,紅早,紅葉
くれほ,kureho,呉帆,紅帆
くれみ,kuremi,紅美
くれゆ,kureyu,紅結
くわこ,kuwako,久和子,桑子
くんこ,kunko,訓子
けい,kei,佳,佳以,佳衣,花依,希以,希依,希衣,紀衣,京,京依,啓維,圭以,圭偉,圭威,圭衣,圭似,形衣,恵以,恵依,恵衣,恵育,恵生,恵唯,慶衣,桂以,桂伊,桂依,桂衣,桂生,蛍,惠,惠以
けいか,keika,佳華,佳香,京花,京香,啓花,啓華,圭加,圭可,圭花,圭華,圭香,恵佳,恵加,恵嘉,恵夏,恵果,恵花,恵香,慶嘉,慶花,慶華,慶香,慧佳,慧夏,慧華,慧香,敬花,景佳,景華,景香,桂加,桂可,桂花,桂華,桂香,蛍火
けいこ,keiko,佳以子,佳依子,佳維子,佳衣子,佳子,華依子,馨子,希伊子,希依子,希衣子,希子,規子,京伊子,京位子,京意子,京衣子,京子,啓以子,啓伊子,啓依子,啓衣子,啓江,啓桜子,啓子,啓比子,圭以子,圭伊子,圭位子,圭依子,圭威子,圭緯子,圭衣子,圭井子,圭一子,圭永子,圭子,圭似子,圭生子,圭比子,珪子,契恵子,契子,径子,恵以子,恵依子,恵衣子,恵子,慶位子,慶維子,慶衣子,慶子,慧子,敬以子,敬伊子,敬依子,敬委子,敬衣子,敬子,景子,桂以子,桂井子,桂恵子,桂子,渓子,系子,経子,継子,茎子,蛍子,計子,詣子,建子,憲子,絹衣子,顕子,徑子,惠以子,惠依子,惠郁子,惠子,憬子,涓子,瓊子,綮子,螢子,竟子
けいさ,keisa,佳紗
けいと,keito,佳音
けいな,keina,佳奈,京奈,圭菜,圭奈,圭那,径菜,恵菜,恵奈,慶菜,慶奈,慧菜,慧奈,慧那,敬奈,景菜,景奈,桂奈,渓菜,蛍奈
けいね,keine,慧音
けいの,keino,啓乃,渓乃
けいひ,keihi,慶姫,慧緋
けいほ,keiho,啓穂,渓歩
けいみ,keimi,佳美,圭美,恵美,慶美,慧美,敬美,桂美
けいら,keira,慧羅
けいり,keiri,渓李
けさ,kesa,華紗
けさえ,kesae,今朝枝
けりい,keri,華梨衣
けれな,kerena,馨怜南
けんみ,kenmi,健美,賢美
げっか,gekka,月華
こあ,koa,湖亜,心阿
こあき,koaki,呼秋
こあさ,koasa,呼亜沙
こあん,koan,胡杏
こい,koi,湖衣
こいか,koika,恋歌
こいこ,koiko,恋湖
こいと,koito,小弦
こいな,koina,恋菜
こいね,koine,恋音
こいは,koiha,恋葉
こいろ,koiro,恋色
こうか,kouka,光香,孝香,紅花,紅霞,香花,滉花
こうこ,kouko,公子,孔子,孝子,幸子,広子,晃子,紘子,耕子,鉱子,香子,高子,皓子
こうさ,kousa,小卯沙
こうな,kouna,倖奈
こうね,koune,紅音
こうみ,koumi,興美,公美,幸美,紅美,香美,小海,絋美
こうめ,koume,幸女,香女,小梅
こがも,kogamo,小鴨
こぎく,kogiku,小掬
ここ,koko,湖子,胡子,鼓子
ここあ,kokoa,心愛,心彩
ここな,kokona,心菜
ここね,kokone,心音
ここみ,kokomi,九美,心美
ここり,kokori,心里
こころ,kokoro,鼓湖呂,心
こさと,kosato,古里,小里
こじか,kojika,小鹿
こすず,kosuzu,小寿々,小鈴
こすみ,kosumi,小澄
こずえ,kozue,古州江,古都絵,古都江,己珠恵,己津江,枯都江,湖寿衣,湖寿恵,誇寿恵,鼓津恵,公寿恵,幸寿恵,幸寿枝,幸津江,幸都枝,紅都恵,香江,香寿江,小季,小枝,小寿恵,小寿江,小寿枝,小津絵,小津恵,小津江,小津枝,小都絵,小都江,梢,梢衣,梢絵,梢恵,梢江,梢枝,木津絵
こずみ,kozumi,幸授美,紅寿美
こずも,kozumo,梢萌
こだま,kodama,小珠
こちづ,kochizu,小千津
こちよ,kochiyo,小千代
こづえ,kozue,古津絵,古津恵,古都恵,己津乃,枯津恵,湖津恵,鼓津恵,香津枝,香鶴恵,小津絵,小津恵,小津江,小津枝,小都恵,梢
こづき,kozuki,琴月,鼓月
こと,koto,琴,古都
ことい,kotoi,琴意,琴衣,琴姫,言意
ことえ,kotoe,紀絵,紀江,紀乃,琴愛,琴衣,琴映,琴栄,琴永,琴英,琴絵,琴恵,琴慧,琴江,琴枝,琴重,琴惠,言衣,言栄,言絵,言恵,言江,古都恵,巧枝,殊恵,殊枝,寿絵,寿恵,寿枝,理恵,理江
ことか,kotoka,琴佳,琴花,琴樺,琴香,言嘉,古都香
ことき,kotoki,琴季
ことこ,kotoko,琴子,言子,古都子,思子,寿子,小登子,小桃子,壽子
ことせ,kotose,琴瀬,琴星
ことな,kotona,琴菜,琴奈,寿菜,寿奈
ことね,kotone,琴音,古都音,詞音
ことの,kotono,紀乃,琴乃,琴野,言乃,古都乃,殊乃
ことは,kotoha,紀羽,琴羽,琴葉
ことぶき,kotobuki,寿
ことほ,kotoho,琴穂,寿
ことみ,kotomi,琴海,琴規,琴弓,琴実,琴珠,琴心,琴水,琴美,琴味,琴未,琴巳,琴妙,琴弥,言実,言美,言弥,古都実,古都美,古豊美,今都美,詞美,殊美,寿美,小登美,小都美,小富,信実,信美,理美
ことめ,kotome,琴女
ことよ,kotoyo,琴淑,琴世,琴代,琴与,寿世,寿代,寿予,小都代
ことり,kotori,琴里,小都里
ことわ,kotowa,琴和,殊和
こな,kona,湖奈
こなつ,konatsu,呼奈津,枯奈津,弘夏,仔夏,小夏,小奈津
こなみ,konami,紀奈弥,古奈美,湖菜美,湖奈美,湖南美,冴奈美,児奈美,小奈美,琥波
このか,konoka,鼓乃歌,好歌,好華,好香,香花,樹香,木香
このは,konoha,湖乃葉,心乃葉,木乃葉,木葉
このみ,konomi,愛実,佳美,果美,湖乃美,瑚乃美,好実,好生,好乃実,好乃美,好美,好未,香乃美,香法美,子乃美,小実,小乃美,心乃美,木の実,木実,木乃実,木乃美
こはぎ,kohagi,小萩
こはつ,kohatsu,小初
こはな,kohana,心花
こはね,kohane,小羽
こはる,koharu,古春,香春,小春,小晴,心春,心晴,木春
こばと,kobato,小鳩
こひ,kohi,興妃
こふみ,kofumi,小文,小文美
こふゆ,kofuyu,小冬
こべに,kobeni,小紅
こま,koma,湖麻
こまき,komaki,小巻,小蒔,小牧,小麻記
こまこ,komako,駒子
こまち,komachi,小町
こまよ,komayo,湖真代
こまり,komari,小鞠,小茉莉
こみち,komichi,小径
こみな,komina,香聖,木聖,木美菜
こみね,komine,小峯
こむぎ,komugi,小麦
こもも,komomo,胡桃,小桃
こもん,komon,小紋
こゆう,koyu,香夕,小優
こゆか,koyuka,小由可
こゆき,koyuki,香幸,香夕季,小幸,小雪,小優希,小優季,小悠紀,小有希,小由岐,小由季,小由紀,小由貴,姫雪,恋由姫
こゆみ,koyumi,古弓,湖弓,湖祐美,小弓,小有美,小由美,心夕美
こゆり,koyuri,康有利,小友利
こよう,koyou,小葉
こよみ,koyomi,小代美
こりん,korin,小稟
ころな,korona,頃奈
さあき,saki,沙映,沙明
さあこ,sako,佐亜子,少旭子
さあさ,sasa,早亜紗
さあな,sana,佐亜南
さあの,sano,沙亜乃
さあみ,sami,佐亜美,沙畢
さあや,saya,沙亜也,沙亜耶,沙亜矢,沙絢,沙綾,沙彩,彩綾,冴彩,咲綾,咲恵,咲彩,紗亜耶,紗綾,紗彩,紗采,紗彬,紗礼,早亜弥,早綾,早彩,妙綾
さあら,sara,沙亜羅,紗亜羅
さあり,sari,紗亜里
さい,sai,宰,彩
さいか,saika,沙衣加,宰花,宰香,彩郁,彩佳,彩加,彩可,彩夏,彩果,彩歌,彩花,彩華,彩霞,彩香,才佳,才加,才華,采花,采香,細香,菜花,菜香,紗以香,紗衣香
さいこ,saiko,佐以子,佐伊子,佐依子,佐尉子,佐衣子,佐江子,佐似子,沙依子,沙偉乎,沙衣子,沙子,最子,哉子,宰子,彩尉子,彩衣子,彩井子,彩子,才衣子,才子,栽子,歳子,済子,采子,砕子,祭子,斎子,菜衣子,菜子,裁子,際子,紗以子,紗衣子,修子,祥子,聖子,斉子,早衣子
さいな,saina,彩菜
さいは,saiha,彩羽
さいみ,saimi,彩水,彩美
さいら,saira,紗依羅
さいり,sairi,沙衣梨,宰里,彩理,彩里
さうめ,saume,早梅
さえ,sae,更絵,佐依,佐衣,佐映,佐栄,佐英,佐絵,佐恵,佐江,佐枝,佐得,左愛,左絵,左恵,左枝,沙愛,沙依,沙衣,沙映,沙永,沙瑛,沙英,沙画,沙絵,沙恵,沙江,沙枝,瑳恵,砂衣,砂英,砂絵,砂恵,彩依,彩衣,彩瑛,彩英,彩絵,彩恵,彩江,彩枝,才恵,菜恵,冴,冴映,冴栄,冴瑛,冴恵,冴枝,咲愛,咲依,咲栄,咲瑛,咲英,咲絵,咲恵,咲江,咲笑,作恵,察江,三絵,三恵,三枝,思愛,紗愛,紗依,紗衣,紗映,紗栄,紗永,紗瑛,紗英,紗会,紗絵,紗恵,紗慧,紗江,紗枝,紗重,謝恵,小愛,小絵,小恵,小江,小枝,小笑,小惠,抄恵,抄江,真絵,聖恵,斉恵,早映,早栄,早永,早英,早絵,早恵,早江,早枝,早重,早惠
さえか,saeka,佐絵香,佐恵香,佐江華,佐江香,佐枝華,沙依佳,沙依香,沙瑛香,沙英香,沙絵佳,沙絵加,沙絵香,沙恵佳,沙恵嘉,沙江香,沙惠華,砂江香,彩英佳,彩佳,彩花,彩香,彩枝香,冴佳,冴加,冴可,冴夏,冴果,冴花,冴華,冴月,冴香,紗衣果,紗英香,紗絵香,紗恵香,紗江佳,紗枝香,小絵香,小恵香,小枝香,早愛加,早映香,早絵華,早恵香,早江香,早枝花,朗香
さえこ,saeko,五重子,幸栄子,幸絵子,幸恵子,幸江子,更絵子,佐依子,佐衣子,佐映子,佐栄子,佐永子,佐瑛子,佐英子,佐詠子,佐会子,佐絵子,佐恵子,佐江子,佐枝子,佐重子,佐惠子,左愛子,左依子,左衣子,左映子,左栄子,左永子,左衛子,左悦子,左絵子,左恵子,左江子,左咲子,左枝子,左衞子,差英子,査江子,沙愛子,沙依子,沙衣子,沙映子,沙栄子,沙永子,沙瑛子,沙英子,沙詠子,沙絵子,沙恵子,沙江子,沙子,沙枝子,瑳栄子,砂衣子,砂栄子,砂英子,砂絵子,砂恵子,砂江子,砂枝子,彩衣子,彩映子,彩栄子,彩瑛子,彩英子,彩絵子,彩恵子,彩江子,彩子,彩枝子,才絵子,才恵子,才子,菜栄子,菜絵子,菜江子,冴衣子,冴映子,冴英子,冴恵子,冴子,冴枝子,咲映子,咲英子,咲絵子,咲恵子,咲江子,咲枝子,咲重子,作江子,笹英子,三映子,三恵子,三枝子,紗依子,紗衣子,紗映子,紗永子,紗英子,紗会子,紗絵子,紗恵子,紗江子,紗子,紗枝子,紗惠子,小衣子,小永子,小英子,小絵子,小恵子,小江子,小枝子,小笑子,少江子,抄栄子,抄園子,抄絵子,抄恵子,粧映子,清恵子,斉笑子,善恵子,早依子,早衣子,早映子,早栄子,早英子,早詠子,早縁子,早絵子,早恵子,早慧子,早江子,早桜子,早枝子,早重子,聡子,茶映子,里栄子,里江子
さえな,saena,冴奈,紗枝菜,紗枝名
さえの,saeno,左枝乃
さえみ,saemi,幸英美,佐恵見,佐恵美,佐江美,佐枝美,佐重美,左英未,左恵美,左惠美,沙絵美,沙恵美,沙枝美,彩絵美,彩見,彩美,才永美,冴恵美,冴実,冴美,冴未,小詠美,小絵美,小恵美,小枝美,少枝美,早恵美,早重美,茶絵実,朗満
さえら,saera,沙絵良,紗江良
さえり,saeri,佐絵里,佐恵里,沙栄里,沙衿,沙恵里,沙柄里,砂絵里,彩映理,彩江里,彩里,冴利,冴李,冴梨,冴理,冴里,冴莉,咲枝里,紗衣里,紗絵里,紗恵理,紗江梨,紗江里,小衣里,小恵理,小枝里,早恵里,沢恵里,妙恵理
さお,sao,佐緒,佐保,沙皇,沙緒,沙生,沙穂,彩緒,紗央,紗櫻
さおか,saoka,紗桜花
さおき,saoki,沙緒姫
さおぎ,saogi,早荻
さおこ,saoko,佐緒子,佐保子,佐穂子,沙央子,沙緒子,砂丘子,彩央子,彩緒子,真麻子
さおみ,saomi,佐緒美,沙央美,紗央美,早央実
さおら,saora,更生麗
さおり,saori,栄緒里,幸小里,幸織,幸生里,更織,佐央理,佐央里,佐王里,佐桜里,佐緒利,佐緒吏,佐緒理,佐緒里,佐小里,佐織,佐織理,佐織里,佐保利,佐保理,佐保里,佐芳里,佐麻理,唆織,嵯央里,左央理,左央里,左緒理,左緒里,左織,左保里,左方里,沙央,沙央織,沙央梨,沙央理,沙央里,沙央莉,沙欧里,沙緒,沙緒李,沙緒梨,沙緒理,沙緒里,沙緒莉,沙女里,沙織,沙織利,沙織理,沙織里,沙織莉,沙生利,沙扇里,沙帆里,沙美利,沙保利,沙保理,沙保里,沙穂梨,沙穂里,沙穂莉,沙方里,沙麻理,沙麻里,沙梨,沙里,砂央理,砂央里,砂音里,砂緒利,砂緒理,砂緒里,砂織,砂生里,砂保里,砂輔理,砂穂理,砂麻里,彩央理,彩央里,彩翁理,彩乙理,彩桜理,彩緒里,彩緒莉,彩織,彩多里,才央理,才緒里,栽織,菜百莉,冴織,咲央理,咲央里,咲緒梨,咲緒里,咲織,咲輔理,咲穂里,咲麻理,三織,紗おり,紗於里,紗央,紗央利,紗央梨,紗央理,紗央里,紗央厘,紗央莉,紗桜理,紗渚里,紗緒利,紗緒梨,紗緒理,紗緒璃,紗緒里,紗小里,紗織,紗織弓,紗織理,紗織里,紗尾里,紗尾莉,紗保吏,紗保理,紗保里,紗穂理,紗穂里,紗麻里,紗理,紗里,紗和吏,紗莉,小央理,小央里,小央莉,小桜里,小緒理,小緒里,小織,小生里,小百里,小保里,小穂利,小麻里,少緒,少織,抄越理,抄居,抄織,抄保里,抄穂里,粧織,心織,真織,真麻里,清織,聖織,早央,早央梨,早央理,早央里,早乙理,早乙里,早桜里,早緒理,早緒里,早女里,早織,早織理,早織里,早生里,早多理,早帆理,早穂理,早穂里,早麻理,早麻里,早梨,早里,早和理,相織,聡織,草織,装織,智織,茶織里,妙緒里,妙織,里紗,里織
さかえ,sakae,栄衣,栄恵,栄江,栄枝,栄得,英恵,華枝,佐佳英,佐佳恵,佐佳枝,佐加恵,佐加江,佐花恵,佐香枝,左華恵,左香衣,彩加枝,冴香絵,坂江,咲栄,咲加枝,三佳江,小香江,祥恵,祥枝,早加恵,早香絵,早香恵,早香枝,草香恵,榮,榮映
さかこ,sakako,早香子
さき,saki,幸,幸希,幸季,幸紀,幸貴,幸来,佐喜,佐基,佐希,佐季,佐紀,佐規,佐記,佐貴,佐起,佐幸,佐樹,佐妃,佐來,左季,左紀,左貴,沙葵,沙衣,沙喜,沙希,沙気,沙季,沙稀,沙紀,沙記,沙貴,沙起,沙輝,沙己,沙枝,沙樹,沙生,沙妃,沙姫,沙木,沙奎,沙綺,瑳希,瑳紀,瑳記,砂希,砂季,砂紀,砂樹,砂妃,砂姫,裟季,彩喜,彩希,彩季,彩紀,彩記,彩貴,彩輝,彩絹,彩樹,彩生,彩妃,彩姫,彩来,菜貴,冴希,冴季,咲,咲葵,咲喜,咲嬉,咲希,咲気,咲祈,咲季,咲稀,咲紀,咲記,咲貴,咲輝,咲月,咲樹,咲生,咲妃,咲姫,咲萌,咲木,咲来,咲來,咲綺,三喜,三紀,三貴,三枝,紗葵,紗委,紗黄,紗企,紗喜,紗基,紗希,紗季,紗稀,紗紀,紗規,紗記,紗貴,紗輝,紗己,紗樹,紗生,紗妃,紗姫,紗木,紗来,小葵,小季,小紀,小貴,小枝,小妃,小姫,抄喜,祥己,早葵,早岐,早希,早季,早稀,早紀,早規,早記,早貴,早起,早輝,早咲,早樹,早生,早妃,早姫,早来,聡季,草紀,智妃,妙貴
さきえ,sakie,幸江,幸枝,佐喜恵,佐希枝,佐紀恵,佐紀枝,佐規衣,佐規江,佐記枝,佐貴絵,佐貴恵,佐起枝,佐樹枝,左喜重,左貴江,沙希恵,彩希衣,彩希江,咲愛,咲衣,咲映,咲栄,咲絵,咲希絵,咲季恵,咲恵,咲慧,咲江,咲枝,咲樹江,咲重,咲苗,咲柄,咲惠,紗嬉衣,紗希江,紗規絵,紗貴江,小希江,祥恵,祥江,先恵,早映,早絵,早希恵,早希枝,早季恵,早紀栄,早紀恵,早紀江,早恵,早己枝,早笑
さきか,sakika,咲果,咲花,咲華,咲香,紗喜花,早花,早紀香
さきこ,sakiko,開子,五紀子,向子,幸希子,幸己子,幸子,更希子,肯子,佐葵子,佐旭子,佐企子,佐喜子,佐基子,佐岐子,佐希子,佐祈子,佐季子,佐紀子,佐規子,佐記子,佐貴子,佐起子,佐輝子,佐宜子,佐吉子,佐己子,佐幸子,佐樹子,佐妃子,佐姫子,嵯希子,左岐子,左希子,左季子,左紀子,左記香,左記子,左貴子,左起子,左樹子,左木子,差幾子,査喜子,沙葵子,沙喜子,沙基子,沙岐子,沙希子,沙季子,沙紀子,沙記子,沙貴子,沙起子,沙輝子,沙己子,沙公子,沙樹子,沙城子,沙生子,沙妃子,沙木子,砂喜子,砂希子,砂紀子,砂貴子,砂樹子,彩杏子,彩希子,彩季子,彩紀子,彩記子,彩貴子,彩起子,彩潔子,彩己子,彩公子,彩樹子,彩姫子,彩栞子,才貴子,才樹子,才妃子,採紀子,菜希子,冴稀子,咲喜子,咲希子,咲季子,咲稀子,咲紀子,咲貴子,咲子,咲樹子,作来子,桜貴子,三紀子,紗葵子,紗喜子,紗基子,紗希子,紗季子,紗稀子,紗紀子,紗規子,紗記子,紗貴子,紗起子,紗輝子,紗丘子,紗己子,紗樹子,紗妃子,紗姫子,紗林子,小喜子,小希子,小紀子,小記子,小貴子,小甲子,小樹子,抄希子,抄貴子,抄公子,祥記子,祥子,粧季子,粧貴子,斉希子,先喜子,先子,早杏子,早喜子,早岐子,早希子,早季子,早紀子,早規子,早貴子,早起子,早輝子,早公子,早咲子,早示子,早樹子,早妃子,早木子,智紀子,乃子,妃子,妙妃子
さきと,sakito,咲都
さきな,sakina,沙希菜,沙紀奈,咲季奈,咲菜,咲奈,咲名,紗貴菜,紗妃奈,早季菜,早紀名,早菜,早奈
さきね,sakine,咲音
さきの,sakino,沙貴乃,咲乃,咲野,紗季乃
さきほ,sakiho,咲帆,咲保,咲歩,咲穂,紗希帆,祥穂,早穂
さきみ,sakimi,沙希美,咲実,咲水,咲美,咲未,早美
さきも,sakimo,咲萌
さきや,sakiya,咲耶
さきょう,sakyou,沙京
さきよ,sakiyo,幸代,佐貴世,佐貴代,佐己代,左起代,沙貴代,砂記世,咲世,咲代,咲予,咲余,紗紀代,小記代,早希代,早代
さぎり,sagiri,小霧,早霧
さく,saku,咲
さくあ,sakua,朔愛
さくえ,sakue,佐久恵,佐久江,咲恵,咲江,作恵
さくこ,sakuko,佐久子,佐具子,佐公子,沙句子,咲子,作子,紗久子
さくほ,sakuho,咲穂
さくみ,sakumi,佐久美,左久美,咲久美,咲実,咲美,咲未,作実,作美,朔実,朔美,早久実
さくや,sakuya,咲耶,小久夜
さくよ,sakuyo,佐久代,咲世,咲代
さくら,sakura,佐久良,咲楽,咲久良,咲良,咲來,作楽,桜,桜楽,紗来良,朱桜,早玖良,櫻,櫻花
さくらこ,sakurako,桜子,櫻子
さくらな,sakurana,桜奈
さこ,sako,咲子,紗子
ささ,sasa,沙々,紗沙
ささこ,sasako,紗々子
さじゅ,saju,沙樹
さたこ,satako,佐多子
さだえ,sadae,貞恵,貞江,貞枝,定恵,禎恵
さだこ,sadako,佐多子,貞子,定子,禎子
さだの,sadano,禎乃
さだみ,sadami,貞実,貞生,貞美,貞巳,定己,定美,禎己,禎美
さだよ,sadayo,紗多代,貞世,貞代,定代
さち,sachi,幸,幸知,幸智,佐千,佐知,佐智,佐稚,嵯知,左千,左知,左智,沙千,沙知,沙智,沙稚,砂千,砂知,砂智,砂稚,裟知,彩智,才知,咲千,咲智,三智,紗千,紗知,紗地,紗智,紗稚,小智,抄知,渉千,祥,祥千,祥智,清智,早祥,早千,早知,早智,早池,里知,里智
さちあ,sachia,幸亜
さちい,sachi,幸位
さちえ,sachie,幸依,幸映,幸栄,幸永,幸英,幸益,幸会,幸絵,幸恵,幸慧,幸江,幸枝,幸治枝,幸重,幸千恵,幸千江,幸知恵,幸智恵,幸惠,佐茅江,佐千絵,佐千恵,佐千慧,佐千江,佐千枝,佐千惠,佐知栄,佐知絵,佐知恵,佐知江,佐知枝,佐智栄,佐智絵,佐智恵,佐智江,佐智枝,左千江,左千重,左知江,左知枝,左智慧,左智枝,沙千恵,沙千江,沙知依,沙知絵,沙知恵,沙知江,沙知枝,沙智恵,砂千絵,砂智江,彩知永,彩智恵,才知恵,才智枝,菜千枝,咲千絵,咲智枝,作智栄,三治恵,祉江,紗千恵,紗千江,紗知衣,紗智恵,紗智枝,紗緻惠,祥愛,祥依,祥衣,祥栄,祥英,祥会,祥絵,祥恵,祥江,祥枝,祥惠,早治枝,早千恵,早千江,早千枝,早知恵,早智絵,早智恵,早智江,早智枝,早稚江,禎恵,福恵,祐愛,祐栄,祐絵,祐恵,祐江,祐枝,玲恵,玲江
さちか,sachika,吉芳,幸佳,幸加,幸夏,幸歌,幸花,幸華,幸薫,幸香,佐知香,沙千果,沙知佳,沙知香,沙智加,沙眞,鎖智嘉,祥佳,祥加,祥可,祥夏,祥霞,祥香,早睦
さちき,sachiki,佐知希
さちこ,sachiko,敬子,倖子,幸湖,幸江,幸子,幸千子,幸知子,幸智子,幸福子,更知子,佐千子,佐知子,佐地子,佐智子,佐池子,佐稚子,佐直子,左千子,左知子,左智子,左抽子,差千子,差知子,差智子,沙千子,沙知子,沙智子,沙稚子,砂千子,砂知子,砂智子,砂稚子,砂路子,宰千子,彩千子,彩知子,彩智子,才知子,才智子,菜知子,菜智子,冴智子,咲千子,咲智子,咲稚子,察智子,三寿子,三千子,三知子,三智子,祉子,紗千子,紗知子,紗智子,紗稚子,寿子,小治子,小千子,小知子,小智子,抄知子,抄智子,昌智子,祥子,祥千子,祥知子,祥智子,真智子,早允子,早千子,早知子,早地子,早智子,早池子,早稚子,聡知子,茶千子,禎子,福子,祐子,祐千子,祐智子,玲子,禄子
さちな,sachina,幸菜,幸奈,佐知奈,祥菜,祥渚,祥奈
さちね,sachine,幸音,沙知音,祥音
さちの,sachino,幸乃,佐知乃,佐智乃,祥乃,早千乃
さちは,sachiha,幸葉,祥葉
さちほ,sachiho,幸帆,幸歩,幸穂,佐千穂,佐知保,沙千穂,沙知穂,沙智穂,祥帆,祥歩,祥穂,早千帆,早知穂,玲穂
さちみ,sachimi,幸実,幸心,幸美,幸巳,佐知美,佐智美,左千美,早千美,早智美
さちめ,sachime,幸女
さちよ,sachiyo,栄千代,吉代,倖代,幸世,幸生,幸千代,幸代,幸智世,幸智代,幸如,幸予,幸余,幸与,幸誉,幸容,更知代,佐千世,佐千代,佐知世,佐知代,佐地代,佐智世,佐智代,佐稚代,左千代,左知代,沙千代,沙知代,沙智世,沙智代,彩知世,咲千代,三智世,紗千世,紗千代,紗知代,紗智世,紗智代,小市代,小千代,小知代,抄千代,抄智代,祥世,祥代,祥知世,詳世,真千代,早千世,早千代,早知世,早智世,早智代,早竹葉,智千代,禎世,禎代,祐世,祐代,玲代,礼代
さちを,sachio,幸緒,佐知緒
さつか,satsuka,紗津香
さつき,satsuki,薫風,五月,幸月,佐津希,佐津紀,佐津貴,佐津起,佐都喜,佐都岐,佐都紀,佐都生,唆都樹,左津紀,沙月,沙津希,沙津季,沙津紀,沙鶴貴,沙都希,沙都季,沙都紀,沙都姫,砂月,砂津貴,彩月,菜月,冴月,咲貴,咲輝,咲月,咲津樹,咲都紀,桜月,札己,皐月,皐姫,三十貴,紗紀,紗月,紗津記,紗津樹,紗槻,紗都季,小月,爽月,早月,早津希,早津季,早津紀,早都希,早都紀,早苗月,颯貴
さつこ,satsuko,佐津子,佐都子,沙月子,祭津子,撒子,颯子
さつの,satsuno,薩乃
さつみ,satsumi,三津美
さづき,sazuki,紗月
さと,sato,郷,沙都,砂都,咲都,紗都,小都,聡,智,里
さとい,satoi,聖衣,里意,里衣,怜依
さとえ,satoe,郷絵,郷枝,佐登江,佐都絵,左登枝,沙貴恵,識江,聖愛,聖衣,聖絵,聖恵,聖江,聖枝,早都恵,早土江,聡絵,聡恵,聡江,聡枝,知絵,知恵,智衣,智映,智栄,智絵,智恵,智江,智枝,哲枝,都恵,都江,愉江,諭絵,諭江,利恵,利江,理恵,理枝,里依,里衣,里映,里栄,里瑛,里英,里衛,里絵,里恵,里江,里枝,了江,怜絵,怜恵,惠江,聰英,聰江
さとか,satoka,郷華,郷香,恵佳,紗斗歌,聖華,聡佳,聡華,聡香,知華,智佳,智香,都花,都香,邑香,理香,里郁,里佳,里嘉,里果,里歌,里花,里華,里賀,里圭,里香,里芳,怜佳
さとこ,satoko,賀子,覚子,郷子,暁子,訓子,郡子,恵子,恵女,慧子,敬子,賢子,悟子,公子,効子,郊子,佐乙子,佐研子,佐人子,佐智子,佐斗子,佐登子,佐都子,佐土子,佐冬子,佐年子,佐利子,佐和子,左及子,左澄子,左斗子,左都子,差登子,査斗子,沙十子,沙登子,沙都子,沙東子,沙友子,砂斗子,砂渡子,砂登子,砂都子,彩都子,彩朋子,才斗子,菜都子,咲登子,咲都子,三富子,三和子,識子,紗乙子,紗音子,紗智子,紗斗子,紗登子,紗都子,紗冬子,紗東子,紗豊子,小都子,小統子,抄斗子,祥斗子,証子,真人子,仁子,聖子,誠子,斉子,想子,早稲子,早人子,早斗子,早登子,早都子,早同子,早富子,早利子,総子,聡子,聡明子,達子,知子,智子,哲子,都子,透子,徳子,敏子,朋子,愉子,諭子,優子,邑子,吏香,吏子,理子,里湖,里子,里都子,了子,量子,倫子,怜子,玲子,惠子,曉子,總子,聰子,莉子,颯子
さとな,satona,里菜,里奈,里那
さとね,satone,聡音,里音
さとの,satono,仁乃,聡乃,智乃,里乃
さとほ,satoho,恵歩,怜歩
さとみ,satomi,育美,確美,覚美,学美,学未,京美,教美,郷見,郷己,郷三,郷実,郷美,暁実,暁美,訓己,訓美,恵海,恵見,恵史,恵実,恵珠,恵誠,恵美,恵文,恵満,恵未,恵弥,慧実,慧美,慧未,慧實,賢実,賢美,五十美,悟実,悟美,悟味,公見,公己,公美,幸永美,幸登美,幸美,郊美,佐乙美,佐外美,佐人美,佐吐美,佐斗美,佐登実,佐登充,佐登美,佐都美,佐土美,佐富美,佐朋美,佐豊美,佐里美,左斗美,左登美,左都実,差都美,沙十美,沙知美,沙智実,沙斗美,沙登美,沙登未,沙都見,沙都美,沙桃実,沙美,沙豊,沙利美,砂登美,砂都美,砂友美,彩斗美,彩登美,彩都美,才得峰,冴冬美,咲智美,咲登美,咲都美,識美,紗智美,紗斗美,紗登美,紗都実,紗都美,紗乃,紗利美,小登美,小都美,信美,仁実,仁美,正等美,聖海,聖巨,聖実,聖水,聖生,聖美,聖未,聖巳,聖弥,誠己,誠実,誠美,操美,早十美,早斗美,早登美,早都美,早冬美,早桃美,早陶美,早美,総美,聡見,聡視,聡実,聡珠,聡水,聡美,聡未,聡巳,聡弥,草東美,知見,知己,知子,知実,知聖,知美,知未,知弥,智海,智恵,智見,智己,智実,智水,智生,智泉,智美,智望,智未,智巳,智弥,聴美,哲右,哲弓,哲美,哲未,都見,都后,都水,都生,都美,都文,都未,都巳,都弥,徳美,敏見,敏美,敏未,敏巳,妙実,愉美,諭見,諭実,諭美,諭未,利実,利美,吏美,吏良,理実,理水,理瞳,理美,理未,里益,里果,里海,里見,里己,里光,里視,里実,里朱,里珠,里充,里深,里仁,里水,里知美,里登美,里美,里文,里望,里味,里未,里巳,里弥,了心,了美,了未,倫美,瑠美,令美,伶美,怜実,怜美,怜未,和子,惠美,曉美,聰実,聰美
さとよ,satoyo,叡代,郷代,訓世,恵代,恵陽,悟与,幸豊,佐登代,佐年世,聡代,聡予,知世,知代,智世,智代,諭世,諭代,吏世,理代,里世,里代,里予,里容,怜代
さとり,satori,恵里,佐桃里,咲都里,聖梨,聖理,聖里,聡理,聡里,知理,智理,智里,吏里,里利,里吏,里李,里梨,里里,里律
さとわ,satowa,恵環,里和
さな,sana,更奈,佐菜,佐奈,沙菜,沙奈,沙那,沙南,瑳那,砂那,咲菜,紗菜,紗奈,紗那,紗南,小奈,早菜,早奈,早那,莎奈
さなえ,sanae,幸奈栄,幸苗,佐菜絵,佐菜江,佐奈映,佐奈栄,佐奈英,佐奈絵,佐奈恵,佐奈江,佐奈枝,佐奈重,佐苗,佐名恵,佐名枝,左奈恵,左内江,左苗,沙菜英,沙菜絵,沙菜江,沙奈衣,沙奈栄,沙奈絵,沙奈恵,沙奈江,沙奈枝,沙奈重,沙那恵,沙苗,沙和恵,砂奈映,砂奈恵,砂奈枝,砂奈穂,砂納恵,砂苗,彩菜笑,彩奈恵,彩奈江,彩奈重,才奈恵,才苗,菜苗,冴名恵,咲菜恵,咲奈恵,咲奈枝,咲苗,桜名枝,三菜恵,紗菜英,紗菜絵,紗菜恵,紗奈映,紗奈絵,紗奈恵,紗奈江,紗奈枝,紗那恵,紗那江,紗苗,小菜恵,小枝,小奈永,小奈絵,小奈恵,小奈江,小奈枝,小苗,抄奈栄,抄奈恵,抄苗,真愛,真衣,真栄,真絵,真恵,真江,真枝,真苗,真惠,早絵,早恵,早江,早菜恵,早菜江,早菜枝,早枝,早七恵,早奈亜,早奈英,早奈恵,早奈江,早奈枝,早那英,早那恵,早那江,早那枝,早乃江,早苗,早苗恵,早苗江,早苗枝,早名衣,早名絵,草苗,苗枝,妙苗,里奈江,鈴枝
さなこ,sanako,佐奈子,佐那子,左奈子,沙那子,沙南子,沙納子,彩奈子,咲奈子,紗菜子,紗奈子,小奈子,小那子,早菜子,早奈子
さなみ,sanami,佐奈美,佐奈弥,沙菜実,沙奈美,沙那美,沙波,砂奈美,紗菜美,紗奈美,紗奈未,紗那美,紗波,紗名美,小奈美,小奈未,小波,早菜実,早菜巳,早奈海,早奈美,早苗美
さなよ,sanayo,佐奈代,沙奈代,小奈代
さなり,sanari,沙菜里
さなを,sanao,真生
さの,sano,茶乃
さのこ,sanoko,彩乃子,紗乃子
さはる,saharu,紗春,早春
さひろ,sahiro,沙紘
さほ,saho,更峰,佐帆,佐保,佐歩,佐穂,左帆,左保,沙帆,沙布,沙保,沙歩,沙穂,沙峰,沙朋,砂帆,彩帆,彩歩,彩穂,菜帆,菜穂,冴穂,咲帆,咲保,咲歩,咲穂,桜穂,紗帆,紗布,紗保,紗歩,紗穂,紗萌,早帆,早保,早甫,早穂,早穗,茶帆,里穂,颯帆
さほこ,sahoko,佐帆子,佐保子,佐穂子,佐芳子,左保子,沙帆子,沙保子,沙穂子,才帆子,才穂子,咲芳子,作芳子,紗保子,紗穂子,小保子,早帆子,早保子,早穂子
さほみ,sahomi,佐保美,沙歩美,沙穂美,咲穂美
さほり,sahori,佐保理,佐保里,佐穂里,左保里,沙帆梨,沙帆里,沙保利,沙保里,沙穂梨,沙穂里,彩帆里,紗帆里,紗保里,紗歩里,紗甫里,紗穂里,小帆里,祥穂里,早帆里,早歩里,早穂理,早穂里
さみ,sami,佐美,沙美,沙未,沙弥,砂海,砂美,彩実,紗実,紗美,紗未,早実,早美
さみか,samika,茶美歌
さみこ,samiko,佐美子,沙美子,砂美子,彩美子,紗見子,紗美子,紗未子
さや,saya,更弥,佐夜,佐耶,佐弥,佐矢,沙綾,沙彩,沙也,沙耶,沙野,沙弥,沙矢,沙椰,砂夜,砂耶,砂弥,彩,彩綾,彩也,彩耶,彩弥,彩矢,冴夜,冴耶,咲綾,咲耶,咲弥,咲優,紗綾,紗彩,紗也,紗夜,紗耶,紗弥,紗矢,紗椰,小綾,小哉,小也,小夜,小耶,小弥,早綾,早哉,早彩,早夜,早耶,早弥,早矢,早椰
さやか,sayaka,綾香,栄翔,雅香,希佳,幸香,幸明華,幸弥佳,幸矢花,佐綾佳,佐綾加,佐綾香,佐哉香,佐谷香,佐八香,佐也佳,佐也加,佐也花,佐也圭,佐也香,佐夜香,佐耶可,佐耶香,佐野加,佐野香,佐弥佳,佐弥加,佐弥華,佐弥香,佐弥芳,佐矢佳,佐矢加,佐矢可,佐矢賀,佐矢香,嵯耶香,左也佳,左也加,左耶佳,左耶花,左弥加,左弥香,左矢加,差矢香,沙亜香,沙綾香,沙佳,沙加,沙香,沙哉佳,沙哉香,沙彩佳,沙彩加,沙彩花,沙彩香,沙邪香,沙妥佳,沙谷香,沙八加,沙文佳,沙也伽,沙也佳,沙也加,沙也可,沙也夏,沙也歌,沙也花,沙也華,沙也賀,沙也香,沙夜香,沙耶佳,沙耶加,沙耶可,沙耶夏,沙耶果,沙耶歌,沙耶花,沙耶華,沙耶香,沙耶芳,沙野佳,沙野加,沙野花,沙野香,沙弥佳,沙弥加,沙弥可,沙弥果,沙弥架,沙弥歌,沙弥花,沙弥華,沙弥圭,沙弥香,沙矢佳,沙矢加,沙矢可,沙矢果,沙矢花,沙矢華,沙矢香,沙優香,沙和香,沙椰香,瑳也伽,砂也可,砂也賀,砂也香,砂野香,砂弥香,砂矢花,砂矢香,詐也加,裟也果,裟耶香,彩綾香,彩佳,彩加,彩可,彩夏,彩果,彩花,彩華,彩雅,彩圭,彩香,彩楓,彩文,彩也佳,彩也加,彩也夏,彩也香,彩耶可,彩耶香,彩野加,彩野香,彩弥佳,彩弥加,彩弥樺,彩弥香,彩矢佳,彩矢香,才果,才歌,才矢伽,采也加,細香,菜香,菜泰佳,菜八佳,菜矢佳,冴綾華,冴佳,冴華,冴香,冴也佳,冴也加,冴也香,冴耶香,咲綾加,咲安香,咲花,咲華,咲也香,咲耶花,咲耶香,咲野香,咲弥加,咲弥香,咲矢香,三弥香,三矢佳,三優香,支也佳,紫陽花,紗絢香,紗綾郁,紗綾佳,紗綾加,紗綾夏,紗綾架,紗綾花,紗綾華,紗綾馨,紗綾香,紗安香,紗佳,紗加,紗可,紗夏,紗果,紗花,紗華,紗樺,紗慶,紗桂,紗香,紗哉加,紗哉華,紗哉香,紗彩華,紗也佳,紗也加,紗也可,紗也嘉,紗也夏,紗也果,紗也花,紗也華,紗也香,紗夜佳,紗夜香,紗耶佳,紗耶加,紗耶可,紗耶夏,紗耶果,紗耶架,紗耶花,紗耶華,紗耶馨,紗耶香,紗野佳,紗野加,紗野夏,紗野歌,紗野花,紗野香,紗弥佳,紗弥加,紗弥可,紗弥夏,紗弥花,紗弥華,紗弥圭,紗弥桂,紗弥香,紗矢郁,紗矢佳,紗矢夏,紗矢果,紗矢歌,紗矢花,紗矢華,紗矢香,紗与花,紗陽香,紗和香,寿香,小綾香,小哉花,小哉芳,小彩花,小谷香,小也佳,小也加,小也雅,小也香,小夜佳,小夜加,小夜夏,小夜歌,小夜香,小耶加,小耶香,小野花,小野香,小弥佳,小弥加,小弥可,小弥花,小弥華,小弥香,小矢加,小矢華,小矢香,小陽香,少綾香,抄八香,晶,梢香,情花,新香,真佳,真奈美,澄佳,澄香,晴香,清郁,清佳,清加,清可,清嘉,清夏,清果,清歌,清花,清華,清芽,清賀,清雅,清馨,清桂,清香,清子,清楓,清風,清野香,清弥香,清里,清和,清翔,聖香,青花,静佳,静香,爽加,爽花,爽香,爽子,早綾香,早郁香,早佳,早加,早夏,早花,早香,早哉佳,早哉架,早哉香,早咲,早八香,早文加,早也佳,早也加,早也夏,早也歌,早也華,早也圭,早也香,早也芳,早夜佳,早夜香,早耶佳,早耶花,早耶香,早野佳,早野花,早野香,早野和,早弥佳,早弥花,早弥華,早弥賀,早弥香,早矢佳,早矢加,早矢花,早矢香,早翔,聡香,聡也佳,草野香,智也香,茶野香,朝香,白佳,朋香,明佳,明加,明可,明嘉,明夏,明果,明歌,明花,明華,明月,明香,明谷香,明日香,明和,弥佳,陽香,梨佳,里耶香,里和香,涼,涼佳,涼加,涼香,麗佳,朗佳,翔香
さやき,sayaki,佐也生,清希
さやこ,sayako,幸矢子,更耶子,佐育子,佐也子,佐夜子,佐耶子,佐弥子,佐矢子,唆矢子,左也子,左弥子,沙綾子,沙哉子,沙都子,沙也子,沙夜子,沙耶子,沙弥子,沙矢子,砂矢子,彩家子,彩哉子,彩保子,彩也子,彩耶子,彩弥子,採矢子,冴子,冴也子,咲哉子,咲也子,咲耶子,咲野子,咲弥子,紗綾子,紗康子,紗哉子,紗彩子,紗子,紗也子,紗夜子,紗耶子,紗野子,紗弥子,紗矢子,紗陽子,紗和子,小綾子,小哉子,小夜子,小耶子,抄矢子,粋子,晴子,清綾子,清子,爽子,早綾子,早哉子,早彩子,早耶子,早弥子,早矢子
さやな,sayana,沙耶奈,紗矢奈
さやの,sayano,紗耶乃,紗弥乃,紗矢乃,清乃
さやは,sayaha,沙耶葉,彩葉,紗耶葉
さやほ,sayaho,沙弥穂
さやみ,sayami,沙綾美,沙耶美,紗美,紗弥美,清美,早也実,祐矢美
さゆ,sayu,沙愉,彩友,思柔,紗悠,紗有,紗由,早由,莎優
さゆか,sayuka,佐由香,沙由佳,沙由加,沙由可,沙由香,紗悠香,紗由佳,紗由香,小由加,早百香,早由香
さゆき,sayuki,佐幸,佐雪,佐由紀,佐由貴,佐由妃,沙幸,沙雪,沙由希,沙由紀,沙由樹,砂雪,砂由紀,彩幸,彩友紀,彩由希,咲幸,咲幸希,咲由紀,紗幸,紗雪,紗由,紗由季,紗由起,小百希,小百季,小優季,小由紀,抄幸,早雪,早友季,早有紀,早由紀
さゆこ,sayuko,幸由子,更有子,佐弓子,佐斎子,沙友子,沙由子,砂由子,彩優子,彩友子,紗由子,小有子,小祐子,早佑子,早有子,早由子,早祐子,早裕子
さゆな,sayuna,沙由菜,小由奈
さゆみ,sayumi,五弓,幸美,幸祐美,佐弓,佐弓美,佐結実,佐友実,佐有美,佐由三,佐由実,佐由美,佐由巳,佐浴美,左由美,差弓,沙弓,沙結実,沙佑美,沙友美,沙有美,沙由実,沙由美,沙由未,沙由巳,沙祐美,沙夕美,瑳弓,砂弓,砂優美,砂由美,砂裕弓,砂夕美,最弓,彩弓,彩友実,彩友美,彩有美,彩由実,彩由美,才友美,才由美,咲由美,咲裕美,紗弓,紗優美,紗友美,紗有見,紗有美,紗由美,紗由未,紗由巳,紗祐美,小弓,小百実,小百美,小友美,小有実,小有美,小由美,小裕美,抄有美,祥弓,清弓,早弓,早優実,早優美,早有実,早有美,早由美,早由未,早祐美
さゆめ,sayume,小夢,小由女
さゆら,sayura,幸由礼,早由良
さゆり,sayuri,幸百合,幸由梨,幸由理,佐百合,佐友利,佐友里,佐有梨,佐有理,佐有里,佐由合,佐由利,佐由理,佐由里,佐祐里,佐裕理,佐裕里,唆有里,左百合,左友里,左有里,左由里,沙百合,沙百理,沙佑理,沙佑里,沙優里,沙友理,沙友里,沙友莉,沙悠梨,沙悠里,沙有梨,沙有理,沙有里,沙由合,沙由利,沙由吏,沙由梨,沙由理,沙由里,沙祐里,沙裕里,沙夕里,沙侑里,砂百合,砂由利,砂由理,砂由里,彩佑里,彩優理,彩優里,彩有里,彩由理,彩由里,彩邑里,菜百里,菜悠理,菜由利,菜夕里,咲百合,咲優理,咲由理,咲由里,紗結里,紗百合,紗佑里,紗友梨,紗友理,紗友里,紗憂理,紗有理,紗有里,紗由合,紗由利,紗由梨,紗由理,紗由里,紗由莉,紗祐理,紗裕梨,紗裕理,紗裕里,紗夕梨,紗夕理,小雪里,小百合,小百理,小百里,小友理,小有利,小有里,小由合,小由利,小由里,小裕理,小夕里,小侑里,少由里,抄由里,早弓里,早結理,早百合,早愉里,早佑理,早友理,早友里,早悠里,早悠莉,早有理,早有里,早由利,早由吏,早由理,早由里,早祐里,早裕合,早裕里,早夕里,装由里,白百合,妙由利
さゆる,sayuru,冴瑠
さよ,sayo,幸代,幸誉,佐佳,佐世,佐代,佐夜,佐予,佐余,佐与,佐容,唆代,左世,左予,左与,左葉,沙佳,沙世,沙代,沙夜,沙予,沙誉,沙葉,沙良,砂世,砂代,宰世,彩世,彩代,彩予,彩余,彩誉,采余,咲世,咲代,咲予,桜世,皐陽,紗佳,紗世,紗代,紗夜,紗由,紗予,紗与,紗容,紗葉,紗瑶,小依,小代,小夜,小与,小葉,小陽,抄世,抄代,抄夜,祥代,善代,操世,早世,早代,早由,早余,早与,早容,早葉,早陽,朝依,櫻世
さよい,sayoi,佐好
さよう,sayou,紗瑶
さよえ,sayoe,早代恵
さよか,sayoka,沙代加,沙代香,賛代加,紗代香,小代香,小夜歌,小夜香,早容果
さよこ,sayoko,五代子,幸世子,幸代子,幸予子,幸良子,更代子,佐依子,佐佳子,佐宜子,佐吉子,佐好子,佐四子,佐昌子,佐世子,佐代子,佐暢子,佐夜子,佐由子,佐余子,佐与子,佐誉子,佐容子,佐洋子,佐葉子,佐陽子,佐良子,佐與子,左世子,左代子,左容子,差代子,沙世子,沙代子,沙夜子,沙予子,沙余子,沙与子,沙誉子,沙洋子,沙羊子,沙葉子,沙良子,砂世子,砂代子,砂予子,彩世子,彩予子,彩容子,彩洋子,彩葉子,冴代子,咲世子,咲代子,咲葉子,作代子,三代子,三容子,三洋子,三葉子,紗佳子,紗好子,紗晶子,紗世子,紗代子,紗夜子,紗予子,紗与子,紗容子,紗庸子,紗葉子,紗蓉子,紗陽子,小代子,小夜子,小誉子,小容子,小葉子,少夜子,抄世子,抄代子,抄容子,清子,西世子,早依子,早宜子,早世古,早世子,早代子,早予子,早余子,早洋子,早葉子,早陽子,早養子,早良子,朝衣子
さよみ,sayomi,佐世美,佐代美,佐夜美,左容美,咲世美,紗世美,紗代美,紗与実,小世美,小代美,小夜美,小与美,小誉美,早代美,早与美,早容美
さより,sayori,五代里,佐依,佐世里,佐代利,佐代里,佐誉理,佐良里,沙依,沙世吏,沙世理,沙世里,沙代利,沙代里,沙予里,沙与里,沙誉理,砂与里,彩世利,彩由,咲依,咲代里,紗依,紗代,紗代梨,紗代里,紗由,紗余里,紗利,小依,小世里,小代利,小代里,小夜利,小夜里,小与里,抄世里,祥代,早依,早代里,早与里,早良理,明代利,里依
さら,sara,更愛,沙羅,沙来,沙蘭,沙良,砂良,彩良,冴羅,咲蘭,咲良,紗愛,紗羅,紗蘭,紗良,紗麗,早良,茶羅
さらさ,sarasa,沙羅紗,紗
さらん,saran,沙蘭
さり,sari,幸里,佐吏,佐梨,佐理,佐里,左里,左莉,差里,沙利,沙吏,沙李,沙梨,沙理,沙里,沙莉,砂吏,砂理,砂里,彩利,彩理,彩里,菜里,冴理,咲里,糸里,紗吏,紗李,紗梨,紗理,紗璃,紗里,西里,早利,早梨,早理,早里
さりあ,saria,沙李亜,紗李亜,紗梨空,紗理亜,紗里亜
さりい,sari,沙里依,沙里衣,咲里衣,紗里衣,紗麗衣
さりえ,sarie,砂理恵
さりか,sarika,紗里佳,紗里香,小理花,早里香
さりこ,sariko,紗理子,紗里子,早里子
さりな,sarina,左梨那,沙利菜,沙吏奈,沙里菜,沙里奈,沙莉那,彩李渚,紗理奈,紗里菜,紗里奈,早里奈
さわ,sawa,佐環,佐和,左和,沙和,砂和,彩和,咲輪,咲和,紗羽,紗環,紗和,小葉,小和,抄和,早和
さわえ,sawae,佐和江,沙和絵,沢枝
さわか,sawaka,佐和佳,佐和香,沙和香,彩和香,咲和香,紗和佳,小和香,爽花,早和香,沢香
さわき,sawaki,佐和紀,佐和記,沢希
さわこ,sawako,五和子,幸和子,佐羽子,佐和子,嵯和子,左和子,沙羽子,沙和子,沙亘子,砂和子,宰和子,彩和子,菜和子,咲分子,咲和子,作和子,三八子,三和子,紗王子,紗環子,紗和子,小波子,小和子,抄和子,粧和子,斉和子,爽子,爽和子,早羽子,早葉子,早和子,沢子,朝和子,妙和子,里和子
さわな,sawana,佐和奈,沙和奈
さわの,sawano,左和乃,紗和乃,早和乃,早和野,沢乃
さわみ,sawami,五輪美,佐和実,佐和美,沙和実,沙和美,紗和美,早和美,沢実,沢美
さわよ,sawayo,佐和代,紗和代,清世
さをり,saori,沙緒理,沙緒里,沙峰理,小帆里
さんご,sango,珊瑚
しあ,shia,思亜,紫明
しあり,shiari,志亜里
しあん,shian,詩庵
しい,shi,志依,椎
しいか,shika,椎可
しいな,shina,梓奈,沙菜,志伊奈,志依奈,志衣菜,志衣奈,思惟奈,紫衣奈,紫唯菜,詩依菜,詩衣菜,詩衣那,詩夏,詩菜,詩奈,織依菜,静菜,椎菜,椎奈
しいね,shine,詩音
しいは,shiha,椎葉
しいま,shima,椎麻
しいら,shira,椎羅
しえ,shie,史絵,史恵,志絵,志江,思絵,詩絵
しえこ,shieko,史絵子,史恵香,志栄子,志江子,詩枝子,智恵子
しえな,shiena,思絵南
しえら,shiera,詩絵羅
しえり,shieri,志恵里
しえる,shieru,紫絵瑠
しえん,shien,史燕
しお,shio,史緒,史生,子緒,志央,志音,志桜,志緒,志織,志生,糸央,紫央,紫花,紫緒,紫生,紫穂,視央,詩央,詩緒,信緒,清央
しおい,shioi,汐依
しおか,shioka,詩緒香,汐夏,汐香,潮香
しおこ,shioko,司央子,史生子,志央子,志緒子,志生子,志帆子,志保子,志穂子,志雄子,思央子,紫緒子,詩央子,汐子,潮子
しおじ,shioji,汐路
しおな,shiona,汐奈
しおね,shione,汐音,潮音
しおひ,shiohi,汐陽
しおみ,shiomi,塩美,史桜美,志央実,志央美,志緒美,志緒弥,志小美,志生美,志尾美,志保実,志保美,志穂美,思央美,詩緒美,汐海,汐美,汐満,汐弥,芝生美,潮見,潮美
しおり,shiori,梓央里,梓織,司緒里,司織,史緒利,史緒梨,史緒里,史緒莉,史小里,史織,史帆理,史保理,史栞,四織,士織,姿織,市織,志遠里,志於理,志央利,志央梨,志央理,志央里,志央莉,志音利,志桜里,志緒利,志緒梨,志緒理,志緒里,志小里,志織,志織梨,志織理,志織里,志生理,志生里,志保利,志保梨,志保理,志保里,志穂理,志穂里,志和理,志栞,思織,支穂理,旨緒理,旨織,枝緒理,枝織,枝生里,枝折,糸央里,糸往里,糸緒理,糸織,糸生里,紫央利,紫央里,紫合里,紫緒吏,紫緒梨,紫緒里,紫織,紫尾吏,紫保里,紫穂里,至織,至宝里,詞織,詞生里,詩央里,詩桜里,詩緒,詩緒里,詩織,詩織里,詩生里,詩折,詩保理,詩保莉,詩穂里,詩里,詩栞,誌織,慈織,慈保里,滋織,蒔織,汐織,汐李,汐梨,汐理,汐里,汐莉,偲小里,柴織,朱織,秋桜里,抄緒理,抄理,静織,潮里,美織,梨,栞,栞李,栞理,栞里,栞莉
しおん,shion,祇音,祁音,史園,史温,史音,史臣,嗣臣,志穏,志音,紫苑,紫穏,紫音,詞音,詩苑,詩温,詩音,汐音,汐奏,紗音,砥音
しか,shika,志樺,枝加,詩化
しかこ,shikako,史和子,志佳子,志夏子
しき,shiki,志葵,志希,芝綺
しきこ,shikiko,司貴子,史希子,史貴子,四季子,姿貴子,市樹子,志喜子,志幾子,志季子,志紀子,志貴子,志輝子,糸貴子,至紀子,至規子,詩季子,詩紀子,識子,織子,信貴子
しきな,shikina,史記菜,式奈
しきね,shikine,詩城音,織音
しきの,shikino,志希乃
しきほ,shikiho,四季穂,志季穂,紫生穂
しげこ,shigeko,維子,賀子,薫子,慈子,滋子,重子,成子,繁子,茂子
しげの,shigeno,志恵乃,慈乃,滋乃,滋野,重乃,成乃,繁乃,茂乃
しげみ,shigemi,卯美,栄美,薫美,恵美,紫夏美,詩芸美,慈美,滋美,芝美,樹美,重美,臣美,成美,草美,篤美,繁実,繁美,茂実,茂美
しげよ,shigeyo,栄代,薫代,恵世,恵代,滋世,滋代,重世,重代,成世,成代,繁代,茂代
しさこ,shisako,志佐子,志沙子,紫佐子
しさの,shisano,志佐乃
しさよ,shisayo,志佐代
しず,shizu,司津,史珠,史津,士鶴,志珠,志寿,志瑞,志津,志都,糸珠,紫寿,紫津,紫都,至寿,詞集,詩寿,詩都,静,靜
しずえ,shizue,穏恵,志恵,志寿栄,志寿恵,志寿江,志津絵,志津恵,志津江,志津枝,志都恵,志都江,志文重,志壽江,詩津枝,示津恵,寿恵,静栄,静英,静絵,静恵,静江,静枝,静重,鎮江,靖江,靖枝,靜恵,靜江,靜枝,靜惠
しずか,shizuka,閑,閑香,史愛,史珠香,志寿佳,志寿華,志寿香,志津佳,志津加,志津可,志津果,志津花,志津華,志津香,志都佳,志都加,志都香,志文香,志律香,支都香,枝寿佳,紫寿香,紫杜華,紫都佳,紫都香,詩津香,滋寿香,淑華,淑香,浄花,浄華,浄香,慎花,清香,静,静伽,静佳,静加,静可,静嘉,静夏,静果,静架,静歌,静花,静華,静雅,静馨,静薫,静香,静芳,静鈴,静和,静翔,寧香,靖佳,靖袈,涼華,涼香,靜,靜佳,靜加,靜花,靜華,靜香,靜麗
しずき,shizuki,志月,静希,静季,静姫
しずく,shizuku,雫,滴
しずこ,shizuko,梓津子,委文子,穏子,閑子,司珠子,司寿子,司津子,史寿子,史津子,史都子,士都子,姿寿子,志朱子,志珠子,志寿子,志津子,志鶴子,志都子,志文子,志律子,思都子,支都子,旨志子,枝瑞子,紫珠子,紫純子,紫津子,詞津子,詩寿子,詩津子,資津子,滋寿子,淑子,浄子,慎子,清水子,静香,静子,鎮子,寧子,茂都子,倭子,倭文子,靜子
しずさ,shizusa,志寿沙,静沙
しずな,shizuna,志津菜,志津奈,静菜,静奈,静南
しずね,shizune,閑音,静音
しずの,shizuno,志瑞乃,静乃,靖代,靜乃
しずは,shizuha,粛葉,静羽,静波,静葉
しずほ,shizuho,志寿浦,志津保,静帆,静保,静穂
しずみ,shizumi,志津美,静美,靜美
しずよ,shizuyo,閑代,志司代,志寿代,志寿予,志州代,志津世,志津代,志都代,紫寿代,淑澄世,浄世,静世,静代,静葉,鎮代,寧代,靜代
しずる,shizuru,静流
しせ,shise,志勢
しせこ,shiseko,史勢子
しちほ,shichiho,七帆
しつか,shitsuka,志津佳,志都佳
しつき,shitsuki,士月
しつこ,shitsuko,志津子,志都子
しづ,shizu,司津,史珠,史津,史都,志珠,志寿,志津,志通,志徒,志都,糸津,紫津,紫都,至都,誌津
しづえ,shizue,司津恵,師津枝,志津栄,志津絵,志津恵,志津慧,志津江,志津枝,志都江,志都枝,静江,静枝
しづか,shizuka,史津華,史津香,志津佳,志津加,志津可,志津果,志津歌,志津花,志津賀,志津香,志都佳,志都花,志都香,支津香,糸都香,紫津加,紫津香,視津香,詩津佳,詩津香,詩都香,静,静花,静華,静香,靜
しづき,shizuki,史月,志月,志築,紫月,詩月
しづこ,shizuko,委文子,司津子,史津子,史都子,士津子,姿津子,志づ子,志津子,志都子,志律子,支津子,紫津子,紫都子,詞津子,静子,茂津子
しづな,shizuna,志津奈,志都奈
しづの,shizuno,志津乃
しづは,shizuha,紫津葉
しづほ,shizuho,志津帆,志津保,志津歩,志津穂,志都穂
しづよ,shizuyo,志津世,志津代,志都世,志都代
しづる,shizuru,志鶴
しと,shito,志都
しとか,shitoka,淑香
しとみ,shitomi,志都美
しな,shina,志奈
しなえ,shinae,科江,志苗
しなこ,shinako,梓無子,科子,階子,級子,司奈子,史奈子,四科子,姿子,姿奈子,志七子,志奈子,志那子,指南子,支名子,枝子,枝奈子,紫奈子,紫梨子,詞奈子,詩菜子,詩奈子,滋奈子,示奈子,信成子,信奈子,真奈子,等子,品子,矢那子,倫子
しなの,shinano,史奈乃,志奈乃
しなみ,shinami,科美,志奈美
しなよ,shinayo,紫奈代
しの,shino,梓乃,司乃,史乃,士乃,始乃,姿乃,志乃,志之,志野,思乃,思之,支乃,旨乃,糸乃,紫乃,紫之,紫野,至乃,視乃,詞乃,詩乃,詩野,誌乃,資乃,慈乃,偲乃,朱乃,淑乃,織乃,信乃,清乃
しのえ,shinoe,志乃絵,志乃江,志野恵,詩乃江
しのか,shinoka,志乃佳,詩乃花,忍佳,忍圭
しのこ,shinoko,史乃子,志乃子,志能子,志野子,紫乃子,紫野子,詩野子
しのぶ,shinobu,史乃芙,志暢,志展,志乃生,志乃布,志乃舞,志乃文,志能富,志野歩,思展,偲,忍
しのみ,shinomi,志乃水,志乃美,詩乃美,詩野美
しのん,shinon,心温
しは,shiha,思羽
しはる,shiharu,志春
しほ,shiho,梓帆,梓保,梓歩,梓甫,梓穂,沙穂,使保,使穂,司帆,司保,司歩,司穂,史浦,史帆,史保,史歩,史穂,史朋,史穗,四穂,士穂,始歩,始穂,姉穂,姿穂,子歩,師保,志浦,志織,志畝,志帆,志布,志扶,志保,志圃,志歩,志甫,志輔,志穂,志峰,志朋,志芳,志萌,志房,志誉,志穗,思帆,思保,思歩,思穂,枝浦,枝保,枝穂,祉歩,糸帆,糸保,糸穂,紫畝,紫帆,紫布,紫保,紫歩,紫甫,紫穂,紫峰,紫方,紫豊,至帆,至保,視補,視穂,詩帆,詩布,詩保,詩歩,詩穂,詩穗,誌帆,誌穂,賜帆,慈穂,示帆,汐帆,汐保,偲保,朱星,朱歩,秀穂,晶帆,織帆,織穂,信帆,信穂,真歩,真穂,静保,静穂,知歩,知穂,栞歩
しほか,shihoka,志保香,志穂香,思星歌
しほこ,shihoko,司穂子,司芳子,史秀子,史保子,史歩子,史穂子,史朋子,嗣畝子,姿穂子,師保子,志帆子,志布子,志保子,志歩子,志穂子,志峰子,志朋子,志法子,志芳子,志豊子,志望子,支帆子,支穂子,紫保子,紫穂子,紫豊子,詩帆子,詩保子,詩歩子,詩穂子,詩穗子,賜穂子
しほな,shihona,志保奈,志穂奈
しほね,shihone,思帆音
しほの,shihono,志帆乃,志保乃,詩歩乃,汐乃
しほみ,shihomi,史帆未,史保美,史穂美,姿帆美,市穂美,志浦弥,志帆美,志保美,志歩美,志穂美,志穂弥,志芳美,志萌好,志豊美,旨保美,枝穂美,糸保美,糸穂実,紫布美,詩帆美,詩保美,汐美,汐穂美,漬保美
しほり,shihori,史帆里,史保里,史穂利,史穂里,志帆梨,志帆理,志帆里,志保利,志保理,志保里,志穂利,志穂梨,志穂理,志穂里,志宝里,紫帆里,紫保理,紫穗里,至穂理,至穂里,詩帆織,詩帆里,詩保里,詩穂理,詩穂里,詩穂莉,信穂里
しま,shima,司真,司麻,史真,史摩,史磨,史麻,史万,史眞,四麻,師麻,志真,志舞,志摩,志磨,志麻,志満,志眞,支麻,枝摩,糸麻,紫真,紫摩,紫磨,紫麻,紫万,至真,詩真,詩摩,詩麻,詩茉,誌真,誌麻,染真
しまえ,shimae,司万恵,志真江,志磨江,志麻江
しまこ,shimako,司真子,史真子,史麻子,嗣麻子,志真子,志摩子,志磨子,志麻子,志万子,志満子,志眞子,紫真子,紫磨子,紫麻子,紫万子,至摩子,洲子
しみこ,shimiko,志美子
しみず,shimizu,詩水
しゃり,shari,紗里
しゃれん,sharen,紗恋
しゅうか,shuuka,秀華
しゅうこ,shuuko,司佑子,収子,周子,就子,州子,修子,愁子,秀子,習子,集子,柊子
しゅおり,shuori,朱織
しゅか,shuka,朱佳,朱夏
しゅな,shuna,朱南
しゅまり,shumari,朱鞠
しゅり,shuri,朱理,朱里,珠里
しゅりな,shurina,珠里奈
しゆ,shiyu,司裕
しょうか,shouka,翔香
しょうこ,shouko,紗子,勝子,匠古,匠子,唱子,将子,尚子,庄子,彰子,承子,抄子,招子,昇子,昌子,昭子,晶江,晶子,松子,梢子,渉湖,渉子,湘子,照子,省子,祥呼,祥子,称子,章子,笑子,粧子,紹子,肖子,菖子,蕉子,訟子,証子,詔子,詳子,象子,賞子,鐘子,上子,星子,正子,聖子,荘子,憧子,璋子,笙子,翔子,翔虹,頌子
しょうみ,shoumi,祥美,憧美
しよ,shiyo,志代
しよか,shiyoka,紫陽花
しより,shiyori,枝和,紫由
しをり,shiori,詩織
しん,shin,心
しんか,shinka,心花
しんこ,shinko,伸子,信子,慎子,新子,晋子,真子,進子
しんみ,shinmi,芯美
しんめ,shinme,新芽
しんり,shinri,芯理
じみ,jimi,滋美
じつこ,jitsuko,実子
じゅえり,jueri,樹絵莉
じゅか,juka,寿佳,樹香
じゅな,juna,寿奈,樹奈
じゅね,june,樹音
じゅら,jura,朱羅,樹羅,寿楽,樹蘭
じゅり,juri,朱里,珠理,珠里,珠莉,寿吏,寿理,寿里,樹梨,樹理,樹璃,樹里
じゅりあ,juria,朱里亜,珠梨亜,珠里亜,珠里愛,寿利亜,寿理亜,寿里亜,寿莉阿,樹李亜,樹梨亜,樹理亜,樹里亜,樹里杏,樹里余,樹莉亜
じゅりあん,jurian,樹里杏
じゅりえ,jurie,樹理絵
じゅりか,jurika,樹里香
じゅりな,jurina,珠理奈,儒里奈,寿璃菜,樹里奈
じゅれ,jure,樹玲
じゅん,jun,純
じゅんか,junka,淳香,潤花,潤華,純佳,純可,純華,純香
じゅんき,junki,純姫
じゅんこ,junko,寿子,淑子,准子,循子,旬子,殉子,淳子,準子,潤子,盾子,純子,遵子,醇子,順子,惇子,隼子,洵子,詢子,諄子
じゅんな,junna,淳菜,淳奈,潤奈,純菜,純奈,順奈,隼那
じゅんの,junno,淳乃
じゅんみ,junmi,純美
じゅんり,junri,淳理,純理,純里,順理
じんこ,jinko,仁子
すあん,suan,素杏
すいか,suika,水華
すいこ,suiko,彗子
すいす,suisu,慧栖
すいは,suiha,翠葉
すいほ,suiho,慧帆
すいれん,suiren,水蓮
すうな,suna,栖卯菜
すえ,sue,須江
すえか,sueka,季加,季夏,末夏,末華
すえこ,sueko,季子,朱江子,寿栄子,寿恵子,寿江子,寿枝子,寿重子,寿笑子,須恵子,須江子,須重子,尊子,末子,壽惠子,壽榮子
すえみ,suemi,季美,寿恵美,寿重美,寿美,淑美,須悦美,澄枝実,末美
すがこ,sugako,姿賀子,珠花子,寿佳子,寿加子,寿賀子,寿雅子,須賀子,須雅子,須香子,崇賀子,寸賀子,清子,素加子,素賀子,素雅子,壽佳子,壽賀子
すがね,sugane,清音
すがの,sugano,寿賀乃,澄賀乃,清乃
すがよ,sugayo,寿賀代,清世,清代
すきな,sukina,好奈,寿姫奈
すぎえ,sugie,杉恵,杉江,杉枝
すぎな,sugina,杉菜,杉奈
すぎね,sugine,杉音
すぎの,sugino,杉乃
すぎみ,sugimi,杉美
すぎよ,sugiyo,杉代
すぐみ,sugumi,優美
すぐり,suguri,優李
すさな,susana,朱紗奈
すず,suzu,朱々,珠鶴,寿珠,寿々,鈴
すずえ,suzue,宰江,寿々恵,寿々江,寿津江,涼絵,涼恵,涼江,鈴栄,鈴絵,鈴恵,鈴江,鈴枝
すずか,suzuka,紗加,紗花,珠香,珠々香,寿々佳,寿々花,寿々香,淑花,涼,涼佳,涼加,涼夏,涼果,涼歌,涼花,涼香,涼風,鈴佳,鈴加,鈴嘉,鈴夏,鈴果,鈴花,鈴華,鈴香
すずこ,suzuko,宰子,朱々子,珠州子,寿珠子,寿寿子,寿々子,寿津子,寿都子,寿文子,須津子,涼子,鈴子,壽珠子
すずさ,suzusa,鈴紗
すずな,suzuna,紗菜,紗奈,珠寿奈,寿々奈,涼菜,涼奈,鈴菜,鈴奈
すずね,suzune,涼音,鈴音
すずの,suzuno,寿々乃,涼乃,鈴乃
すずは,suzuha,涼葉,鈴葉,凉葉
すずほ,suzuho,涼帆,涼穂,鈴穂
すずみ,suzumi,寿津美,涼泉,涼美,鈴美,凉美
すずよ,suzuyo,寿々代,寿鶴世,州珠代,涼代,鈴世,鈴生,鈴代
すずらん,suzuran,涼蘭
すずり,suzuri,硯
すずりん,suzurin,鈴林
すなこ,sunako,砂丘子,砂子,寿奈子,周名子,須奈子,素那子
すなほ,sunaho,砂穂,寿菜穂
すなみ,sunami,砂実,砂美,寿奈美,須奈美
すま,suma,主麻,寿摩,寿麻,須磨,須麻
すまこ,sumako,珠真子,珠麻子,寿真子,寿摩子,寿磨子,寿麻子,寿麿子,寿万子,寿満子,須真子,須摩子,須磨子,須麻子,須麿子,須万子,須満子,崇真子,素真子,素万子,壽摩子
すみ,sumi,朱美,受美,寿美,純,純美,須実,須美,澄,澄美
すみえ,sumie,右江,角江,角枝,角美枝,紀絵,紀江,久恵,恭栄,恭永,恭江,好恵,好江,済江,主実恵,守三江,守美恵,守美惠,朱三江,朱美絵,朱美恵,朱美江,朱巳江,珠美英,珠美恵,珠美江,珠美枝,寿栄,寿絵,寿恵,寿見恵,寿己江,寿光恵,寿江,寿三江,寿三枝,寿三重,寿枝,寿実恵,寿実江,寿美,寿美栄,寿美絵,寿美恵,寿美江,寿美枝,寿未枝,寿巳江,周三江,住依,住栄,住恵,住江,住枝,住美絵,淑絵,淑恵,淑江,淑枝,淑満江,純愛,純衣,純栄,純永,純会,純絵,純恵,純己恵,純江,純枝,純美恵,純美江,純美惠,純満恵,純満惠,純會,純柯,浄江,須三栄,須美恵,須美江,須美枝,須巳江,崇美恵,枢実枝,澄依,澄衣,澄映,澄栄,澄永,澄英,澄絵,澄恵,澄己枝,澄江,澄枝,澄重,澄美恵,澄美江,寸美恵,清衣,清絵,清恵,清江,清枝,聖江,素美恵,素美江,透惠,篤枝,末美恵,優美恵,有恵,有江,有枝,葉菜,壽美恵,壽美江,壽美枝,壽美惠
すみか,sumika,朱美香,寿佳,寿光嘉,寿香,寿美佳,寿美賀,寿美香,住佳,住香,淑華,淑香,純佳,純加,純可,純嘉,純夏,純果,純歌,純花,純香,純妃,純美加,純芳,抄美華,須美華,澄佳,澄加,澄嘉,澄夏,澄果,澄花,澄華,澄霞,澄香,澄美佳,澄与,清加,清歌,清香,壽美香
すみこ,sumiko,角子,宜子,主美子,守見子,朱三子,朱実子,朱美子,珠己子,珠美子,珠巳子,寿見子,寿三子,寿子,寿実子,寿珠子,寿臣子,寿身子,寿美子,寿満子,寿味子,寿魅子,寿弥子,周美子,州見子,州美子,住三子,住子,住味子,淑子,粛子,純見子,純子,純美子,純巳子,純兒,順美子,須己子,須光子,須三子,須美子,須弥子,須彌子,崇美子,澄湖,澄子,澄充子,澄水子,澄美子,寸美子,清子,宣子,素三子,素実子,素美子,速子,墨子,壽美子
すみな,sumina,寿美奈,純菜,純奈,澄奈
すみね,sumine,澄音
すみの,sumino,珠美乃,寿実乃,寿美乃,淑乃,純乃,澄乃,清乃,素美乃
すみは,sumiha,紀葉,純羽,純葉
すみほ,sumiho,寿実保,寿美穂,寿穂,純帆,純穂
すみよ,sumiyo,維代,恭代,薫代,好代,姿美代,珠美代,寿充代,寿世,寿代,寿美依,寿美世,寿美代,寿未代,寿巳代,住世,住代,淑代,淑誉,淳代,純世,純代,純美代,純誉,須代,須美代,須弥世,須弥代,崇美代,澄世,澄代,澄誉,澄葉,清代,聖美代,素美代,素巳代,有代,壽代
すみれ,sumire,為美礼,紀麗,珠美鈴,寿実礼,寿美玲,寿美礼,寿美麗,寿鈴,純伶,純玲,純礼,純鈴,純麗,須美玲,須美礼,崇美玲,澄海恋,澄令,澄怜,澄玲,澄礼,澄麗,清令,清礼,素美礼,菫
すもも,sumomo,寿桃
すやこ,suyako,寿弥子,須哉子,須弥子
すわ,suwa,諏訪
すわこ,suwako,朱和子,寿波子,寿和子,周波子,住和子,順和子,須和子,素和子
せあら,seara,星愛良
せあり,seari,瀬亜梨
せいあ,seia,星亜,聖亜
せいか,seika,世依香,世佳,世華,世樺,世香,成華,成香,星佳,星歌,星河,星花,星華,星駈,星香,晴加,晴可,晴夏,晴華,正華,清佳,清加,清夏,清花,清華,清香,精華,聖佳,聖加,聖夏,聖果,聖架,聖花,聖華,聖芽,聖香,声華,誠華,誠香,請香,青佳,青花,青霞,青樺,静佳,静華,静香
せいこ,seiko,井子,済子,斎子,史子,省子,浄子,世以子,世伊子,世依子,世衣子,世育子,世子,世生子,瀬依子,瀬台子,勢以子,勢依子,勢子,征子,成子,政維子,政子,整子,星以子,星子,晴子,正子,清子,生子,盛子,精子,聖位子,聖依子,聖衣子,聖子,誠子,誓子,請子,青衣子,青子,静伊子,静子,斉子,妹伊子,靖子,靜子
せいさ,seisa,星沙
せいざ,seiza,星座
せいそ,seiso,清楚
せいな,seina,彩菜,世依菜,世菜,成奈,政奈,星菜,星奈,星那,正奈,清菜,清雫,清奈,生菜,生奈,聖衣納,聖菜,聖七,聖奈,聖那,青那,静菜,静奈
せいね,seine,星音
せいの,seino,星乃
せいほ,seiho,清穂
せいみ,seimi,犀未,栖美
せいや,seiya,星夜,聖夜
せいら,seira,世衣良,星愛,星羅,星来,星良,清羅,聖楽,聖羅,聖良,惺羅
せいらん,seiran,静蘭
せえこ,seko,世恵子
せおり,seori,世緒梨
せおん,seon,星音
せきな,sekina,瀬季南
せさみ,sesami,星砂美
せしる,seshiru,瀬偲流,聖志瑠
せせら,sesera,星々羅
せせり,seseri,瀬々里
せつ,setsu,世津,摂,節
せつえ,setsue,節恵
せつか,setsuka,雪歌
せつき,setsuki,雪月
せつこ,setsuko,世津子,世通子,世都子,瀬津子,勢津子,勢都子,清津子,清都子,聖津子,聖都子,摂子,摂津子,設子,節子,節津子,説子,雪子,早典子,妹津子,攝子,靜津子
せつな,setsuna,星都奈,雪菜,紲菜
せつみ,setsumi,世津美,勢津美,摂美,節美
せつよ,setsuyo,世津代,瀬都世,勢津世,摂世,設津代,節世,節代,雪代
せな,sena,世奈,瀬菜,瀬奈,瀬那,瀬南,瀬名,成菜,星菜,星那,聖菜,聖奈,聖那,静菜
せなみ,senami,瀬波
せの,seno,瀬乃,星乃
せら,sera,瀬良
せり,seri,芹,世理,世里,世莉,瀬利,瀬理,瀬里,瀬莉,聖梨,聖理
せりあ,seria,紗璃亜,世莉亜
せりい,seri,芹衣
せりえ,serie,芹依,世李絵
せりか,serika,芹佳,芹香,汐莉加,世梨香,世理加,世理夏,世理花,世里加,世里華,世里香,世莉果,世莉華,瀬理花,瀬理香,瀬里佳,瀬里加,瀬里花,瀬里香,勢理香,清里香,聖里佳,静里香,千梨花,千里香
せりこ,seriko,芹子,世理子,世里子,瀬利子,瀬里子,聖理子
せりす,serisu,星璃守
せりな,serina,芹菜,芹奈,芹那,芹苗,施里奈,世利菜,世利奈,世梨菜,世梨奈,世理奈,世里菜,世里奈,世里那,世莉奈,瀬理奈,瀬里菜,瀬里奈,瀬里名,瀬莉奈,畝里奈,星利奈,星里奈,晴里奈,聖理奈,聖里菜,聖里奈,西利奈,青璃奈,静利奈,静里菜,静里奈
せりの,serino,世理乃,瀬梨乃,瀬里乃
せるみ,serumi,清瑠
せれさ,seresa,星礼沙
せれす,seresu,星礼朱
せれな,serena,世玲奈,世礼奈,瀬怜奈,瀬礼菜,瀬礼奈,聖玲菜,聖玲奈
せれん,seren,星恋
せろな,serona,世路奈
せんか,senka,泉華
せんこ,senko,仙子,千子
せんな,senna,仙奈,千奈,撰奈
せんり,senri,釧璃,千里,閃里
そあら,soara,楚亜良
そう,sou,操
そうあ,soua,想亜
そうか,souka,爽花,想夏
そうこ,souko,桑子,宗子,創子,壮子,奏子,爽子,惣子,想子,操子,総子,聡子,草子,荘子,蒼子,聰子
そうな,souna,想奈
そうね,soune,爽寧
そうみ,soumi,想海,湊美
そうる,souru,颯流
そえか,soeka,添可
そえる,soeru,奏絵留,添琉
そな,sona,奏奈,想那
そなた,sonata,奏鳴歌
そにあ,sonia,想仁亜
そにん,sonin,素任
そのえ,sonoe,園絵,園恵,園江,園枝,苑絵,苑江,苑枝
そのか,sonoka,園佳,園加,園夏,園果,園花,園華,園香,苑伽,苑佳,苑加,苑夏,苑果,苑花,苑華,苑香
そのこ,sonoko,園子,苑子,初乃子,崇乃子,素乃子,素之子,壮乃子,奏能子,其子,尊乃子
そのは,sonoha,苑葉
そのみ,sonomi,園海,園己,園実,園珠,園美,園望,園未,園巳,苑弓,苑光,苑実,苑美,素乃美,素野美
そのよ,sonoyo,園世,園代,苑代,素乃代
そまり,somari,疏毬
そめか,someka,染華
そゆ,soyu,爽由
そゆき,soyuki,疏雪
そよか,soyoka,早陽花,颯夏
そら,sora,空,昊
そらか,soraka,空花
そらな,sorana,宙菜
そらね,sorane,空音,宙音
そらみ,sorami,空美
そらん,soran,空蘭
そりあ,soria,想里愛
たいか,taika,泰華
たいこ,taiko,多位子,多依子,多衣子,多井子,太子,耐子,泰子,黛子,鯛子,田以子,田井子
たいり,tairi,泰利
たえ,tae,多依,多映,多栄,多英,多絵,多恵,多江,多枝,多重,多妙,多惠,妙,妙栄,妙英,妙絵,妙恵,妙慧,妙江,妙枝,妙重
たえか,taeka,耐歌,妙佳,妙香
たえき,taeki,妙季
たえこ,taeko,堪子,沙子,紗子,多愛子,多依子,多衣子,多映子,多栄子,多永子,多英子,多衛子,多詠子,多絵子,多恵子,多慧子,多江子,多枝子,多重子,多得子,多惠子,多榮子,太衣子,太映子,太栄子,太英子,太絵子,太恵子,太枝子,太重子,汰依子,汰瑛子,汰恵子,耐子,泰越子,泰恵子,泰江子,泰子,泰惠子,台映子,大恵子,湛子,田栄子,田恵子,田枝子,能子,妙衣,妙永子,妙英子,妙央子,妙絵子,妙恵子,妙呼,妙湖,妙幸,妙弘,妙江子,妙香,妙子,妙惠子,木妙子
たえな,taena,妙奈
たえね,taene,妙音
たえの,taeno,妙乃
たえみ,taemi,多恵美,多江美,妙美
たえよ,taeyo,妙世
たえり,taeri,多絵里
たお,tao,多央,多緒,多生
たおこ,taoko,泰緒子
たか,taka,多佳,多香
たかえ,takae,寛恵,貴絵,貴恵,貴江,貴枝,貴重,貴也,敬絵,敬恵,敬江,敬枝,孝依,孝衣,孝栄,孝絵,孝恵,孝江,孝枝,孝惠,高栄,高江,高枝,尚江,崇衣,崇恵,崇江,生江,尊恵,尊江,尊枝,尊笑,多佳恵,多佳江,多佳枝,多加恵,多加江,多賀栄,多賀恵,多賀江,多賀枝,多香恵,多香江,太佳惠,太加江,太嘉栄,太香恵,天衣,隆恵,隆江
たかこ,takako,位子,一子,岳子,希子,毅子,貴佳子,貴可子,貴華子,貴賀子,貴香子,貴哉子,貴子,宜子,丘子,及子,享子,京子,共子,喬子,恭子,教子,仰子,尭子,圭子,敬子,健子,賢子,公加子,公子,功子,好子,孔子,孝子,幸子,昂子,皇子,考子,香子,高賀子,高子,才子,財子,姿子,社子,爵子,宗子,修子,勝子,尚子,渉子,祥子,章子,賞子,上子,臣子,崇子,嵩子,聖子,荘子,尊子,多郁子,多佳子,多加子,多可子,多嘉子,多果子,多架子,多歌子,多河子,多花子,多華子,多賀子,多馨子,多貴子,多圭子,多香子,多克子,多芳子,太佳子,太香子,汰可子,妥加子,泰香子,代曄子,鷹子,卓可子,卓子,廷香子,哲子,田佳子,田加子,田雅子,田香子,登子,都子,任子,能子,宝子,峰子,妙佳子,妙香子,夕香子,誉子,陽子,理子,隆子,塁子,堯子
たかせ,takase,貴瀬
たかな,takana,貴菜,貴奈,皐菜,隆奈
たかね,takane,貴音,貴根,高嶺,多佳音,多加音
たかの,takano,貴乃,空乃,孝乃,多佳乃
たかほ,takaho,高帆
たかみ,takami,宇美,岳美,貴海,貴見,貴己,貴実,貴水,貴瑞,貴美,貴巳,宜美,享己,享美,京美,喬美,恭美,仰美,敬美,孝三,孝実,孝美,孝味,孝巳,孝弥,幸己,昂美,考美,香珠,香美,高己,高三,高身,高美,高巳,尚実,尚美,崇美,崇未,尊美,多佳美,多加美,多夏美,多歌美,多花実,多華美,多賀美,多香美,太加美,宝巳,隆美
たかよ,takayo,宇代,貴世,貴代,貴予,亨代,享世,享代,京世,喬世,恭世,恭代,教代,啓代,敬代,賢代,好代,孝依,孝代,孝予,昂代,考代,香代,高世,高代,社代,尚世,尚代,崇世,崇代,聖代,尊代,多加世,多加代,多加予,多可世,多可代,多賀世,多賀代,多雅代,多介代,多幹代,太佳代,卓加代,卓世,卓代,天代,堂代,能代,峰代,誉世,誉代,容世,隆世,隆代,隆予,隆与,和世
たき,taki,多喜,多岐,多希,多紀,多起
たきえ,takie,英恵,多喜恵,多喜江,多喜枝,多基江,多岐恵,多紀枝,多規枝,多樹重,多木枝,太希恵,滝江,瀧恵,瀧江
たきこ,takiko,多喜子,多岐子,多希子,多祈子,多季子,多紀子,多規子,多貴子,多起子,多輝子,多技子,多樹子,多木子,太喜子,太紀子,太克子,太樹子,滝子,瀧子,田紀子,田起子,妙希子,兌岐子
たきみ,takimi,多喜美,滝美
たくこ,takuko,薫子,卓子,拓子,琢子
たくほ,takuho,卓穂,拓帆,拓歩,拓穂,琢穂
たくみ,takumi,卓美,卓未,卓巳
たけこ,takeko,威子,岳子,毅子,健子,建子,剛子,丈子,多慶子,多計子,竹子,長子,武子
たけみ,takemi,岳美,毅美,丈美,多華美,多恵美,多芸美,竹美,武美
たけよ,takeyo,竹代
たず,tazu,多寿,太津
たずえ,tazue,多津恵,多鶴江,訪恵
たずこ,tazuko,温子,多寿子,多瑞子,多津子,多鶴子,沢寿子,田鶴子
たずみ,tazumi,温美,多寿美,多積
たずよ,tazuyo,田鶴代
ただこ,tadako,忠子
たつえ,tatsue,多津栄,多津恵,多津江,多鶴恵,多都枝,達江,達枝,達榮,辰恵,辰江,辰枝,立映,立恵,立江,立枝,竜恵,竜江,龍絵,龍江
たつき,tatsuki,竜姫
たつこ,tatsuko,貴子,起子,桂子,作子,樹子,多津子,多都子,達子,辰子,辰娘,田津子,立子,竜湖,竜子,龍子
たつの,tatsuno,竜乃
たつみ,tatsumi,健美,建美,樹美,多津美,多都美,達美,辰美,立海,立美,竜美,龍美
たつよ,tatsuyo,建代,多津代,達代,辰代,竜代,逹代
たづ,tazu,多珠,多津,多鶴,多都,太津,田津,田鶴
たづえ,tazue,多津栄,多津恵,多津枝,多鶴恵,田鶴衛
たづこ,tazuko,温子,起都子,珠津子,多津子,多鶴子,多都子,太津子,丹津子,鶴子,田津子,田鶴子,畔津子
たづの,tazuno,多津乃
たづみ,tazumi,多津美,多鶴美
たづよ,tazuyo,多津代,田鶴代
たづる,tazuru,多津留,多鶴,多都留,田鶴
たては,tateha,盾羽
たてみ,tatemi,樹美
たな,tana,田奈
たなえ,tanae,多那枝
たなみ,tanami,多奈美
たにみ,tanimi,谷美
たねみ,tanemi,胤美,種美
たばさ,tabasa,束彩,束咲,束紗,多芭沙,多葉紗
たほこ,tahoko,多宝子
たま,tama,玉,珠,多麻
たまい,tamai,玉衣
たまえ,tamae,環栄,環江,環枝,球衣,球絵,球恵,玉愛,玉衣,玉映,玉栄,玉瑛,玉英,玉会,玉絵,玉恵,玉慧,玉江,玉枝,玉惠,圭映,圭栄,圭絵,圭恵,圭江,賜恵,賜枝,珠愛,珠衣,珠映,珠栄,珠永,珠瑛,珠英,珠会,珠絵,珠恵,珠慧,珠江,珠枝,珠代,珠舞枝,瑞絵,瑞恵,瑞江,瑞枝,多真恵,多真江,多摩絵,多摩恵,多磨恵,多磨江,多麻絵,多麻恵,多麻枝,多満江,瑠絵,玲恵,玲慧,玲江,瑶恵
たまお,tamao,環緒,玉桜,玉緒,玉生,玉青,玉妙,圭生,圭穂,珠央,珠乙,珠緒,珠生,珠青,珠歩,珠穂,珠峰,瑞青,玲生
たまおう,tamaou,珠央
たまか,tamaka,玉花,珠佳,珠加,珠華
たまき,tamaki,環,環希,環季,環紀,環輝,環樹,環妃,環姫,球貴,玉環,玉喜,玉希,玉季,玉稀,玉紀,玉規,玉記,玉貴,玉起,玉輝,玉己,玉樹,玉妃,玉巳,圭希,圭紀,圭規,圭貴,圭己,圭樹,圭生,圭李,珠,珠幹,珠喜,珠器,珠希,珠季,珠紀,珠規,珠貴,珠輝,珠祇,珠己,珠樹,珠晶,珠生,珠妃,珠姫,珠木,珠暉,珠煕,瑞希,瑞紀,瑞規,瑞貴,瑞樹,多真喜,多真紀,多摩希,多摩姫,多麻希,多麻紀,多麻樹,多万喜,多万希,多万紀,多満喜,太磨喜,碧希,玲希,玲紀,玲貴,玲己,玲生,玲妃
たまこ,tamako,環子,球子,響子,玉子,圭子,賜子,珠子,晶子,真珠子,瑞子,多真子,多摩子,多麻子,宝珠子,琳子
たまさ,tamasa,珠沙
たまな,tamana,玉奈,珠奈
たまね,tamane,珠音
たまの,tamano,玉乃,珠乃,瑞乃
たまは,tamaha,珠葉
たまほ,tamaho,環帆,玉帆,玉穂,珠浦,珠帆,珠穂,珠穗,瑞穂,玲穂
たまみ,tamami,環美,球微,球美,玉己,玉光,玉実,玉深,玉水,玉美,玉満,玉未,玉弥,圭見,圭実,圭美,圭未,賜美,朱美,珠果,珠海,珠弓,珠見,珠己,珠光,珠三,珠視,珠実,珠心,珠深,珠真美,珠水,珠生,珠扇,珠知,珠美,珠満,珠味,珠未,珠巳,珠民,珠明,珠弥,珠緑,珠已,瑞,瑞実,瑞美,多真実,多真美,多摩美,多磨実,多磨美,多麻美,多万美,多眞己,太麻美,太万美,太茉実,田真弓,田真美,碧美,宝美,陽美,理美,瑠美,玲心,玲水,玲美,玲未,玲巳,瑶美
たまも,tamamo,珠萌
たまよ,tamayo,環代,丸代,球代,玉佳,玉世,玉代,玉葉,圭世,圭代,賜代,朱代,珠世,珠代,珠予,珠与,珠誉,瑞代,多万予,保麻容,玲代,麗代
たみ,tami,多海,多実,多美,多未,多弥,太美,卓満,田美,民,民美
たみえ,tamie,彩恵,彩江,他美江,多三枝,多実恵,多実江,多美栄,多美絵,多美恵,多美江,多美枝,多美重,多美惠,多未江,多巳江,太美恵,萌恵,民栄,民絵,民恵,民江,民枝,民苗,民味恵
たみか,tamika,民佳,民花,民香
たみこ,tamiko,珠水子,珠美子,他美子,多見子,多己子,多視子,多実子,多親子,多身子,多美子,多未子,多實子,太美子,妥美子,泰美子,田三子,田実子,田美子,田實子,妙子,民子,民美子,夛美子
たみよ,tamiyo,彩世,人代,多実代,多美世,多美代,太見代,田美代,民世,民代
たやこ,tayako,多弥子
たゆ,tayu,妙有
たゆこ,tayuko,多佑子,多友子,多有子,多由幸,多祐子,太祐子,妙子
たゆな,tayuna,妙菜
たゆの,tayuno,妙乃
たゆみ,tayumi,妙珠,妙美
たゆり,tayuri,多由里,妙里
たゆる,tayuru,耐
たよ,tayo,多代
たよこ,tayoko,胤庸子,多代子,多予子,太容子,太陽子,田代子
たよみ,tayomi,多代美
たんみ,tanmi,耽美
だいこ,daiko,代子
だりあ,daria,陀璃亜
ちあ,chia,千亜,知亜
ちあい,chiai,千愛,知愛,智愛
ちあき,chiaki,千亜喜,千亜希,千亜季,千亜紀,千亜記,千亜貴,千亜己,千亜樹,千亜妃,千亜姫,千亜木,千阿希,千阿紀,千愛希,千旭,千綾樹,千安希,千安季,千安紀,千安芸,千郁,千映,千紀,千輝,千鏡,千暁,千暁妃,千慧,千顕,千光,千幸,千晃,千慈,千朱,千珠,千秋,千淳,千彰,千昌,千昭,千晶,千照,千章,千爽,千聡,千智,千彬,千明,千耀,千陽,千理,千玲,千暉,知亜希,知亜季,知亜紀,知亜記,知亜樹,知安紀,知暁,知秋,知晶,知明,智亜喜,智亜希,智亜季,智亜紀,智亜記,智亜貴,智亜生,智愛,智映,智公,智朱希,智秋,智昭,智晶,智明紀,智明樹,智陽,智玲,稚晶
ちあこ,chiako,千亜子,千絢香,知亜子,知愛子,知安子,智亜子
ちあさ,chiasa,茅麻,千朝,千麻,智亜沙,智麻
ちあみ,chiami,千亜美,千阿弥,千愛美,智合美,池亜美
ちあや,chiaya,七彩,千綾,千彩,千文
ちあり,chiari,千愛里,知阿里,知有
ちい,chi,智伊
ちいこ,chiko,千以子,千伊子,千位子,千依子,千意子,千維子,千衣子,知伊子,知位子,知偉子,知意子,知衣子,智泉子,稚衣子
ちぇこ,chieko,千英子
ちえ,chie,治枝,千愛,千依,千衣,千叡,千営,千映,千栄,千永,千瑛,千英,千詠,千悦,千雅,千会,千絵,千恵,千慧,千江,千枝,千重,千笑,千乃,千苗,千惠,知愛,知依,知衣,知映,知栄,知永,知英,知絵,知恵,知慧,知江,知枝,知重,知笑,知柄,地恵,智愛,智衣,智映,智栄,智永,智瑛,智英,智詠,智会,智絵,智恵,智慧,智江,智紅,智枝,智重,智得,智媛,智惠,智繪,稚衣,稚栄,稚絵,稚恵,稚枝,稚惠,秩愛,秩依,秩枝,直央,直絵,朕恵,睦恵
ちえか,chieka,千絵佳,千恵加,千恵香,千江花,千支佳,千惠香,知英佳,智栄佳,智英香,智恵香,智慧果,稚徳佳
ちえこ,chieko,千依子,千衣子,千営子,千映子,千栄子,千永子,千瑛子,千英子,千衛子,千詠子,千悦子,千絵子,千恵子,千慧子,千江子,千枝子,千重子,千笑子,千得子,千誉子,千惠子,知愛子,知依子,知衣子,知影子,知映子,知栄子,知永子,知瑛子,知英子,知詠子,知延子,知央子,知会子,知絵子,知恵子,知慧子,知江子,知枝子,知重子,知惠子,知榮子,智愛子,智依子,智衣子,智映子,智栄子,智永子,智英子,智詠子,智絵子,智恵己,智恵子,智慧子,智工子,智江子,智枝子,智重子,智惠子,池映子,池江子,稚依子,稚栄子,稚英子,稚絵子,稚恵子,稚枝子,稚重子,致恵子,致得子,秩恵子,友恵子,仟永子
ちえな,chiena,智恵奈
ちえの,chieno,千依乃,千衣乃,千恵乃,知恵乃,知枝乃,智英乃,智恵野
ちえみ,chiemi,治江美,千衣実,千映美,千映未,千栄美,千永美,千瑛美,千英美,千詠美,千会美,千絵実,千絵美,千恵海,千恵実,千恵泉,千恵美,千恵望,千恵巳,千恵弥,千江実,千江美,千枝実,千枝美,千枝未,千重実,千重美,千重巳,千笑,千惠三,千惠美,知依美,知衣美,知映美,知栄実,知栄美,知英見,知英美,知絵水,知絵美,知恵見,知恵実,知恵美,知恵巳,知慧美,知江美,知江巳,知枝美,知重美,知笑,知日美,知惠美,智愛弥,智依実,智依美,智衣美,智栄美,智永海,智瑛美,智英美,智絵実,智絵美,智絵弥,智恵,智恵実,智恵美,智恵弥,智恵路,智慧峰,智江美,智枝美,智枝味,智重美,智笑,智深,智得美,智徳美,智美,智惠美,智繪美,稚恵実,稚笑,稚笑美,秩惠美,直枝美
ちえよ,chieyo,千恵代,千枝代,知恵代,智恵代
ちえり,chieri,千依里,千衣里,千栄里,千英理,千英里,千絵利,千絵里,千絵莉,千衿,千恵利,千恵理,千恵里,千恵莉,千江里,千枝理,千枝里,知衣理,知映里,知栄里,知英理,知恵理,知恵里,知恵莉,知江利,知江里,智衣理,智映梨,智絵梨,智絵理,智絵里,智恵利,智恵梨,智恵理,智恵里,智恵莉,智江李,智江理,稚恵利
ちお,chio,千緒,知緒,智緒
ちおこ,chioko,知央子
ちおり,chiori,千央里,千緒梨,千緒里,千織,千折,知緒里,知織,知織里,智央里,智織,稚織
ちか,chika,千佳,千加,千可,千嘉,千夏,千嫁,千家,千科,千果,千架,千歌,千花,千華,千霞,千賀,千雅,千馨,千薫,千圭,千景,千桂,千香,千詩,千晶,千方,千和,千翔,知伽,知佳,知加,知可,知夏,知果,知架,知歌,知花,知華,知賀,知薫,知圭,知桂,知香,知日,知芳,智郁,智佳,智加,智可,智嘉,智夏,智果,智架,智歌,智花,智華,智課,智賀,智圭,智香,智哉,稚佳,稚加,稚可,稚夏,稚果,稚花,稚華,稚香
ちかい,chikai,誓,千貝
ちかえ,chikae,愛恵,愛枝,央衣,央英,央恵,謹江,近恵,哉恵,哉江,史依,史絵,史恵,史江,史枝,慈恵,周恵,慎枝,真恵,親恵,親江,親枝,千佳映,千佳絵,千佳恵,千佳江,千佳惠,千加永,千加恵,千加江,千加枝,千嘉江,千夏恵,千夏江,千家栄,千果栄,千賀栄,千賀江,千賀枝,千香衣,千香恵,千香江,知佳恵,知加恵,知加枝,知可恵,知華恵,知江,知香恵,知香江,知香枝,智郁江,智郁枝,智佳恵,智加衣,智加恵,智加江,智加枝,智香恵,智香江,稚佳江,稚加恵,直郁江,睦依,睦栄,睦恵,睦枝,隆恵
ちかけ,chikake,千景
ちかげ,chikage,千影,千景,千香華,知佳景,知景,智景
ちかこ,chikako,愛子,允子,央子,寛子,幾子,規子,及子,京子,恭子,謹子,近子,九子,慶子,元子,恒子,考子,衡子,哉子,参子,司子,史佳子,史子,慈子,治嘉子,治荷子,治子,爾子,実子,主香子,周子,集子,充子,庶子,慎子,新子,真子,親子,身子,仁子,尋子,声子,誓子,静子,千郁子,千何子,千伽子,千佳子,千加子,千可子,千嘉子,千夏子,千家子,千果子,千架子,千歌子,千花子,千華子,千賀子,千雅子,千袈子,千圭子,千景子,千桂子,千香子,千哉子,千伺子,千鹿子,千春子,千鶴子,知郁子,知何子,知佳子,知加子,知可子,知嘉子,知夏子,知嫁子,知果子,知架子,知歌子,知花子,知華子,知賀子,知雅子,知馨子,知圭子,知桂子,知香子,知克子,知子,知日子,知芳子,地佳子,地香子,智郁子,智佳子,智加子,智可子,智嘉子,智夏子,智架子,智歌子,智花子,智華子,智賀子,智雅子,智馨子,智圭子,智桂子,智紅子,智香子,智哉子,智子,智日子,智芳子,智和子,池佳子,稚佳子,稚加子,稚可子,稚嘉子,稚科子,稚歌子,稚賀子,稚香子,稚子,致雅子,秩佳子,秩賀子,直子,培子,発子,比子,睦香,睦子,睦娘,凡子,味子,務子,盟子,矢子,悠子,用子,和子,愼子,眞子
ちかさ,chikasa,千佳早,知香紗,智佳沙,智香沙
ちかせ,chikase,知嘉世
ちかぜ,chikaze,千風
ちかな,chikana,愛菜,真菜,千夏奈,知佳奈,知加奈
ちかね,chikane,千歌音
ちかの,chikano,愛乃,允乃,庶乃,誓乃,千佳乃,千夏乃,千和乃,知佳乃,睦乃
ちかほ,chikaho,愛歩,史穂,実穂,真帆,千佳穂,千加保,千花歩,千賀穂,千芳,知佳保,知香穂
ちかみ,chikami,央美,史美,親美,千佳美,千加美,千歌美,千賀味,千香美,知佳美,知加美,地花美,智佳美,智加見,智花美,睦美
ちかよ,chikayo,愛世,愛代,愛与,幾代,恭代,局誉,近代,慶与,考世,考代,慈世,実代,周代,周与,周用,慎代,親世,親代,千佳世,千佳代,千佳予,千加世,千加代,千嘉代,千花代,千華世,千賀代,千香世,千香代,千香蓉,千日代,千和代,知加世,知加予,知可代,知賀代,知香代,知代,智佳代,智加代,智加予,智賀代,智圭世,智香代,稚佳代,睦代,睦予,凡晶,悠代
ちがこ,chigako,千芽子,千賀子,千雅子,知我子,智雅子
ちくは,chikuha,竺葉
ちぐさ,chigusa,千久佐,千久沙,千久紗,千枝,千種,千草,知久佐,知久紗,知具沙,知草,智久紗,智求沙,智種,智草,稚草,竹草
ちこ,chiko,千琴,千湖,千幸
ちこと,chikoto,千琴
ちさ,chisa,志紗,治沙,千幸,千佐,千左,千差,千沙,千砂,千彩,千咲,千紗,千抄,千聖,千早,千草,千茶,千麻,知佐,知左,知沙,知砂,知彩,知咲,知紗,知抄,知早,知茶,地佐,地紗,智佐,智沙,智砂,智彩,智才,智冴,智咲,智紗,智粧,智想,智早,稚沙,稚早
ちさえ,chisae,茅冴,千佐恵,千佐江,千沙依,千沙絵,千沙恵,知佐恵,知佐江,知左恵,知咲枝,知紗枝,智佐衣,智佐江,智佐枝,智砂江,智彩,智紗衣,智紗恵,智早恵,稚佐衣
ちさき,chisaki,茅咲,小咲季,千沙希,千咲,千咲季,千咲紀,千紗季,千紗貴,千紗姫,千早,千未,知咲,知咲季,智沙紀,智咲,智早妃,稚咲
ちさこ,chisako,至佐子,治斉子,千更子,千佐子,千左子,千査子,千沙子,千瑳子,千砂子,千彩子,千才子,千咲子,千笹子,千紗子,千抄子,千早子,千草子,千智子,千里子,知佐子,知左子,知沙子,知砂子,知紗子,知早子,地佐子,智佐子,智左子,智沙子,智砂子,智彩子,智咲子,智紗子,智早子,智聡子,智里子,稚佐子,稚沙子,稚子,稚紗子,理子
ちさし,chisashi,千早志
ちさと,chisato,茅里,持里,千愛,千覚,千京,千郷,千恵,千慧,千悟,千公,千幸,千佐登,千佐都,千沙斗,千沙登,千沙都,千砂登,千砂都,千咲寿,千咲登,千咲都,千紗音,千紗登,千紗都,千紗土,千寿,千真,千仁,千聖,千早登,千早都,千総,千聡,千知,千智,千哲,千都,千敏,千吏,千理,千里,千里登,千了,千倫,千伶,千怜,知恵,知悟,知佐斗,知佐登,知左登,知沙登,知沙都,知砂登,知桜都,知識,知紗都,知聖,知聡,知智,知都,知邑,知里,智郷,智恵,智慧,智悟,智佐登,智沙登,智沙都,智識,智紗音,智紗都,智仁,智聖,智聡,智登,智都,智妙珠,智理,智里,稚識,稚智,稚里,路里
ちさの,chisano,千早乃,千草乃,知佐乃,智沙乃
ちさみ,chisami,千佐美,千彩美,千三美,千紗美,知佐美,智佐美
ちさや,chisaya,千清
ちさよ,chisayo,千佐昌,千佐世,千佐代,千左代,千沙世,千沙代,千咲代,千紗代,知沙代,地才代,智佐代,智沙代,稚紗代
ちしお,chishio,千潮
ちすず,chisuzu,千鈴,智鈴
ちすみ,chisumi,千純,知澄
ちず,chizu,千珠,千寿,千瑞,千津,千鶴,千壽,知寿,知津,智珠,智寿,智津
ちずえ,chizue,千寿栄,千寿絵,千寿恵,千寿江,千瑞江,千津恵,千津江,千鶴恵,知寿恵,知瑞恵,知津衣,知津江,知津枝,知都江,智寿恵,智津恵,智津枝
ちずか,chizuka,智寿賀
ちずこ,chizuko,千珠子,千寿子,千住子,千須子,千瑞子,千静子,千津子,千鶴子,千都子,千鈴子,千壽子,知史子,知珠子,知寿子,知州子,知須子,知瑞子,知津子,知鶴子,知都子,知壽子,智殊子,智珠子,智寿子,智瑞子,智津子,智都子,智律子,稚珠子,秩珠子
ちずさ,chizusa,千寿沙
ちずの,chizuno,千鶴乃,智寿乃
ちずみ,chizumi,千寿美,千純,千澄,千津美,知寿美,知泉,智澄
ちずよ,chizuyo,千珠代,千寿世,千寿代,千津代,千鶴代,千都代,知津代,智津代,智都世
ちずる,chizuru,千弦,千寿,千寿留,千寿瑠,千尋,千鶴,智寿留
ちせ,chise,千世,千瀬,千畝,千勢,千征,千成,千聖,千泉,知世,知勢,知星,智世,智生,智盛,稚世
ちせこ,chiseko,千世子,千畝子,千勢子,知世子,知勢子,智世子,智勢子,稚世子,致聖子
ちその,chisono,千園
ちづ,chizu,茅津,千珠,千寿,千瑞,千静,千津,千鶴,千都,知寿,知瑞,知津,知鶴,知都,智津,智鶴
ちづえ,chizue,千津絵,千津恵,千津江,千津枝,千鶴絵,千鶴恵,千鶴江,千鶴枝,千都絵,千壽恵,知津衣,知津恵,知津江,知津枝,智津恵,智津枝
ちづか,chizuka,千月香,千束,千津佳,千津香,千鶴佳,千鶴歌,千鶴香,千都夏,千都香,知寿佳,知津香
ちづこ,chizuko,千珠子,千寿子,千純子,千瑞子,千津子,千鶴子,千都子,千律子,千壽子,知月子,知朱子,知珠子,知津子,知鶴子,知都子,智月子,智津子,智鶴子,智都子,智律子,稚津子
ちづな,chizuna,千津奈,千鶴奈
ちづの,chizuno,千鶴乃
ちづほ,chizuho,千津穂,千鶴穂
ちづみ,chizumi,千津美,千摘,智津美
ちづよ,chizuyo,千津世,千津代,千鶴代,千都代,知都代,智津代
ちづる,chizuru,千弦,千寿,千尋,千津留,千津瑠,千鶴,千鶴留,千都留,知津留,智津留,智鶴
ちと,chito,千登,千都
ちとえ,chitoe,千登恵
ちとせ,chitose,千歳,千歳世,千寿,千淑,千世,千勢,千斗世,千斗星,千登世,千登瀬,千登勢,千登静,千都世,千都瀬,千都勢,千桃生,千年,知十世,知登世,知都世,知都成,智歳,智聖,智登世,智登勢,智登生,智都世,智利世
ちとみ,chitomi,千登美,千年美,知登美,知都美,知富美,智登美,智都美,智富美
ちとも,chitomo,千朋
ちどり,chidori,千鳥
ちな,china,千菜,千奈,千那,千南,千名,知菜,知奈,知南,知名,智菜,智奈,智那,智名,稚菜,稚奈,竹那,珍夏
ちなえ,chinae,千奈恵,千奈江,千苗,知多江,知苗
ちなお,chinao,千直
ちなこ,chinako,千菜子,千奈子,千納子,知楠子,知名子,智奈子
ちなつ,chinatsu,茅夏,千夏,千夏都,千菜津,千菜都,千奈津,千奈都,知夏,知奈津,知那津,智夏,智菜津,智奈津,稚奈津
ちなみ,chinami,千菜益,千菜実,千菜美,千奈三,千奈実,千奈美,千奈未,千奈巳,千那美,千波,千波美,千名美,千浪,知菜実,知菜美,知成美,知奈実,知奈美,知奈未,知那,知波,知名美,智菜実,智菜美,智奈三,智奈実,智奈美,智那美,智波,稚菜実,稚浪,直波
ちなよ,chinayo,千奈代
ちねみ,chinemi,千根美
ちの,chino,千乃,知乃,智乃,稚乃,直乃
ちは,chiha,知波
ちはえ,chihae,千映,智映
ちはな,chihana,千華
ちはや,chihaya,千早,知逸,知早,知飛
ちはる,chiharu,千治,千春,千晴,千知,千明,千遥,千陽,千遼,千瑶,知春,地晴,智春,智晴,稚華
ちひさ,chihisa,千寿
ちひで,chihide,千英
ちひろ,chihiro,千絢,千永,千央,千嘉,千拡,千寛,千緩,千空,千啓,千敬,千景,千宏,千広,千弘,千浩,千紘,千寿,千潤,千祥,千丈,千仁,千尋,千扇,千泰,千大,千拓,千宙,千展,千日路,千博,千帆,千妃呂,千妃路,千妃露,千披,千比呂,千凡,千明,千弥,千優,千悠,千祐,千裕,千容,千洋,千蓉,千陽,千礼,千亙,千廣,千晧,千洸,千滉,千皓,千絋,知央,知拡,知寛,知京,知啓,知景,知宏,知広,知弘,知浩,知紘,知潤,知尋,知大,知都,知博,知比呂,知末,知弥,知優,知裕,知洋,知礼,地尋,地拓,地洋,智央,智拡,智寛,智緩,智啓,智景,智宏,智弘,智浩,智紘,智寿,智尋,智大,智博,智妃路,智比呂,智弥,智優,智裕,智洋,稚央,稚尋,稚比呂,稚裕
ちふみ,chifumi,千郁,千冊,千史,千典,千富,千富実,千富美,千冨美,千布美,千普美,千芙実,千芙美,千風見,千文,千文美,千紋,知史,知富美,知扶美,知芙美,智郁,智富美,智布美,智文
ちふゆ,chifuyu,千冬,千風優,智冬
ちぶみ,chibumi,千史,千文
ちほ,chiho,千浦,千帆,千布,千保,千歩,千甫,千補,千穂,千凡,千穗,知帆,知布,知保,知歩,知甫,知穂,知峰,知法,知芳,知穗,智帆,智布,智保,智歩,智穂,智豊,智皓,智穗,稚帆,稚布,稚歩,直穂
ちほか,chihoka,千穂香,知穂香
ちほこ,chihoko,千浦子,千帆子,千保子,千穂子,千宝子,千峰子,千訪子,知帆子,知保子,知歩子,知穂子,智保子,智穂子,智芳子,稚穂子
ちほな,chihona,千穂菜
ちほの,chihono,千帆乃,千穂乃,千穗乃
ちほみ,chihomi,千帆海,千帆美,千保美,千穂実,千穂美,千穂未,知穂美,智保美,智穂美
ちほよ,chihoyo,千穂代
ちほり,chihori,千彫,千帆里,千穂理,千穂里,知帆里,知保里,智穂里
ちま,chima,千真,千磨,千麻,知真,知万,知眞,智麻,智満,稚麻
ちまき,chimaki,千真樹
ちまこ,chimako,千麻子,千万子,千満子,知真子,知麻子,知眞子,智満子
ちまみ,chimami,千磨美
ちまり,chimari,千真理,千麻里,千万里
ちみよ,chimiyo,千実代,知美代,智美代
ちも,chimo,千萌
ちもこ,chimoko,智茂子
ちゃこ,chako,茶子
ちゃみ,chami,茶美
ちや,chiya,千耶,千弥,千矢,知矢
ちやえ,chiyae,千八恵,千夜江
ちやき,chiyaki,知矢樹
ちやこ,chiyako,千哉子,千八子,千也子,千夜子,千耶子,千野子,千弥子,千矢子,千陽子,知哉子,知也子,知弥子,知矢子,智哉子,智也子,智弥子,智矢子
ちゅらみ,churami,美羅海
ちゆき,chiyuki,千結希,千幸,千雪,千由紀,智幸
ちゆこ,chiyuko,智由子
ちゆみ,chiyumi,千弓,千由見,智弓,智優美,稚弓
ちゆり,chiyuri,千百合,千由里,千裕里,智百合,智由利
ちょう,chou,蝶
ちよ,chiyo,千佳,千世,千代,千夜,千予,千与,千誉,千容,千陽,知依,知世,知代,知余,知与,知洋,智世,智代,智予,智与,智誉,稚世,稚代
ちよえ,chiyoe,千代絵,千代恵,千代江,千代枝,千予恵,知世英,知世恵,知世江,知世枝,知代江,知代枝,知余栄,智世江,智世枝,智代枝
ちよか,chiyoka,千世佳,千代佳,千代加,千代香,知代香,智世香,智代佳,智代香
ちよこ,chiyoko,治世子,治代子,治予子,千世子,千代江,千代子,千代美,千夜子,千余子,千与子,千誉子,千容子,千曜子,千洋子,千陽子,千良子,知世子,知生子,知代子,知予子,知余子,知与子,知誉子,知預子,知良子,知與子,地世子,地余子,智世子,智代子,智与子,智容子,智洋子
ちよし,chiyoshi,千喜
ちよの,chiyono,千代乃,知世乃,知代乃,智代乃
ちよみ,chiyomi,千世美,千代海,千代見,千代実,千代美,千代巳,千与美,千陽美,知世美,知代己,知代美,知余美,地世美,智好美,智世美,智代実,智代美,智代巳,智与美
ちよめ,chiyome,千代女
ちより,chiyori,千依,千好里,千順,千世理,千代利,千代里,千麗,千和,知以,知依,知由,智世里,智代里,智容理
ちり,chiri,千理,千里,知理,知里
ちりか,chirika,千利香,千里香
ちりこ,chiriko,千里子
ちれい,chirei,智麗
ちわか,chiwaka,千若
ちわこ,chiwako,千和子
ちわよ,chiwayo,千和代
つかさ,tsukasa,司,官,主
つぐみ,tsugumi,鶫,継未,紹美
つばき,tsubaki,椿,山茶
ていこ,teiko,醍子,貞子,定子,帝子,庭子,廷子,悌子,汀子,禎子,締子
ていな,teina,汀那,禎奈
ていら,teira,逞良
ており,teori,手織
てこな,tekona,手湖奈
てつこ,tetsuko,哲子,徹子,鉄子,鐵子
てつみ,tetsumi,哲美,徹美,鉄美
てつよ,tetsuyo,哲代,徹代
てな,tena,天菜
てまり,temari,天真里
てら,tera,天羅
てりは,teriha,照葉
てる,teru,耀
てるえ,terue,映衣,映恵,映江,央江,輝映,輝栄,輝会,輝絵,輝恵,輝江,輝枝,享枝,光恵,光江,光枝,光重,晃依,晃恵,晃江,晃枝,彰恵,昭恵,照栄,照絵,照恵,照江,照枝,照笑,照惠,曜愛,耀江,暉江
てるか,teruka,英佳,輝香,光加,光夏,光香,晃加,晃歌,昭香,晶香,照佳,照加,照夏,照花,照華,照香
てるこ,teruko,映子,瑛子,英子,央子,輝子,暁子,光子,晃子,昭子,晶子,照子,晴子,禎子,明子,曜子,暉子
てるさ,terusa,輝紗
てるな,teruna,映奈,瑛菜,輝奈,晃奈,照菜,照奈
てるの,teruno,輝乃,照乃
てるは,teruha,映葉
てるほ,teruho,輝帆,輝穂,光穂,晃帆
てるみ,terumi,旭美,映実,映美,栄実,栄美,瑛生,瑛美,英真,英美,英巳,央美,華美,輝海,輝己,輝江,輝実,輝星,輝生,輝美,輝未,輝巳,光見,光視,光身,光生,光美,晃見,晃己,晃実,晃生,晃美,晃望,晃未,晃巳,晃民,彰見,彰美,昭美,晶水,晶美,晶未,照己,照三,照実,照水,照美,照未,天留美,日美,明未,曜美,陽美,皓美
てるよ,teruyo,映代,英代,央代,華代,輝世,輝代,輝洋,輝葉,光世,光代,光余,晃世,晃代,晃預,彰代,昭代,晶代,照佳,照世,照代,照夜,照予,照与,曜代
てれさ,teresa,天礼紗
てんか,tenka,天歌
てんし,tenshi,天思
てんね,tenne,天音
てんり,tenri,天里
とあ,toa,叶亜,都愛
とあき,toaki,都秋
といき,toiki,渡息
といろ,toiro,十色
とうあ,toua,柊亜
とうか,touka,冬花
とうこ,touko,稲子,貴子,桐子,沓子,薫子,十子,澄子,卓子,登子,冬子,唐子,塔子,東子,桃子,淘子,湯子,燈子,当子,等子,答子,統子,到子,藤子,謄子,踏子,透子,陶子,堂子,憧子,瞳子,童子,任子,納子,柊子,愉子
とうの,touno,橙乃
とうは,touha,透葉
とうみ,toumi,透美
とえこ,toeko,登恵子,登江子
とおこ,toko,遠子,十央子,仁緒子,通子,都緒子,冬桜子,統子,透子,陶子,瞳子,童子
とおみ,tomi,十美,透美
とおん,ton,登音
とか,toka,翔加
とき,toki,登喜,登紀,登貴,都紀
ときえ,tokie,外喜枝,季恵,季枝,暁枝,訓栄,斎絵,時栄,時絵,時恵,時江,時枝,時得,蒔絵,朱絵,秋愛,十紀枝,祝重,春恵,旬江,常依,常恵,世江,世枝,節江,辰枝,朝恵,勅恵,斗規枝,登伎江,登喜恵,登喜江,登喜枝,登希枝,登紀栄,登紀恵,登紀江,登紀枝,登規恵,登貴栄,登貴江,登貴枝,登起江,途己枝,都紀江,都貴恵,富貴恵,富貴江,友貴絵
ときお,tokio,時緒,時織
ときこ,tokiko,梓子,永希子,音貴子,解子,外希子,外輝子,季子,暁子,訓子,言子,戸起子,候子,時子,示子,釈子,朱希子,寿喜子,宗子,秋子,十喜子,十希子,十紀子,十貴子,十起子,淑妃子,祝子,旬子,常子,人季子,仁紀子,仁妃子,世子,斉子,節子,聡子,則子,辰子,淡紅子,智紀子,宙子,勅子,徒記子,徒貴子,斗器子,斗紀子,斗規子,渡希子,登企子,登喜子,登岐子,登希子,登季子,登紀子,登規子,登記子,登貴子,登起子,登輝子,登亀子,登己子,登樹子,都喜子,都希子,都季子,都紀子,都規子,都記子,都貴子,都起子,都吉子,都己子,都樹子,土紀子,冬季子,冬紀子,冬妃子,塔樹子,東紀子,東記子,桃季子,桃貴子,統希子,統季子,統紀子,統樹子,藤希子,徳貴子,年喜子,富喜子,富希子,富紀子,富貴子,富姫子,豊貴子,睦子,稔喜子,友紀子,利喜子,利基子,利季子,利規子,利起子,瑠希子,朗子,論子
ときさ,tokisa,時沙
ときな,tokina,桃季菜
ときね,tokine,都貴音
ときは,tokiha,怜葉
ときみ,tokimi,季実,斎水,時美,秋水,勅美,登紀美,登起美,都紀美,朗美
ときよ,tokiyo,解代,外喜代,外貴代,季代,時世,時代,秋代,十起代,祝世,常代,聡世,太政,辰予,登喜代,登喜与,登季代,都季代
ときわ,tokiwa,時羽,常盤
とくえ,tokue,十久恵,十久枝,斗久枝,登久恵,登久江,得枝,徳恵,徳慧,徳江,徳枝
とくこ,tokuko,訓子,十九子,登久子,都久子,統久子,匿子,得子,徳子,督子,篤子,富公子
とくみ,tokumi,徳美,篤美
とくよ,tokuyo,得代,徳世,徳代,篤代
とこ,toko,途子
としえ,toshie,外志恵,外志江,期絵,季衣,季恵,季江,季枝,紀栄,紀恵,紀江,紀枝,亨依,暁江,恵江,敬永,戸志江,歳枝,寿衣,寿栄,寿会,寿懐,寿絵,寿恵,寿江,寿枝,寿重,寿得,十史枝,十糸枝,十至枝,十珠絵,叔江,淑愛,淑栄,淑英,淑絵,淑恵,淑江,淑枝,淑惠,俊衣,俊栄,俊英,俊会,俊絵,俊恵,俊江,俊枝,俊乃,順惠,章衣,信衣,世恵,聖恵,聡恵,聡江,聡枝,代江,知恵,知枝,智恵,智江,智志江,登司江,登史絵,登史江,登士枝,登志栄,登志恵,登志江,登志枝,登志惠,登枝恵,都司恵,都史江,都士恵,都市江,都志永,都志恵,都志江,都枝,年栄,年永,年絵,年恵,年江,年枝,肇江,敏愛,敏衣,敏栄,敏詠,敏絵,敏恵,敏江,敏枝,敏惠,敏榮,富士江,福恵,稔恵,稔江,稔枝,友志江,利依,利衣,利映,利栄,利絵,利恵,利江,利枝,利重,利得,利惠,理恵,録枝,壽恵,壽江,壽枝,莉笑
としか,toshika,季夏,才加,寿佳,寿花,寿香,淑香,聡華,智架,登史佳,都史佳,都志佳,年香,敏歌,敏香,利香,壽香
としこ,toshiko,逸子,鋭子,外史子,外志子,季子,紀子,記子,恭子,暁子,勤子,恵子,敬子,戸旨子,幸子,恒子,哉子,才子,歳子,載子,寿子,寿志子,樹子,宗子,十四子,十志子,十糸子,十詩子,叔子,淑子,俊子,順子,章真子,信子,人史子,人子,仁子,図史子,聖子,斉子,総子,聡子,聡志子,知至子,智子,斗史子,斗志子,登司子,登史子,登士子,登姿子,登志子,登枝子,登糸子,登至子,登詩子,登勢子,途志子,都史子,都志子,都枝子,都紫子,都至子,都詩子,都心子,土史子,刀史子,東志子,東詩子,等子,董志子,藤志子,敦子,年子,肇子,隼子,敏子,富士子,富志子,朋之子,豊志子,稔子,明子,要子,頼子,利史子,利士子,利子,利志子,利至子,理子,了子,倫子,和枝子,壽子,聰子
としの,toshino,淑乃,俊乃,登志伸,都志乃,年乃,敏乃,利乃
としは,toshiha,寿葉
としほ,toshiho,稔穂,利穂
としみ,toshimi,外志美,季己,季美,紀美,義己,暁美,敬美,才実,才美,歳美,寿海,寿己,寿実,寿泉,寿美,寿満,寿弥,宗己,十史美,十枝三,叔美,淑視,淑実,淑生,淑美,淑未,粛美,俊己,俊三,俊実,俊水,俊美,俊巳,順己,昇志美,世三,世美,聖美,聡美,智三,智実,智美,斗志美,登志海,登志美,登糸美,都志美,都志満,冬美,東秀美,那美,年美,肇美,肇巳,敏己,敏三,敏視,敏実,敏美,敏末,敏未,敏巳,敏實,敏已,稔現,稔実,稔美,稔未,稔巳,利己,利実,利道,利美,利巳,利弥,理実,倫美,壽美
としよ,toshiyo,季世,季代,寿代,寿与,淑代,俊代,仁代,智世,斗志代,登志代,登識代,年世,年代,敏世,敏代,敏予,敏余,稔世,稔代,要代,利志代,利代,利予
とと,toto,都々
ととこ,totoko,都々子
ととり,totori,都々里
となみ,tonami,都奈美,都南海
とねこ,toneko,利根子
とねみ,tonemi,斗音美
とびこ,tobiko,飛子
とほこ,tohoko,登帆子
とまこ,tomako,登真子,苫子,篷子
とまり,tomari,土麻里
とみ,tomi,登美,富美
とみえ,tomie,外美恵,外美江,外美枝,十三絵,十三江,十美恵,智美江,斗美恵,斗未恵,登三江,登美恵,登美江,登美枝,登未枝,都実恵,都美恵,都美江,都美枝,都巳枝,灯美映,富栄,富絵,富恵,富江,富三恵,富枝,富美栄,富美恵,富美江,富美枝,富榮,冨栄,冨恵,福恵,宝恵,利美江,利美枝
とみか,tomika,登美佳,都美果,都美香,富華,富香,留美香
とみこ,tomiko,外美子,戸美子,十三子,十美子,臣子,聡子,智子,智美子,登見子,登三子,登美子,登未子,登巳子,登弥子,都三子,都美子,都巳子,冬実子,冬美子,東美子,桃美子,徳子,富子,富実子,富美子,富巳子,富妙子,冨子,冨美子,冨巳子,福子,豊美子,稔子,友美子,利美子
とみよ,tomiyo,登見代,登美代,都己代,富世,富代,富美世,富美代,富誉,冨予,友美代,利美代
とめこ,tomeko,留子
とめよ,tomeyo,留代
とも,tomo,兎萌
ともえ,tomoe,委江,委枝,央恵,寛枝,紀恵,供枝,共映,共栄,共永,共絵,共恵,共江,具英,具恵,具枝,群江,交恵,幸恵,始江,十萌,昌江,丈愛,丈恵,丈枝,双映,知亜,知愛,知依,知映,知栄,知永,知英,知絵,知恵,知江,知枝,知重,知条,知百恵,智愛,智衣,智映,智栄,智永,智瑛,智英,智園,智会,智絵,智恵,智慧,智江,智枝,智重,智乃,智苗,智萌,智惠,朝愛,朝映,朝栄,朝永,朝絵,朝恵,朝江,朝枝,悌絵,禎絵,禎枝,登萌,登茂恵,登茂江,登茂枝,都萌,土萌,冬愛,冬萌,那依,那恵,巴,巴依,巴絵,巴恵,巴枝,伯恵,伯枝,伴絵,伴恵,伴江,伴枝,比映,富茂枝,扶江,奉恵,宝恵,朋愛,朋依,朋衣,朋映,朋栄,朋英,朋衛,朋会,朋絵,朋恵,朋江,朋枝,朋重,朋苗,朋惠,萌絵,萌恵,萌江,明恵,友愛,友映,友栄,友永,友瑛,友英,友衛,友詠,友絵,友恵,友慧,友江,友枝,友重,友達,友乃,友柄,友萌,友惠,友榮,有恵,有重,与枝,誉枝,倫愛,倫衣,倫栄,倫永,倫衛,倫恵,倫江,倫枝,呂江,和恵,和江,與惠
ともか,tomoka,共佳,共加,共果,共香,具香,幸花,丈香,節夏,知郁,知佳,知加,知可,知嘉,知夏,知科,知果,知歌,知花,知華,知香,智郁,智佳,智加,智可,智夏,智果,智歌,智花,智華,智雅,智圭,智香,智哉,朝佳,朝嘉,朝香,朝日,那佳,那夏,那香,巴香,伴佳,伴香,文佳,奉加,朋伽,朋佳,朋加,朋可,朋夏,朋果,朋歌,朋花,朋華,朋桂,朋香,友佳,友加,友可,友夏,友果,友歌,友花,友華,友絵,友馨,友薫,友香,友奏,有花,有香,倫佳,倫加,倫可,倫果,倫花,倫華,倫香,萠夏
ともこ,tomoko,以子,委子,階子,外茂子,寛子,幹子,及子,供子,共子,協子,恭子,倶子,具子,兼子,交子,公子,史子,始子,視子,資子,侍子,実子,周子,衆子,充子,十模子,十茂子,従子,丈子,常芳子,誠子,知古,知江,知子,知百子,知萌子,智子,智茂子,暢子,朝子,悌子,禎子,徒望子,斗茂子,登茂子,都生子,都藻子,都母子,都望子,都茂子,土茂子,冬若子,冬萌子,東望子,東茂子,桃望子,燈子,等子,瞳毛子,敦子,那子,巴子,巴萌子,伴子,備子,美喜子,富茂子,文子,奉子,宝子,朋子,朋萌子,豊茂子,睦子,明子,耶子,友子,友百子,友茂子,有子,与子,頼子,僚子,倫佳,倫子,類子,朗子,偕子,與子
ともな,tomona,兼奈,知菜,知奈,知那,智菜,智奈,巴菜,伴奈,朋菜,朋奈,朋那,友菜,友奈,友那,倫菜,倫奈
ともね,tomone,規称,知音,智音,朋音,友音
ともの,tomono,知乃,智乃,朋乃,友乃
ともは,tomoha,知羽,知葉,智羽,智巴,智葉,朝葉,朋葉,友波,友葉
ともほ,tomoho,智帆,智穂,朋帆,朋穂,友帆,友保
ともみ,tomomi,委美,委未,委巳,栄美,皆美,外茂美,幹実,基美,季美,紀美,規美,貴美,義実,供美,共美,共未,興美,具己,具実,具美,兼美,公美,幸実,幸美,幸弥,彩美,始美,志実,資未,資巳,寿美,丈実,丈美,仁美,誠実,誠美,誠巳,全美,双美,知果,知海,知弓,知巨,知見,知己,知三,知視,知実,知省,知臣,知身,知水,知生,知操,知美,知文,知未,知魅,知巳,知民,知弥,知彌,智海,智弓,智巨,智己,智三,智視,智実,智朱,智珠,智充,智深,智水,智生,智美,智満,智味,智未,智巳,智弥,朝海,朝実,朝深,朝美,朝望,朝未,朝巳,悌未,禎美,斗百美,斗茂美,登萌美,登茂美,都百美,冬萌実,寅美,那美,巴美,伴海,伴実,伴美,伴弥,比美,文規,文美,保美,奉視,奉美,奉巳,宝美,朋果,朋海,朋規,朋弓,朋見,朋己,朋三,朋実,朋深,朋真,朋水,朋生,朋扇,朋泉,朋美,朋未,朋巳,朋弥,萌美,萌未,睦美,睦弥,茂美,友愛,友海,友規,友弓,友見,友己,友三,友視,友実,友深,友生,友聖,友泉,友美,友舞,友望,友望実,友満,友未,友巳,友弥,有美,有未,与美,誉美,利萌実,僚己,僚実,僚美,倫弓,倫巨,倫見,倫己,倫史,倫実,倫身,倫美,倫未,倫巳,呂実,呂美,和美,和未,和弥,與美
ともよ,tomoyo,委世,委代,幹代,企代,紀代,共世,共生,共代,共余,具世,具代,公代,幸世,始代,誠代,創代,知佳,知世,知代,知穂,知余,知与,知容,知葉,智佳,智順,智世,智代,智予,智与,智誉,智容,智葉,朝世,朝代,朝陽,登茂代,伴代,妃代,朋佳,朋興,朋世,朋代,朋予,朋余,朋与,朋葉,朋要,萌代,睦世,友世,友代,友百代,友夜,友予,友余,友誉,友揚,友葉,有世,有代,僚代,量世,倫世,倫代,倫葉,類代,和世,和代
ともり,tomori,友梨
とゆ,toyu,兎柚
とゆき,toyuki,兎雪
とよ,toyo,十代
とよえ,toyoe,豊栄,豊絵,豊恵,豊江,豊枝,豊惠
とよか,toyoka,桃代香
とよこ,toyoko,稲与子,外代子,十世子,十曜子,斗容子,登世子,登代子,登与子,登容子,登與子,都世子,都代子,都予子,都容子,都洋子,冬陽子,東代子,篤世子,富代子,朋代子,豊子,豊代子,友昌子,利依子
とよな,toyona,都代奈,豊奈
とよみ,toyomi,寿陽美,斗余美,登世美,登代美,登与美,都世美,都代実,都代美,東代美,当代美,富世美,富代美,富美,豊海,豊代美,豊美,豊弥
とらん,toran,都蘭
とりこ,toriko,鳥子
とれの,toreno,都麗乃
とわ,towa,永遠,叶羽,十和,斗和,渡和,登羽,登波,登輪,登和,都和,飛羽
とわこ,towako,永遠子,十合子,十葉子,十和子,登和子,都和子,冬和子,友和子,利和子
とわな,towana,灯和菜
とわね,towane,永久音
とわみ,towami,永久美
どうこ,douko,童子
どうる,douru,憧瑠
どれみ,doremi,瞳麗美
なあす,nasu,奈愛翠
なあな,nana,菜杏奈
なあみ,nami,七愛海
なあや,naya,菜彩
ないあ,naia,奈以亜
ないき,naiki,奈息
ないみ,naimi,七意海
ないろ,nairo,七彩
なえ,nae,愛依,菜絵,菜恵,七重,奈依,奈栄,奈英,奈絵,奈恵,奈江,奈枝,奈重,那恵,那江,南枝,苗,苗絵,名絵,名恵
なえこ,naeko,菜衣子,菜絵子,菜恵子,尚子,直子,奈絵子,奈恵子,奈江子,苗子,名依子,和恵子
なえみ,naemi,奈江美,苗美
なお,nao,央緒,夏央,夏生,夏大,夏穂,菜央,菜桜,菜緒,菜織,菜生,菜青,菜帆,菜尾,菜保,菜歩,菜穂,七央,七桜,七緒,七織,七生,七保,七穂,渚央,尚央,尚緒,尚生,尚男,真緒,直央,直音,直緒,直生,直大,直穂,直應,奈於,奈央,奈往,奈旺,奈王,奈音,奈桜,奈叔,奈緒,奈尚,奈織,奈生,奈忍,奈帆,奈尾,奈保,奈歩,奈甫,奈穂,奈麻,奈勇,奈和,那央,那穏,那渚,那緒,那生,那穂,那麻,捺央,捺緒,南央,南緒,南帆,南穂,如央,寧緒,苗央,苗生,名央,名緒,名帆,名歩,名穂,梨央,和央,和緒
なおえ,naoe,菜穂絵,菜穂恵,尚絵,尚恵,尚江,尚枝,尚柄,尚惠,正恵,直衣,直絵,直恵,直江,直枝,直惠,奈央恵,奈緒恵,奈緒江,奈緒枝,奈生絵,奈保江,奈穂枝,那央衣,楠穂枝,名緒江,名保恵
なおお,naoo,真生
なおか,naoka,菜央佳,菜央花,菜桜香,菜生佳,菜穂香,尚佳,尚加,尚果,尚花,尚華,尚桂,尚香,直佳,直加,直可,直果,直歌,直花,直華,直香,奈央佳,奈央加,奈央花,奈央香,奈岳,奈緒佳,奈緒嘉,奈緒歌,奈緒香,奈帆夏,奈穂佳
なおこ,naoko,永保子,温子,菜浦子,菜央子,菜旺子,菜王子,菜桜子,菜緒子,菜小子,菜織子,菜生子,菜忍子,菜伯子,菜帆子,菜百子,菜保子,菜甫子,菜穂子,菜峰子,菜方子,菜麻子,菜良子,菜穗子,志子,治子,七央子,七五子,七緒子,七織子,七生子,七福子,七保子,七房子,修子,順子,渚穂子,緒子,尚央子,尚子,尚緒子,真子,成央子,成緒子,成生子,成穂子,正子,斉子,直央子,直乙子,直子,直緒子,直生子,直保子,直歩子,直穂子,直凡子,直穗子,惇子,奈於子,奈央子,奈欧子,奈王子,奈乙子,奈音子,奈桜子,奈渚子,奈緒子,奈諸子,奈織子,奈世子,奈生子,奈多子,奈伯子,奈帆子,奈尾子,奈夫子,奈扶子,奈保子,奈歩子,奈穂子,奈峰子,奈方子,奈朋子,奈邦子,奈麻子,奈有子,奈雄子,奈陽子,奈玲子,奈櫻子,奈穗子,那央子,那乙子,那緒子,那小子,那尚子,那織子,那生子,那帆子,那保子,那穂子,南欧子,南乙子,南桜子,南緒子,南生子,南帆子,南穂子,南豊子,楠緒子,如子,納央子,納生子,納穂子,波公子,苗織子,苗生子,苗穂子,復子,名旺子,名緒子,名生子,名帆子,名保子,名穂子,名方子,有央子,有子,猶子,由子,理子,璃奥子,和生子,和保子,和麻子,侑子,敞子,眞子,脩子
なおの,naono,奈織乃
なおは,naoha,直羽
なおみ,naomi,君美,菜央実,菜央美,菜旺未,菜乙美,菜緒美,菜緒味,菜保美,菜歩美,菜穂実,菜穂美,菜穂未,菜麻実,菜麻美,治美,七桜美,七緒美,七生美,七保美,修美,順美,尚弓,尚己,尚皇実,尚視,尚実,尚充,尚身,尚水,尚生,尚妃,尚美,尚文,尚望,尚味,尚未,尚巳,尚弥,称緒美,称生美,真己,真実,真珠,真美,真未,正実,正美,斉美,端美,直央美,直海,直弓,直見,直三,直実,直珠,直充,直緒美,直織美,直深,直身,直水,直生,直生実,直泉,直美,直保美,直穂美,直未,直巳,直稔,直民,直弥,直洋,直和美,悌美,奈央視,奈央実,奈央美,奈央未,奈央巳,奈往美,奈王美,奈翁美,奈乙美,奈桜己,奈桜美,奈緒幹,奈緒見,奈緒己,奈緒実,奈緒美,奈緒未,奈緒巳,奈緒弥,奈小美,奈尚美,奈織美,奈臣,奈生己,奈生実,奈生都,奈生美,奈生未,奈生弥,奈多美,奈男己,奈帆美,奈尾美,奈百美,奈保見,奈保実,奈保美,奈保未,奈保巳,奈歩美,奈穂江,奈穂実,奈穂美,奈穂弥,奈宝美,奈芳美,奈邦美,奈麻美,奈雄美,奈良美,奈穗美,那央見,那緒美,那帆美,那保美,那穂美,那方美,南央美,南欧美,南緒見,南生美,二美,納央美,納穂実,納穂美,納麻美,苗央未,苗生美,苗穂美,名央美,名央未,名乙美,名緒美,名生実,名生美,名帆美,名保美,名穂美,有美,有未,由美,和生美,眞応美
なおよ,naoyo,尚世,尚代,真代,直世,直代,直与,直葉,有代
なおり,naori,直里
なか,naka,菜花,菜華,奈加,奈香
なかこ,nakako,央子,菜夏子,菜果子,菜花子,菜華子,菜香子,祥子,成佳子,中子,仲子,奈佳子,奈加子,奈可子,奈嘉子,奈夏子,奈果子,奈華子,奈賀子,奈香子,那佳子,那加子,那可子,那香子,南佳子,南香子,納可子
なかは,nakaha,奈香葉
なかば,nakaba,奈可葉,奈香葉
なかみ,nakami,仲美
ながこ,nagako,永子,詠子,央子,温子,亨子,寿子,修子,祥子,祥女,暢子,長子,奈賀子,奈雅子,良子,壽子
なぎこ,nagiko,那希子
なぎさ,nagisa,菜紀沙,渚,渚沙,渚彩,渚咲,渚紗,抄,汀,汀沙,汀紗,奈貴砂,凪沙,凪彩,凪紗
なぐみ,nagumi,凪美
なこ,nako,菜子,奈子
なごみ,nagomi,和美
なさ,nasa,奈咲,奈紗
なさみ,nasami,七彩美
なさり,nasari,奈咲里
なすか,nasuka,奈須加,奈須香
なすみ,nasumi,奈須美
なずみ,nazumi,奈寿美
なたみ,natami,奈多美
なち,nachi,尚千,奈千,奈知
なちか,nachika,南愛
なちこ,nachiko,菜知子,菜智子,奈千子,奈知子,奈智子,奈稚子,那智子,南智子,南池子,名知子
なちよ,nachiyo,奈千代,奈知代,奈地代,奈智代
なつ,natsu,夏,夏都,菜津,菜都,朱夏,奈津,奈都,那津,捺,南津,南都
なつい,natsui,夏衣
なつえ,natsue,夏絵,夏恵,夏江,夏枝,夏惠,夏榮,夏螢,菜津恵,菜津江,菜津枝,菜都江,成津恵,奈津栄,奈津絵,奈津恵,奈津江,奈津枝,奈都衣,奈都絵,奈都恵,奈都江,奈都枝,奈律江,那津江
なつお,natsuo,夏央,夏緒,夏生
なつか,natsuka,夏佳,夏加,夏果,夏歌,夏花,夏華,夏香,菜香,菜津香,菜都花,奈津佳,奈津加,奈津香,奈都香,捺夏
なつき,natsuki,夏葵,夏希,夏季,夏稀,夏紀,夏記,夏輝,夏騎,夏己,夏樹,夏生,夏妃,夏姫,夏来,夏李,夏來,夏綺,菜月,菜津希,菜津季,菜津妃,菜都希,菜都季,七月,七斗希,渚月,奈希,奈季,奈紀,奈月,奈津喜,奈津岐,奈津希,奈津季,奈津稀,奈津紀,奈津規,奈津記,奈津貴,奈津起,奈津輝,奈津己,奈津樹,奈津妃,奈津姫,奈津来,奈槻,奈都希,奈都季,奈都紀,奈都記,奈都樹,奈都城,奈都妃,奈都姫,那月,那津希,那津妃,那都希,那都祈,捺季,捺稀,捺紀,捺月,捺槻,捺暉,南暁,南津季,南槻,南都樹,名月,梨津紀
なつこ,natsuko,夏子,菜採子,菜津子,菜鶴子,菜摘子,菜都子,七月子,七津子,七都子,仲津子,直津子,奈月子,奈司子,奈珠子,奈寿子,奈津子,奈通子,奈鶴子,奈徒子,奈途子,奈都古,奈都子,奈律子,那津子,那都子,捺子,南州子,南津子,南紬子,南都子,楠都子,納津子,納都子,波津子,苗津子,名津子,名都子,名律子,浪津子,和月子,和都子
なつな,natsuna,夏菜,夏奈,奈津菜,奈津奈
なつね,natsune,夏音
なつの,natsuno,夏乃,夏野,菜津乃,菜都乃,奈津乃
なつは,natsuha,夏葉,菜都葉,奈津葉
なつほ,natsuho,夏帆,夏穂,奈月穂,奈津帆,奈津穂
なつみ,natsumi,夏海,夏見,夏己,夏光,夏実,夏水,夏生,夏聖,夏津美,夏美,夏姫,夏弥,夏彌,菜採,菜津実,菜津美,菜摘,菜摘美,菜都美,菜都未,菜美,七海,七都美,渚美,奈採,奈積,奈壮美,奈津見,奈津三,奈津実,奈津微,奈津美,奈津巳,奈津弥,奈津路,奈摘,奈都海,奈都実,奈都美,奈都未,奈都弥,奈律美,那採,那津実,那津美,那摘,那都実,那都美,那律美,捺実,捺美,南摘,南都実,南都美,苗都美,名津美,名都美,陽美
なつめ,natsume,夏芽,菜摘女,奈津女,棗
なつや,natsuya,夏月夜
なつよ,natsuyo,夏世,夏代,夏津代,夏夜,夏葉,夏陽,菜津代,七月代,奈津代,奈都代,那津代,納津与
なづき,nazuki,菜月,奈月,奈寿紀
なとせ,natose,南十星
なな,nana,夏奈,菜々,菜奈,菜那,菜名,菜和,七菜,七奈,渚奈,尚奈,称奈,奈夏,奈菜,奈奈,奈々,奈那,奈南,奈名,那菜,那奈,那々,南菜,南奈,南那,名菜,名奈,名那
ななえ,nanae,夏苗,菜恵,菜江,菜々衣,菜々映,菜々栄,菜々絵,菜菜恵,菜々恵,菜菜江,菜々江,菜々枝,菜々重,菜奈絵,菜奈恵,菜奈江,菜苗,菜名恵,七愛,七衣,七映,七栄,七英,七絵,七恵,七慧,七江,七彩,七菜江,七枝,七々恵,七重,七生,七奈絵,七奈江,七奈枝,七苗,七惠,奈菜絵,奈菜恵,奈菜江,奈々愛,奈々映,奈々栄,奈々瑛,奈々英,奈奈絵,奈々絵,奈奈恵,奈々恵,奈奈江,奈々江,奈奈枝,奈々枝,奈奈重,奈々重,奈那衣,奈那恵,奈那江,奈苗,奈名恵,奈名江,那奈英,那奈恵,那々恵,那々枝,那苗,名菜枝,名奈恵,名苗
ななお,nanao,菜々生,七緒,七生,奈々央,奈々緒
ななか,nanaka,菜々佳,菜菜花,菜々花,菜菜香,菜々香,七加,七夏,七歌,七花,七香,奈央,奈菜花,奈々伽,奈々佳,奈々加,奈々夏,奈々果,奈々花,奈々香
ななこ,nanako,杏々子,夏々子,夏菜子,菜菜子,菜々子,菜七子,菜奈子,菜那子,菜南子,菜名子,七彩子,七菜子,七子,七々子,七奈子,七那子,七虹,七名子,七夕子,樹々子,成々子,奈菜子,奈七子,奈渚子,奈奈子,奈々子,奈那子,奈南子,奈名子,那菜子,那奈子,那那子,那々子,那和子,南向子,南奈子,南那子,南々子,楠々子,名菜子,名奈子,名那子,名々子,梨奈子,梨々子
ななさ,nanasa,七彩
ななせ,nanase,七星,奈々瀬
ななつ,nanatsu,菜夏,奈夏
ななは,nanaha,奈名葉
ななほ,nanaho,菜菜穂,菜々穂,七保,七歩,七穂,奈々帆,奈々穂,奈那保,南々帆
ななみ,nanami,菜々実,菜菜美,菜々美,菜々望,菜奈美,菜奈未,菜那美,七海,七々海,七七三,七々実,七実,七成美,七生,七奈美,七那美,七波,七美,奈菜実,奈菜美,奈七海,奈々海,奈奈実,奈々実,奈々珠,奈奈美,奈々美,奈那実,奈那美,奈満,奈名美,那奈美,那々美,南那未,名奈美
ななよ,nanayo,菜名代,七代,七奈代,七予,奈奈世,奈々世,奈々代,那奈代
ななを,nanao,七緒
ななん,nanan,菜南
なの,nano,奈乃
なのか,nanoka,菜花,菜乃花,菜乃華,菜乃香,菜之香
なのこ,nanoko,菜乃子
なのみ,nanomi,菜乃美,奈乃実
なふみ,nafumi,南風美
なほ,naho,夏帆,菜浦,菜帆,菜保,菜歩,菜穂,菜峰,菜朋,菜芳,菜凡,菜穗,七帆,七保,七穂,樹穂,尚保,尚穂,直保,直歩,直穂,奈緒,奈星,奈帆,奈布,奈保,奈歩,奈甫,奈穂,奈朋,奈芳,奈凡,奈穗,那帆,那保,那歩,那穂,捺帆,南帆,波帆,苗帆,名帆,名保,名歩,名穂,名芳,和穂
なほえ,nahoe,奈保江,奈輔恵,名保恵
なほか,nahoka,菜穂香,真香,直加,直香,名穂加
なほき,nahoki,奈穂季
なほこ,nahoko,稲穂子,夏帆子,夏穂子,公子,菜帆子,菜保子,菜歩子,菜甫子,菜穂子,菜峰子,菜朋子,七帆子,七保子,七穂子,七宝子,修子,尚子,尚保子,多保子,直帆子,直保子,直歩子,直穂子,奈浦子,奈秀子,奈帆子,奈夫子,奈布子,奈保子,奈歩子,奈輔子,奈穂子,奈峰子,奈朋子,奈芳子,奈萌子,奈邦子,奈穗子,那帆子,那保子,那穂子,内保子,南帆子,南穂子,波帆子,苗穂子,名帆子,名保子,名穂子,名朋子,和帆子
なほの,nahono,奈穂乃
なほみ,nahomi,菜保美,菜穂美,尚美,直美,直保美,奈帆美,奈扶美,奈保見,奈保実,奈保真,奈保美,奈保巳,奈甫美,奈穂実,奈穂美,奈朋美,奈誉美,那保実,那穂美,苗穂美,名帆美,名保実,名保美,名穂美,名穂巳
なみ,nami,夏美,菜海,菜実,菜笑,菜水,菜生,菜美,菜味,菜未,菜巳,菜弥,菜嶺,七海,七実,七美,奈海,奈己,奈三,奈実,奈水,奈生,奈美,奈満,奈未,奈巳,奈弥,那海,那実,那美,那弥,南海,南実,南美,乃美,名美
なみえ,namie,菜見江,菜三恵,菜実絵,菜美絵,菜美恵,菜美江,菜美枝,菜緑江,七美江,成実江,奈見江,奈己恵,奈己江,奈己枝,奈三恵,奈三江,奈三枝,奈実枝,奈美依,奈美衣,奈美栄,奈美瑛,奈美詠,奈美絵,奈美恵,奈美江,奈美枝,奈美惠,奈未恵,奈巳恵,奈巳江,奈彌江,那実江,那美恵,南海江,南恵,南美江,波絵,波恵,波江,波枝,並恵,並枝,名美枝,名美重,浪恵,浪江,浪枝,浪美枝,浪惠
なみか,namika,菜実加,菜美花,菜美香,奈海香,奈三夏,奈実香,奈美佳,奈美加,奈美華,奈美香,奈美芳,奈未佳,奈巳加,那美佳,南海香,波華,波香
なみき,namiki,南美樹,並樹
なみこ,namiko,夏海子,夏仁子,菜海子,菜見子,菜実子,菜美子,菜未子,菜弥子,七海子,七実子,七美子,樹美子,成美子,直美子,奈海子,奈見子,奈己子,奈光子,奈三子,奈実子,奈充子,奈身子,奈水子,奈瑞子,奈聖子,奈扇子,奈美香,奈美子,奈峰子,奈満子,奈未子,奈巳子,奈稔子,奈弥子,奈路子,那三子,那実子,那美子,那未子,那巳子,内美子,南海子,南見子,南三子,南波子,南美子,楠実子,乃美子,波子,波美子,苗美子,並子,凡子,名実子,名美子,名未子,浪子
なみの,namino,奈美乃,奈未乃,奈巳乃
なみほ,namiho,多実帆,奈美保,奈美歩,奈美穂,波帆,波歩,波穂,凡穂
なみよ,namiyo,菜三代,菜美代,七美代,奈三代,奈美世,奈美代,波世,波代,浪代
なみり,namiri,奈美里
なむ,namu,菜夢
なや,naya,南椰
なやこ,nayako,奈也子,奈矢子
なゆ,nayu,夏由,菜友,奈由,奈夕,奈侑,那悠,那由,名由
なゆか,nayuka,菜友香,那由加
なゆき,nayuki,菜雪,奈雪,奈由紀
なゆこ,nayuko,七夕子,奈佑子,奈優子,奈有子,奈由子,奈裕子,奈夕子,那由子,名佑子
なゆほ,nayuho,奈優帆
なゆみ,nayumi,菜弓,菜友美,菜由美,七夕美,奈弓,奈友美,奈有美,奈由己,奈由視,奈由実,奈由美,那悠美
なよ,nayo,奈代
なよこ,nayoko,菜代子,奈世子,奈代子,奈与子,奈誉子,奈瑶子,那誉呼,名代子,名良子
なよみ,nayomi,奈世美,奈代美,名代美
なり,nari,菜里,奈梨,奈里
なりこ,nariko,宜子,業子,菜利子,菜里子,慈子,就子,尚子,成子,斉子,奈利子,奈梨子,奈理子,奈里子,奈麗子,奈莉子,名利子,名里子,也子,梨里子
なりさ,narisa,夏緑彩,菜里沙,尚沙,成佐,成沙,奈里沙,奈里咲,奈莉沙
なりみ,narimi,成美,也実,也美
なる,naru,奈留,奈瑠,那瑠
なるえ,narue,成恵
なるは,naruha,成葉
なるみ,narumi,愛海,愛実,愛泉,愛美,成海,成視,成実,成美,成留見,成眞,生美,徳美,奈留美,奈瑠美,鳴海,鳴美,也実,玲美
なんな,nanna,南奈
なんり,nanri,南里
にいか,nika,新歌
にいこ,niko,丹妃子
にいな,nina,似維菜,似奈,新依奈,新菜,新奈,仁以奈,仁伊奈,仁衣菜,仁衣奈,仁衣那,仁菜,仁奈,仁姫奈,二伊奈,二衣奈,二奈
にいの,nino,似維乃,新乃
にいほ,niho,新穂
にいみ,nimi,新実
にいめ,nime,新芽
にいも,nimo,新萌
にお,nio,丹緒
におみ,niomi,仁王美
にか,nika,仁佳,仁加,仁可,仁香,二加,二香
にかこ,nikako,仁嘉子,仁香子,丹香子
にきこ,nikiko,仁紀子
にこ,niko,仁子
にこり,nikori,仁呼莉
にさ,nisa,新沙
にしき,nishiki,錦
にしほ,nishiho,仁志穂
にじえ,nijie,虹絵,虹恵
にじか,nijika,虹花,虹香
にじこ,nijiko,仁路子,虹湖,虹子
にじね,nijine,虹音
にじは,nijiha,虹羽
にちか,nichika,新智花,二千華
にちこ,nichiko,日子
にな,nina,似奈,児奈,爾奈,新菜,仁菜,仁奈,仁那,丹菜,丹奈,丹那,二菜,二奈
になこ,ninako,爾菜子,仁奈子,仁和子,丹菜子
になつ,ninatsu,新夏
にによ,niniyo,新々代
にの,nino,仁乃
にほ,niho,新穂,仁帆,仁保,仁歩,仁穂,丹保,丹穂
にほこ,nihoko,仁穂子
にゆう,niyu,新結
にらい,nirai,新来
にれ,nire,仁礼
にれな,nirena,似莉奈,仁礼那
にわか,niwaka,二羽花
ぬい,nui,縫
ぬいこ,nuiko,縫子
ぬいね,nuine,縫寧
ぬいみ,nuimi,縫実
ぬくみ,nukumi,温見
ぬのえ,nunoe,布絵
ぬのか,nunoka,布花
ねい,nei,寧
ねいか,neika,寧夏,寧香
ねいこ,neiko,寧子
ねいさ,neisa,寧紗
ねいな,neina,寧那
ねいね,neine,寧音
ねいま,neima,音衣真
ねいる,neiru,寧瑠
ねいろ,neiro,音色,寧彩
ねお,neo,音緒
ねおり,neori,音織梨
ねおん,neon,音温,寧恩,寧音
ねこ,neko,寧子
ねこと,nekoto,猫都
ねじこ,nejiko,根自子
ねな,nena,音奈
ねね,nene,音音,音々,音寧,寧音,寧寧,寧々
ねねか,neneka,音々歌
ねねこ,neneko,寧々子
ねねは,neneha,音々葉
ねみ,nemi,音美,寧見
ねみい,nemi,音美衣
ねみこ,nemiko,音美子
ねむ,nemu,音夢,合歓
ねむこ,nemuko,合歓子
ねむみ,nemumi,合歓美
ねも,nemo,音萌
ねもか,nemoka,音萌香
ねゆき,neyuki,寧雪
ねり,neri,音里
ねりあ,neria,寧里亜
ねりな,nerina,寧利奈
ねりん,nerin,音凜
のあ,noa,乗亜,乃亜,乃愛,乃碧,能亜,能亞,望愛,野亜,野愛,野杏,野歩
のあき,noaki,乃秋
のあこ,noako,乃明子
のあな,noana,乃亜菜
のあみ,noami,野亜実
のあん,noan,乃安
のい,noi,乃依,乃惟,乃維,乃衣,乃懿,野意,野衣
のいちご,noichigo,野苺
のうこ,nouko,濃子,能子
のうな,nouna,乃宇奈,納奈
のえ,noe,乃愛,乃衣,乃瑛,乃絵,乃慧,乃枝,能恵,野依,野映,野絵,野恵,野枝,野生
のえか,noeka,乃絵花
のえこ,noeko,乃絵子,野笑子
のえみ,noemi,乃恵美,野枝美,野笑
のえる,noeru,乃絵留,乃慧琉,乃慧瑠,乃江留,野笑留
のか,noka,乃花,乃香,野花
のきこ,nokiko,乃紀子
のぎく,nogiku,野菊
のこ,noko,乃子,野子
のじこ,nojiko,野路子
のずえ,nozue,乃津江
のぞえ,nozoe,希恵,望絵,望江
のぞか,nozoka,望香
のぞみ,nozomi,希,希海,希己,希実,希星,希生,希聖,希泉,希美,希望,希望美,希魅,希弥,幾美,稀未,乃美,望,望海,望希,望己,望三,望実,望心,望深,望水,望瑞,望美,望峰,望未,望巳,望妙,望弥,望里,野草美,野添見,野添美
のどか,nodoka,温,温佳,乃音香,乃都香,乃冬日,望佳,野土榎,陽香,陽羊,蘭香,和,和佳,和加,和夏,和河,和花,和華,和香,和日
のな,nona,乃菜,乃奈,濃奈,野菜
のなつ,nonatsu,野夏
のね,none,乃寧
のの,nono,乃々,望乃,野乃,野濃,野々
ののあ,nonoa,乃々愛
ののえ,nonoe,宣乃恵
ののか,nonoka,希乃花,野花,野乃佳,野乃夏,野乃花,野乃香,野々花,野々香
ののこ,nonoko,濃乃子,野乃子,野之子,野々子
ののみ,nonomi,暖海,望乃海,野々美
のびこ,nobiko,野火子
のぶえ,nobue,允恵,永恵,円亜,延衣,延絵,延恵,延江,延枝,延重,延惠,演恵,緩恵,喜得,宜江,薫恵,薫江,薫枝,啓恵,啓江,更恵,史江,寿枝,修絵,修枝,充恵,順恵,順江,順惠,常江,伸愛,伸依,伸衣,伸栄,伸英,伸衛,伸詠,伸絵,伸恵,伸江,伸枝,伸重,伸苗,信衣,信栄,信衛,信会,信絵,信恵,信江,信枝,信惠,申恵,紳江,宣依,宣映,宣恵,宣江,宣支,宣枝,総枝,暢栄,暢恵,暢江,展絵,展恵,展江,展枝,登恵,敦江,乃布江,乃布枝,乃扶恵,乃歩恵,布愛,布恵,布江,裕恵,庸恵,庸江,揚恵,葉枝,亘江,頌宴,頌恵
のぶか,nobuka,延佳,延香,緩香,更芳,伸佳,伸可,伸果,伸香,信佳,信加,信香,宣香,暢佳,暢華,展香,布佳,庸加,亘香
のぶこ,nobuko,育子,允子,永子,円子,延戸,延子,演克,演子,寛子,緩子,喜子,希子,宜子,喬子,薫子,献子,恒子,晃子,史子,寿子,周子,修子,充子,述子,準夫子,順子,叙子,序子,昇子,伸子,信子,晋子,申子,進子,仁子,正子,誠子,説子,宣子,惣子,総子,誕子,暢子,通子,展子,度子,敦子,乃生子,乃笛子,乃婦子,乃布子,乃扶子,乃芙子,乃武子,能子,能生子,能夫子,能婦子,能冨子,能扶子,頒子,布子,文子,房子,睦子,野芙子,野歩子,靖子,裕子,庸子,葉子,律子,倫子,亘子,敍子,昶子
のぶほ,nobuho,伸帆,伸穂,信歩,宣穂,亘穂
のぶみ,nobumi,允美,永望,延実,延生,延美,喜実,薫美,伸実,伸美,信美,誠美,宣美,暢美,陳美,忍美,乃文,能文美
のぶよ,nobuyo,延代,延予,喜代,宜世,宜代,薫世,薫代,啓代,修世,修代,順代,順予,叙葉,伸佳,伸世,伸代,伸予,伸与,信世,信代,信与,信蓉,進代,誠代,宣代,惣代,暢世,暢代,暢余,直代,陳代,展世,展代,展余,展葉,登世,登代,敦代,乃夫代,能世,能代,布世,靖代,庸世,庸代,葉代,亙代,亘世,亘代
のほ,noho,野歩
のみち,nomichi,乃道
のも,nomo,野萌
のもえ,nomoe,野萌
のもね,nomone,乃萌音
のもみ,nomomi,野萌美
のゆき,noyuki,野雪
のゆみ,noyumi,野夕美
のゆり,noyuri,野百合,野有里
のりえ,norie,愛絵,愛恵,位江,永恵,賀衣,賀絵,賀江,賀惠,雅恵,雅枝,寛江,鑑恵,基英,希枝,紀依,紀衣,紀映,紀栄,紀英,紀会,紀絵,紀恵,紀江,紀枝,紀乃,紀榮,規愛,規衣,規栄,規永,規絵,規恵,規江,規枝,規惠,記依,記恵,記江,記枝,貴詠,軌意,儀恵,宜枝,恭英,教愛,教恵,教江,教枝,謹枝,矩江,訓衣,訓江,訓枝,啓絵,啓恵,恵枝,慶恵,慶江,慶枝,敬恵,敬江,敬枝,経恵,憲依,憲栄,憲絵,憲恵,憲江,憲枝,憲重,権恵,賢愛,功恵,功江,孝衣,孝恵,孝枝,工絵,浩以,史絵,史恵,詞絵,詞恵,式恵,式江,識衣,周英,周枝,宗恵,祝恵,祝江,祝枝,順恵,章江,詔江,乗江,譲栄,慎恵,聖恵,績江,仙恵,仙江,宣愛,宣恵,宣江,宣枝,則絵,則恵,則江,則枝,則惠,知恵,知枝,智愛,智恵,智江,智枝,稚江,典愛,典依,典栄,典永,典英,典絵,典恵,典江,典枝,典重,典世,典里江,展恵,展枝,徳映,徳栄,徳絵,徳恵,徳江,徳枝,乃江,乃利江,乃梨恵,乃理恵,乃里依,乃里絵,乃里恵,乃里江,乃里枝,納里恵,能里江,伯衣,伯栄,伯恵,伯江,伯枝,範依,範映,範絵,範恵,範江,範枝,文恵,方映,法愛,法栄,法絵,法恵,法慧,法江,法枝,稔枝,模江,野里江,利恵,理恵,理枝,里絵,里恵,里江,里枝,律恵,律江,律枝,了栄,了英,倫衣,倫栄,倫英,倫恵,倫江,倫枝,令依,令恵,令江,令枝,礼衣,礼絵,礼恵,礼江,礼惠
のりか,norika,賀郁,希佳,紀佳,紀加,紀可,紀夏,紀果,紀華,紀香,紀和,規加,記加,貴香,教加,訓佳,式加,宣香,然花,則佳,則香,智香,典佳,典加,典可,典花,典華,典樺,典香,典芳,徳花,徳香,乃嘉,乃李花,乃梨佳,乃璃歌,乃里香,伯佳,範佳,範香,方花,法佳,法花,法香,里佳,里香,倫加,令佳,路佳
のりこ,noriko,愛子,以子,位子,維子,永子,悦子,温子,賀子,雅子,格子,学子,寛子,鑑子,閑子,基子,希子,幾子,祈子,季子,紀好,紀香,紀子,紀利子,紀吏子,紀理子,紀里子,規子,規吏子,規理子,規倫子,記子,貴子,軌子,儀子,宜子,宜利子,義子,恭子,教子,勤子,謹子,矩子,勲子,訓子,啓子,慶子,敬子,経子,芸子,健子,憲香,憲子,権子,研子,謙子,玄子,言子,悟子,功子,孝子,巧子,幸子,康子,恒子,考子,載依子,載子,司子,史子,士子,師子,至子,視子,詞子,賜子,式子,識子,周子,宗子,修子,祝子,准子,準子,純子,順子,書子,昇子,昭子,称子,章子,詔子,乗子,譲子,伸子,慎子,仁子,尋子,澄子,成子,聖子,誓子,仙子,宣子,宣吏子,扇子,善子,然子,聡子,則子,尊子,代子,知子,智子,稚子,朝子,勅子,程子,哲子,典維子,典子,典利子,典里子,展子,展梨子,登子,登利子,度子,統子,道子,得子,徳子,徳里子,敦子,任子,乃子,乃利子,乃吏子,乃梨子,乃理子,乃里子,乃律子,乃倫子,乃麗子,乃綸子,乃莉子,之吏子,之里子,濃利子,濃梨子,納子,納梨子,納理子,納里子,能子,能利子,能理子,能里子,能律子,農里子,伯子,発子,範子,範利子,範理子,妃子,弼子,福子,文子,陛子,奉子,方子,法子,法理子,望梨子,稔子,命子,明子,模子,野利子,野梨子,野理子,野里子,野倫子,野林子,由理子,裕子,誉子,庸子,頼里子,理子,理則子,律子,了子,緑子,倫紀子,倫子,令子,礼子,路子,論子,乘子,愼子,煕子,譽子,讓子
のりな,norina,紀奈
のりの,norino,紀乃,規乃,周乃,妃乃
のりひ,norihi,紀姫
のりほ,noriho,規穂,乗帆,典歩,典穂,徳穂,範穂,法穂
のりみ,norimi,紀実,紀美,紀文,紀未,規実,規美,規毎,宜美,教美,敬美,憲実,憲美,功美,孝美,宣美,則美,知巳,典実,典美,統美,徳美,乃里美,伯己,範美,文美,法美,法弥,法彌,律美,緑美,倫己,倫未,礼美
のりよ,noriyo,益代,延代,賀代,雅代,格世,幾世,紀好,紀世,紀生,紀代,紀予,規世,規代,規予,記世,記代,宜代,宜良,議代,教世,教代,教予,教應,訓世,訓代,啓予,慶代,敬代,敬与,経代,経予,憲世,憲代,功世,功洋,至代,式代,周代,祝世,祝代,純代,昇世,昇代,章代,伸代,仁代,宣世,宣予,則代,則予,知代,智世,哲代,典世,典代,典余,典与,典梨代,典瑶,展代,度世,統代,徳世,徳代,任代,乃理世,乃里予,納代,範依,範世,範代,法代,倫依,倫世,倫代
のわ,nowa,野和
のん,non,暢
のんの,nonno,暢乃
はあと,hato,羽亜桃
はあぶ,habu,葉亜舞
はいか,haika,葉衣歌
はいじ,haiji,羽衣路
はいね,haine,羽衣音
はいり,hairi,羽依里
はおと,haoto,葉音
はおり,haori,羽織
はぎ,hagi,萩
はぎえ,hagie,萩重
はぎの,hagino,萩乃
はくあ,hakua,白愛
はくね,hakune,柏音
はこ,hako,葉子
はすか,hasuka,蓮花
はすこ,hasuko,蓮子
はすな,hasuna,蓮菜
はすみ,hasumi,羽純,羽須美,羽澄,芙美,葉純,葉澄,葉素実,蓉美,蓮実,蓮美
はずき,hazuki,瑞樹,葉月
はずみ,hazumi,羽純,葉純
はつ,hatsu,初
はつえ,hatsue,一栄,一恵,始枝,初映,初栄,初絵,初恵,初江,初枝,初重,初津枝,波都恵,肇恵,八津江,葉杖
はつか,hatsuka,初佳,初夏,初花,初香
はつき,hatsuki,初華,初喜,初希,初紀,初月,初生,初姫,肇貴,八希,八生
はつこ,hatsuko,羽津子,初香,初子,波津子,肇子,発子,葉津子,葉通子
はつせ,hatsuse,初瀬
はつな,hatsuna,初菜,初奈,初那
はつね,hatsune,初音
はつの,hatsuno,初乃
はつひ,hatsuhi,初陽
はつほ,hatsuho,初浦,初帆,初穂
はつみ,hatsumi,一美,始美,初海,初見,初実,初珠,初津己,初津美,初美,初文,初味,初未,初巳,初弥,初實,晴津美,肇美,葉津実,葉摘
はつめ,hatsume,初芽,初女,初萌
はつよ,hatsuyo,一世,初世,初代
はつり,hatsuri,肇里
はづき,hazuki,羽月,華月,桂月,菜月,初喜,初希,初貴,端月,巴月,巴都樹,覇月,波希,波月,波津希,波都季,八月,八津希,美月,葉月,葉生,葉津希,葉津紀
はづな,hazuna,葉都奈
はづみ,hazumi,葉津美,葉摘
はとえ,hatoe,鳩恵
はな,hana,羽菜,羽奈,英,花,花菜,花奈,荷娜,華,華菜,初杏,初菜,巴菜,巴奈,巴乃,波奈,芭奏,八菜,葉菜,葉渚,葉奈,葉那,葉名,陽愛
はない,hanai,華衣
はなえ,hanae,瑛恵,英愛,英依,英衣,英映,英栄,英詠,英会,英絵,英恵,英景,英江,英枝,英惠,花依,花衣,花映,花栄,花瑛,花英,花詠,花絵,花恵,花江,花枝,花重,花笑,華愛,華衣,華映,華栄,華永,華瑛,華英,華絵,華恵,華慧,華江,華枝,華重,華笑,華奈絵,華惠,皇絵,桜絵,巴奈恵,波奈江,芳恵,芳納英,葉菜江,葉奈絵,葉奈江,葉苗
はなお,hanao,花緒,華緒
はなか,hanaka,英華,花佳,花果,花華,花香,華佳,華加,華香
はなき,hanaki,花季,華希,華紀
はなこ,hanako,羽奈子,羽那子,英子,花菜子,花子,華子,華奈子,春華子,春菜子,春奈子,初菜子,青華子,早那子,巴菜子,巴名子,波奈子,琶奈子,博那子,芳子,葉菜子,葉奈子,葉楠子,葉名子
はなの,hanano,英乃,花乃,華乃
はなほ,hanaho,花帆,花歩,花穂
はなみ,hanami,羽菜美,英実,英美,英弥,花海,花観,花実,花深,花美,華菜美,華美,華巳
はなよ,hanayo,英世,英代,花世,花生,花代,華世,華代,華誉
はねか,haneka,羽佳
はねみ,hanemi,羽美
はま,hama,葉麻
はまえ,hamae,浜恵
はまこ,hamako,羽摩子,波磨子,浜子
はまよ,hamayo,浜代
はみ,hami,波美
はやか,hayaka,早佳,早加,早可,早夏,早華,早香,速香
はやこ,hayako,快子,早子,速子
はやせ,hayase,早瀬
はやな,hayana,早菜,早那
はやの,hayano,早乃
はやみ,hayami,逸美,羽弥美,敬美,早海,早実,早生,早美,速実,速水,速美,湍水
はゆ,hayu,映
はゆき,hayuki,葉雪
はゆこ,hayuko,葉優子
はゆみ,hayumi,映美,葉弓
はゆり,hayuri,映,映里
はゆる,hayuru,映
はる,haru,羽琉,春,晴,暖,美,遥,陽
はるえ,harue,栄江,栄枝,英恵,温恵,華江,時江,治永,治英,治絵,治恵,治江,治枝,治惠,春衣,春栄,春英,春絵,春恵,春江,春枝,春伯,晴衣,晴映,晴栄,晴英,晴絵,晴恵,晴江,晴枝,晴惠,青衣,暖恵,暖苗,張江,東江,波瑠栄,波瑠江,美恵,美江,美枝,敏江,明恵,明江,明枝,冶江,冶枝,靖恵,洋枝,遥絵,遥江,陽愛,陽栄,陽永,陽絵,陽恵,陽江,陽枝,陽笑,陽惠,立江,令江,令枝,脩絵
はるお,haruo,春緒
はるか,haruka,羽留香,羽瑠香,栄佳,栄香,永遠,永佳,永加,永花,永賀,永馨,永久,永香,温佳,温加,温華,温香,温日,花佳,花香,花哉,花芳,華佳,華加,華嘉,華夏,華果,華香,華日,華瑠佳,啓加,啓香,元香,玄香,桜香,始花,時香,治佳,治加,治夏,治花,治華,治季,治香,春愛,春佳,春加,春可,春嘉,春夏,春果,春架,春歌,春河,春花,春華,春海,春樺,春薫,春圭,春香,春風,春和,春翔,榛夏,榛華,榛香,晴佳,晴加,晴可,晴夏,晴果,晴架,晴歌,晴花,晴華,晴賀,晴雅,晴海,晴馨,晴香,晴瑠佳,青佳,青加,青霞,青空,青香,相郁,大佳,大空,暖佳,暖加,暖華,暖香,知郁,知佳,知加,知花,知華,知雅,知香,東佳,東加,東香,日香,巴瑠佳,巴瑠加,巴瑠香,把留花,波留加,波留香,波瑠佳,波瑠加,波瑠香,白瑠歌,鳩留香,美佳,美夏,美歌,美花,美華,美馨,美香,美日,美蘭,萌加,明佳,明加,明夏,明花,明華,明香,明芳,弥生香,悠,悠音,悠佳,悠加,悠夏,悠歌,悠花,悠華,悠桂,悠香,悠楓,揺香,葉留佳,葉留加,葉留果,葉留香,葉瑠佳,葉瑠花,葉瑠香,遥,遥佳,遥加,遥可,遥夏,遥果,遥歌,遥河,遥花,遥華,遥霞,遥月,遥香,遥日,遥風,陽佳,陽加,陽夏,陽花,陽華,陽香,陽咲,陽日,陽楓,立佳,立夏,良佳,遼,遼加,遼可,遼果,遼香,令佳,令花,浪呼,搖,暎佳,瑶,瑶花,瑶香,遙,遙香,瑤
はるこ,haruko,温子,華子,賀子,開子,恵子,元子,浩子,始子,治子,春子,晴子,青子,善子,暖子,知子,暢子,東子,日子,波留子,波瑠子,波類子,美子,明子,明美子,靖子,葉留子,葉瑠子,遥子,陽子,立子,良子,令子,朗子
はるさ,harusa,春沙
はるな,haruna,羽留奈,羽瑠菜,羽瑠奈,永奈,温菜,温那,花菜,花奈,華菜,華水,華奈,華那,華瑠菜,浩菜,咲那,時奈,治菜,治奈,春菜,春渚,春称,春奈,春那,春南,春楠,春來,昭奈,榛菜,榛奈,晴菜,晴多,晴奈,晴那,晴捺,晴南,暖菜,暖奈,知杏,知菜,知奈,東奈,東和,波留菜,波留奈,波瑠奈,美菜,美多,美奈,美那,美和,明菜,明奈,明那,明和,悠菜,悠奈,葉留菜,葉留奈,葉瑠奈,遥菜,遥奈,遥那,遥南,遥楠,遥名,陽菜,陽奈,良奈,遼那,令奈,和奈,瑶奈
はるね,harune,春音,晴音,美音,遥音
はるの,haruno,温乃,治乃,春乃,晴乃,晴野,東乃,波留乃,波瑠乃,悠乃,遥乃
はるひ,haruhi,春日,春妃,春比,春陽,晴日,晴斐,青日,青比,波留日,波留陽,美妃,遥陽
はるほ,haruho,華穂,春穂,陽穂
はるみ,harumi,栄美,英美,温美,華美,啓美,元美,玄美,浩美,治実,治美,治未,治巳,春海,春弓,春己,春三,春実,春水,春生,春泉,春美,春望,春魅,春巳,春瑠美,昭美,晴海,晴弓,晴見,晴己,晴三,晴実,晴深,晴瑞,晴天,晴美,晴峰,晴望,晴未,晴巳,晴留美,青海,青己,青美,青巳,早春実,泰美,暖弓,暖実,暖水,暖生,暖美,知己,知美,東美,波留美,芭瑠深,美海,美美,美味,美洋,明見,明水,明美,悠水,悠未,洋美,葉留美,葉瑠美,陽己,陽視,陽実,陽美,陽巳,麗海
はるも,harumo,春萌
はるよ,haruyo,温代,啓世,晃代,始代,時代,治世,治代,治予,春世,春代,春楊,春洋,晴世,晴代,晴予,晴与,知代,東世,東代,東与,巴留世,明世,明代,遥世,陽世,陽代
はれい,harei,羽麗,葉怜
はれよ,hareyo,晴代
はんな,hanna,帆奈,範奈,絆南
はんの,hanno,阪乃
ひい,hi,緋衣
ひいな,hina,陽依奈
ひおり,hiori,緋織
ひかね,hikane,妃香音
ひかり,hikari,光加里,光莉,灯加里,日佳理,日佳里,日加利,日加理,日加里,日可里,日果里,日花里,日香利,日香梨,日香理,日香里,妃佳理,妃加璃,妃加里,妃華利,妃華理,妃雅利,妃香吏,妃香理,妃香里,彼香里,比佳理,比佳里,比加利,比加里,比歌里,比香李,比香理,比香里,比香莉,飛華吏,曜里,陽加里,陽花梨,陽香梨,陽香理,陽香里
ひかる,hikaru,華,光,光留,光瑠,聖加瑠,日佳瑠,日華留,日香留,日香瑠,妃佳留,妃香瑠,比加留,比香留,比香瑠,緋加留,飛香留,飛香瑠,陽佳留,陽花瑠
ひきこ,hikiko,比希子
ひぐさ,higusa,妃草
ひぐれ,higure,緋紅
ひさ,hisa,火佐
ひさい,hisai,日彩
ひさえ,hisae,永恵,永江,永枝,永惠,央会,央絵,央恵,央江,央枝,久愛,久依,久栄,久永,久瑛,久英,久衛,久絵,久恵,久慧,久江,久枝,久重,久笑,久世,久惠,久榮,恭栄,桐江,桐枝,九恵,契江,向恵,恒江,史江,寿愛,寿衣,寿栄,寿瑛,寿英,寿会,寿絵,寿恵,寿江,寿枝,寿重,寿生,寿苗,尚依,尚栄,尚絵,尚技,尚恵,尚江,尚枝,尚重,尚惠,祥恵,仁栄,仙恵,日佐恵,日佐江,妃佐恵,妃佐枝,妃沙江,妃小江,妃早恵,比恵,比佐栄,比佐詠,比佐恵,比佐江,比佐枝,比左江,比査恵,比沙恵,比砂恵,比咲恵,比紗衣,比小枝,緋沙恵,緋紗絵,飛佐枝,弥恵,悠依,悠江,陽英,壽英,壽恵,壽江,壽重,竚江
ひさき,hisaki,妃咲
ひさこ,hisako,一三子,一紗子,永子,央左子,央子,学子,喜子,貴子,久佐子,久左子,久咲子,久子,久枝子,久世子,久里子,恭子,桐子,九子,玖子,向子,恒沙子,恒子,紘沙子,史子,寿佐子,寿左子,寿子,修子,尚佐子,尚子,昌子,仁幸子,仙子,長子,日幸子,日佐子,日査子,日沙子,日砂子,日咲子,日早子,否左子,妃更子,妃佐子,妃沙子,妃砂子,妃才子,妃三子,妃紗子,妃早子,彼佐子,披佐子,比佐子,比左子,比査子,比沙子,比砂子,比彩子,比咲子,比紗子,比少子,比抄子,比早子,比妙子,緋沙子,緋紗子,肥左子,琵左子,美佐子,富子,方子,弥子,裕紗子,陽佐子,陽左子,陽彩子,陽紗子,壽子,敞子
ひさな,hisana,久菜,久奈,寿奈
ひさの,hisano,永乃,央乃,火早野,久乃,寿乃,尚乃,聖乃,仙乃,妃佐乃,妃乃,比左乃,悠乃,壽乃
ひさみ,hisami,永美,央実,央美,央未,喜美,久沙美,久視,久実,久水,久美,久味,久巳,桐実,桐美,向美,幸美,恒美,寿海,寿己,寿后,寿実,寿深,寿水,寿美,寿弥,尚見,尚実,尚美,尚未,尚妙,尚民,仙美,日佐美,日才美,日三美,妃沙美,妃咲美,妃紗美,比佐美,比沙美,比彩美,比美,富美,弥美,悠実,壽美
ひさよ,hisayo,永世,永代,永誉,央世,央代,央容,喜世,喜代,久佳,久世,久代,久弥,久予,久与,久誉,久容,久葉,久陽,恭代,桐代,桐葉,玖代,契代,古代,恒世,恒代,寿昌,寿世,寿代,寿誉,尚世,尚代,尚予,昌代,千代,日佐代,日沙代,日砂代,妃佐世,妃佐代,妃咲代,妃三代,妃紗世,妃早代,比佐世,比佐代,比沙代,比瑳世,比早代,緋紗代,富代,弥世,弥代,悠世,悠代,壽代
ひしの,hishino,菱乃
ひじり,hijiri,聖,聖理
ひすい,hisui,緋水
ひそか,hisoka,潜,密
ひそら,hisora,陽空
ひづき,hizuki,陽月
ひづる,hizuru,緋鶴,陽蔓
ひでか,hideka,映香,英佳,英加,英果,英花,英華,英香,英芳,薫加,幸花,幸香,秀佳,秀加,秀可,秀嘉,秀夏,秀果,秀歌,秀花,秀華,秀香,秀苗,日出加,日出香
ひでこ,hideko,偉子,栄子,英子,季子,光子,幸子,行子,豪子,嗣子,寿子,秀子,淑子,尚禎子,千英子,東子,日出子,之子,未子,陽出子,俶子,翡出子
ひでみ,hidemi,愛美,栄美,瑛美,英海,英己,英三,英史,英実,英美,英未,英魅,英實,英已,季実,季美,季巳,秀海,秀見,秀己,秀三,秀実,秀珠,秀深,秀水,秀美,秀碧,秀穂,秀味,秀未,秀巳,秀弥,淑美,日出海,日出実,日出美,妃美,暎美
ひとえ,hitoe,一英,一絵,一恵,一慧,一江,一枝,一重,史絵,史恵,史江,史枝,仁映,仁栄,仁英,仁絵,仁恵,仁江,仁枝,仁重,仁惠,瞳恵
ひとか,hitoka,一花,一華,仁香
ひとこ,hitoko,仁子,妃登子,倫子
ひとな,hitona,瞳菜
ひとは,hitoha,一羽,一葉,仁葉
ひとみ,hitomi,愛美,一愛,一見,一三,一視,一実,一十三,一心,一水,一登美,一瞳,一美,一未,一妙,一弥,一良,一實,壱美,英史美,寛規,寛泉,干登美,久時美,久登美,久富美,均朱,均美,玖友海,公美,史益,史規,史見,史実,史美,史味,史未,史民,史弥,旬美,人己,人実,人水,人美,人巳,人實,仁海,仁規,仁弓,仁己,仁三,仁視,仁実,仁珠,仁水,仁泉,仁登美,仁美,仁望,仁未,仁已,斉美,斉巳,単美,灯登美,瞳,瞳后,瞳実,瞳美,瞳未,日止美,日斗美,日登見,日登実,日登美,日都美,日土美,日透美,任美,妃時美,妃十美,妃人美,妃澄美,妃斗美,妃斗弥,妃登美,妃登未,妃都美,妃都弥,妃桃美,妃美,妃富美,妃利巳,妃和美,比仁美,比斗美,比登実,比登美,比都美,比美,比敏美,比富美,緋登美,姫十美,姫登美,姫都美,陽登美,陽都美,陽美,倫美,玲美,眸,眸水
ひな,hina,雛,日菜,日奈,日那,妃菜,妃奈,斐奈,比奈,緋奈,緋那,姫奈,陽夏,陽菜,陽奈
ひなえ,hinae,一奈江,日那江,日苗,妃菜絵,妃奈恵,比奈詠,比奈江
ひなこ,hinako,火奈子,雛子,日向子,日菜子,日成子,日奈子,日那子,日南子,日波子,日名子,妃菜子,妃奈子,妃那子,妃名子,批名子,斐那子,比菜子,比奈子,比苗子,比名子,比和子,緋奈子,緋那子,姫奈子,陽向子,陽菜香,陽菜子,陽奈子,陽名子,陽和子,鄙子
ひなつ,hinatsu,日夏,飛夏
ひなの,hinano,雛乃,日菜乃,妃奈乃
ひなみ,hinami,雛美,日菜美,日奈海,比奈三
ひなよ,hinayo,日南代,妃菜代,比奈代
ひびき,hibiki,響
ひふな,hifuna,一二奈
ひふみ,hifumi,一二三,一二美,一扶美,一文,日冨美,日布美,日文,妃郁,妃史,妃二美,妃富美,妃布美,比婦美,比符美,比芙美,比文
ひふよ,hifuyo,一二代
ひみ,himi,輝美,日実,日美,妃未,陽実,陽未
ひみえ,himie,姫美江
ひみか,himika,日実香,日美佳,日美華,日美香,妃美花,妃美華,妃美香,姫美香
ひみこ,himiko,日見子,日御子,日実子,日美子,日満子,日未子,日弥子,卑弥呼,妃実子,妃水子,妃美子,比美子,緋美子,緋弥子,飛未子,陽美子
ひめ,hime,日女,媛
ひめか,himeka,日女香,姫佳,姫加,姫花,姫華,姫芽,媛香
ひめこ,himeko,姫子,媛子
ひめな,himena,姫菜
ひめの,himeno,妃女乃,姫乃,陽芽乃
ひめみ,himemi,媛美
ひめよ,himeyo,妃代,姫代
ひより,hiyori,日和
ひろえ,hiroe,宇玲,央衣,央恵,央江,嘉江,嘉枝,拡恵,郭江,寛依,寛衣,寛映,寛栄,寛永,寛衛,寛絵,寛恵,寛江,寛枝,巨絵,京恵,啓愛,啓衣,啓栄,啓永,啓瑛,啓絵,啓恵,啓江,啓枝,敬栄,敬絵,敬江,敬枝,景映,光恵,光江,公栄,公恵,宏愛,宏依,宏衣,宏映,宏栄,宏英,宏円,宏会,宏絵,宏恵,宏江,宏枝,宏惠,広栄,広絵,広恵,広江,広枝,弘愛,弘依,弘衣,弘栄,弘永,弘英,弘会,弘絵,弘恵,弘江,弘枝,弘重,弘惠,洪江,浩衣,浩栄,浩永,浩英,浩園,浩絵,浩恵,浩江,浩枝,浩生,浩惠,紘衣,紘会,紘恵,紘江,紘枝,紘萌,祥恵,祥江,丈枝,仁栄,仁恵,尋絵,尋恵,尋惠,千瑛,測恵,太栄,泰栄,泰永,泰江,泰重,大恵,大惠,拓恵,拓江,展枝,日絵,博愛,博衣,博栄,博瑛,博絵,博恵,博慧,博江,博枝,博惠,妃呂恵,妃路恵,比呂絵,比呂恵,比路枝,普佳,普恵,普枝,法恵,凡恵,弥栄,優恵,祐会,祐恵,祐江,裕愛,裕衣,裕映,裕栄,裕永,裕英,裕絵,裕恵,裕江,裕枝,裕重,裕惠,裕綸映,容恵,容江,容枝,洋依,洋衣,洋栄,洋永,洋英,洋衛,洋絵,洋恵,洋江,洋枝,洋乃,洋惠,良江,良枝,玲枝,礼恵,礼江,廣恵,廣江,廣枝,廣惠,昊江,絋衣,絋恵
ひろか,hiroka,央佳,央夏,央香,寛佳,寛加,寛可,寛花,寛華,寛香,寛翔,啓佳,啓加,啓香,敬佳,敬香,湖香,光華,光香,公香,宏郁,宏何,宏佳,宏果,宏河,宏香,広佳,広夏,広果,広華,広香,弘佳,弘夏,弘果,弘花,弘華,弘香,浩佳,浩加,浩可,浩歌,浩花,浩香,紘佳,紘加,紘香,祥加,尋佳,尋花,尋賀,尋香,泰佳,泰加,泰香,宙華,日呂香,博佳,博加,博香,妃呂香,比呂可,比呂香,普賀,明花,弥香,悠華,裕佳,裕加,裕嘉,裕花,裕華,裕雅,裕圭,裕香,容加,容雅,洋佳,洋加,洋嘉,洋夏,洋花,洋華,洋香,陽路香,礼佳,廣香,彌和
ひろこ,hiroko,一路子,央子,欧子,嘉子,廓子,拡子,郭子,完子,寛己,寛子,簡子,緩子,啓子,敬子,景子,湖子,公子,厚子,向子,宏子,宏呂子,宏朗子,広子,弘子,浩子,紘子,香子,鴻子,史子,寿子,周子,宗子,衆子,潤子,尚呂子,祥子,丈子,仁子,尋子,碩子,先子,宣子,測子,泰子,代子,大子,拓子,誕子,宙子,暢子,展子,都子,日呂子,日路子,伯子,博江,博子,白子,白木,八子,汎子,範子,妃子,妃良子,妃呂子,妃路子,妃露子,比侶子,比呂子,比路子,緋呂子,飛路子,枇呂子,普子,望子,凡子,明子,弥子,優子,由子,祐子,裕子,容子,洋子,陽子,陽呂子,陽路子,翼子,礼子,亞子,壽子,廣子,洽子,洸子,滉子,澣子,煕子,皓子
ひろな,hirona,央奈,寛奈,寛苗,宏奈,広菜,広奈,弘菜,弘奈,弘那,浩菜,浩奈,紘菜,紘奈,日路菜,博奈,比呂奈,裕菜,裕奈,洋菜,洋奈,廣奈
ひろね,hirone,裕音,洋音
ひろの,hirono,嘉乃,寛乃,寛之,緩乃,啓乃,敬乃,厚乃,宏乃,広乃,弘乃,浩乃,紘乃,尋乃,泰乃,博乃,妃呂乃,比呂乃,弥乃,祐乃,裕乃,洋乃,礼乃,廣乃
ひろは,hiroha,浩羽
ひろほ,hiroho,広帆,尋穂,大穂,洋帆
ひろみ,hiromi,宇美,栄美,永美,演美,央美,温美,嘉美,拡美,郭美,寛美,緩美,貴美,京美,啓美,恵美,敬美,景美,湖美,光美,公美,厚美,宏海,宏水,宏美,広美,弘美,浩美,紘海,紘美,史美,潤美,尚美,祥美,仁美,尋美,奏美,泰美,拓美,宙美,博美,比呂美,緋呂美,裕美,洋美,陽美,玲美
ひろよ,hiroyo,寛代,啓代,公代,宏代,広代,弘淑,弘代,浩代,祥代,尋代,博代,裕代,洋代
びばり,bibari,美波理,美波里
ふあり,fuari,風愛里
ふいか,fuika,風意香
ふうか,fuka,芙佳,楓佳,楓果,楓花,楓華,楓薫,楓香,風佳,風歌,風花,風華,風薫,風香,遥香,颯花
ふうき,fuki,風貴
ふうこ,fuko,富有子,布有子,芙生子,芙歩子,芙有子,楓映子,楓子,風子,鳳子
ふうな,funa,楓奈
ふうね,fune,風音
ふうは,fuha,風葉
ふうみ,fumi,風美
ふうり,furi,風李
ふえ,fue,笛
ふえこ,fueko,笛子,風笑子
ふえね,fuene,笛音
ふえの,fueno,笛乃
ふえみ,fuemi,笛美,富恵美,冨恵美
ふき,fuki,布紀,蕗
ふきえ,fukie,二貴慧,富貴江,富貴枝,布貴江
ふきこ,fukiko,笑貴子,吹季子,吹子,冬岐子,二喜子,二希子,二規子,二記子,二樹子,夫希子,夫季子,夫紀子,夫規子,夫記子,夫妃子,婦規子,婦起子,富喜子,富基子,富希子,富季子,富紀子,富規子,富記子,富貴子,富起子,富樹子,富妃子,富姫子,冨規子,冨貴子,冨起子,布喜子,布岐子,布希子,布季子,布紀子,布貴子,布起子,布欣子,布樹子,扶喜子,扶希子,扶季子,扶紀子,扶規子,扶貴子,扶起子,扶生子,芙希子,芙季子,芙紀子,芙貴子,芙樹子,譜紀子,譜規子,風起子,文季子,文紀子,歩希子,甫己子,峰規子,房紀子
ふきみ,fukimi,富貴美
ふきよ,fukiyo,富希世,富貴世,富貴代
ふくえ,fukue,吹枝,富久恵,富久江,富久枝,冨久枝,福映,福栄,福久江,福恵,福江,福枝
ふくか,fukuka,福果
ふくこ,fukuko,夫玖子,富久子,冨久子,布久子,扶久子,普久子,芙久子,芙功子,福久子,福子,文公子
ふくな,fukuna,福菜
ふくみ,fukumi,吹美,富久美,富空美,富公美,冨久美,布久美,芙久美,福久美,福美
ふくよ,fukuyo,富久代,福世,福代
ふさえ,fusae,栄枝,英絵,英恵,英江,英枝,緩枝,薫恵,滋恵,寿江,成恵,総英,総恵,総枝,聡恵,聡江,二佐江,夫左枝,婦左枝,富佐恵,富佐江,富佐枝,富佐惠,富砂江,富才衣,富咲江,富紗絵,富早江,冨佐恵,布佐恵,布沙江,扶左江,扶沙恵,扶沙江,扶抄江,芙佐江,芙佐枝,芙沙恵,芙沙江,芙沙枝,芙紗江,文抄恵,芳衣,芳恵,芳江,芳枝,房依,房栄,房永,房絵,房恵,房江,房枝,葉映,葉恵,葉江,亮恵
ふさこ,fusako,維子,英子,緩子,記子,薫子,惣子,総子,聡子,二沙子,二早子,不沙子,夫佐子,夫沙子,婦佐子,婦紗子,富佐子,富沙子,富砂子,富紗子,冨佐子,布佐子,布左子,布沙子,布砂子,布彩子,布咲子,布紗子,府咲子,扶佐子,扶左子,扶沙子,扶咲子,扶早子,普沙子,芙佐子,芙左子,芙沙子,芙紗子,風沙子,風早子,福佐子,芳佐子,房左子,房子,總子,聰子
ふさの,fusano,滋乃,布佐乃,布紗乃,扶左乃
ふさみ,fusami,総美,富佐美,芙紗美,房美
ふさよ,fusayo,英代,記世,興代,薫代,芝代,成世,総代,総美,総誉,聡代,二幸代,二三代,二早代,富佐代,富紗世,布早代,普佐世,普佐代,芙沙代,芳世,芳代,房世,房代
ふじえ,fujie,藤恵,藤枝,富司江,富士衣,富士恵,富士江,富士枝,富枝,冨士江,冨士惠,普示枝
ふじか,fujika,藤香
ふじこ,fujiko,不二子,富士子,布史子,風信子
ふじの,fujino,藤乃,富士乃
ふじほ,fujiho,藤穂
ふじみ,fujimi,藤美
ふじよ,fujiyo,藤代,二千代,不二代,婦志代,富士代,富志代,富二代,冨士代
ふたば,futaba,双葉,二葉
ふづき,fuzuki,阜月,風月
ふぶき,fubuki,吹雪,風舞貴
ふみ,fumi,芙美,文
ふみえ,fumie,郁栄,郁絵,郁恵,郁慧,郁江,郁枝,郁重,郁美恵,郁美江,郁惠,史愛,史依,史衣,史栄,史瑛,史英,史衛,史詠,史絵,史恵,史江,史枝,史笑,史惠,章衣,章会,章絵,章恵,章江,章枝,章惠,典栄,典絵,典恵,典江,典枝,冬美恵,二三絵,二三恵,二三江,二三枝,二美恵,二美江,二美枝,二弥恵,不三江,夫美恵,夫美江,婦美絵,婦美恵,婦美江,婦美枝,富海恵,富見恵,富見江,富三枝,富実江,富充恵,富水枝,富美栄,富美瑛,富美英,富美絵,富美恵,富美江,富美枝,富美重,富美惠,富巳江,冨美恵,冨美江,冨美枝,冨美惠,布三恵,布三江,布美絵,布美恵,布美江,布美枝,扶実江,扶美栄,扶美絵,扶美恵,扶美江,扶美枝,扶美榮,扶未恵,芙三恵,芙実枝,芙美恵,芙美江,芙美枝,芙未恵,文愛,文依,文衣,文映,文栄,文永,文英,文絵,文恵,文慧,文江,文三枝,文枝,文重,文静,文美栄,文美絵,文美恵,文美江,文美枝,文美惠,文未栄,文巳枝
ふみか,fumika,郁佳,郁加,郁歌,郁圭,郁香,簡加,冊加,史佳,史加,史夏,史果,史歌,史花,史華,史雅,史馨,史香,史楓,史和,典佳,典加,典可,典花,典香,冬美香,二三佳,二三花,二三薫,二三香,二美加,二美歌,二美馨,二美香,富美嘉,富美香,布生加,布美花,布美香,扶三加,扶美佳,扶美香,扶味香,芙三加,芙実佳,芙実加,芙実花,芙実香,芙美佳,芙美加,芙美歌,芙美花,芙美香,芙未香,芙弥佳,芙弥果,風実花,文伽,文佳,文加,文嘉,文夏,文果,文歌,文花,文華,文香,文珠香,文美加,文未香,良佳,良香,册加
ふみこ,fumiko,郁子,史子,二美子,富見子,富三子,富実子,富美子,冨三子,冨実子,冨美子,芙己子,芙三子,芙実子,芙生子,芙美子,芙未子,芙巳子,芙弥子,文子,文実子,文虹,文美子,歩仁子,歩美子
ふみな,fumina,郁奈,史菜,史奈,芙美奈,文菜,文奈
ふみね,fumine,文音
ふみの,fumino,郁乃,史乃,章乃,富美乃,布実乃,布美乃,扶実乃,芙美乃,芙巳乃,文乃,文美乃,文未乃
ふみは,fumiha,史羽,史葉,文葉
ふみよ,fumiyo,郁世,郁代,記代,史世,史代,史葉,章世,章代,章誉,典世,典代,二三世,二三代,二美世,二美代,二美予,二味代,富実代,富美世,富美代,冨美世,冨美代,布三代,布実代,布美代,扶己代,扶三代,扶美世,扶美代,普美世,芙三代,芙実代,芙美代,文珠,文世,文代,文美代,文与,文誉,文葉,峰美代
ふみを,fumio,郁緒,史緒,文緒
ふゆ,fuyu,冬,芙由
ふゆえ,fuyue,冬栄,冬江
ふゆか,fuyuka,冬佳,冬果,冬花,冬華,冬香,富裕花,芙有香,芙由香,風優香,歩由佳,歩祐香
ふゆき,fuyuki,双雪,双由紀,冬希,冬季,冬紀
ふゆこ,fuyuko,冬子,冬至子,不有子,不由子,婦裕子,富佑子,富有子,富由子,富祐子,富裕子,冨友子,布佑子,布有子,布由子,布祐子,布裕子,扶佑子,扶有子,扶由子,扶裕子,普裕子,芙優子,芙友子,芙悠子,芙有子,芙由子,芙侑子,舞由子
ふゆな,fuyuna,冬菜,冬奈,芙夕奈
ふゆね,fuyune,冬音
ふゆの,fuyuno,冬乃,富由乃,風友乃
ふゆひ,fuyuhi,冬陽
ふゆみ,fuyumi,冬海,冬美,柊美,富友美,富有美,富由美,富裕美,富夕美,布佑美,布由美,扶友美,扶由美,芙佑美,芙有美,芙由美
ふゆめ,fuyume,冬芽
ふらん,furan,風蘭
ふれあ,furea,風礼亜
ふわ,fuwa,風和
ふわり,fuwari,風和李
へいわ,heiwa,平和
へきな,hekina,碧那
へきる,hekiru,碧留
へれん,heren,辺恋
べにお,benio,紅緒
べにか,benika,紅花,紅霞,紅香
べにこ,beniko,紅子,紅仁子
べには,beniha,紅葉
ほあや,hoaya,帆彩
ほうか,houka,宝香
ほうらん,houran,鳳蘭
ほえみ,hoemi,帆笑
ほかぜ,hokaze,帆風
ほさな,hosana,穂沙奈
ほし,hoshi,歩偲
ほしえ,hoshie,星映,星絵,星恵,星江
ほしか,hoshika,星歌,星華,保志香
ほしこ,hoshiko,星子,保志子
ほしな,hoshina,星奈
ほしね,hoshine,星音
ほしの,hoshino,星乃,保志乃
ほしみ,hoshimi,星見,星美,帆志美
ほしよ,hoshiyo,星夜
ほずみ,hozumi,穂澄
ほたる,hotaru,蛍
ほづえ,hozue,穂津枝
ほづき,hozuki,歩月,穂月
ほな,hona,帆奈,穂奈
ほなつ,honatsu,帆夏
ほなみ,honami,帆菜美,帆奈美,帆南美,帆波,帆波美,保菜美,保渚美,保奈美,保那美,穂菜美,穂奈美,穂那美
ほの,hono,帆音
ほのか,honoka,愛香,帆夏,帆香,帆乃佳,帆乃加,帆乃夏,帆乃花,帆乃香,歩乃香,穂夏,穂花,穂香,穂乃伽,穂乃佳,穂乃花,穂乃香
ほのみ,honomi,穂乃美
ほほね,hohone,穂帆音
ほほみ,hohomi,帆々美
ほま,homa,帆麻
ほまれ,homare,希穂,帆希,穂希
ほゆき,hoyuki,帆雪
ほゆみ,hoyumi,穂由美
ぼたん,botan,牡丹
まあ,ma,真阿,麻亜
まあこ,mako,真亜子,真杏子,麻亜子,眞亜子,茉亜子
まあさ,masa,希麻,真亜佐,真亜沙,真安沙,真朝,真麻,摩麻,麻亜沙,麻亜紗,麻沙,麻紗,茉麻
まあしゃ,masha,真亜叉
まあみ,mami,真亜美
まあや,maya,真亜弥,真阿弥,真綾,真彩,真紋,摩絢,摩彩,麻亜耶,麻亜弥,麻綾,麻彩,麻耶
まあら,mara,麻亜羅
まあれ,mare,麻亜礼
まい,mai,真愛,真依,真惟,真維,真衣,真生,舞,舞依,舞惟,舞衣,摩依,摩衣,磨依,磨衣,麻衣,繭衣,万伊,万依,万衣,眞維,眞衣,眞生,茉依,茉惟,茉衣,茉緋
まいか,maika,真衣香,舞佳,舞加,舞夏,舞果,舞歌,舞花,舞華,舞桂,舞香,舞翔,麻伊加,麻依加,麻衣佳,麻衣可,麻衣華,麻衣香,昧歌
まいこ,maiko,希衣子,真愛子,真以子,真伊子,真依子,真惟子,真維子,真衣子,真生子,真唯子,舞以子,舞伊子,舞位子,舞依子,舞維子,舞衣子,舞湖,舞子,舞姫子,摩依子,摩衣子,磨依子,麻依子,麻衣子,麻已子,万依子,万衣子,茉依子,茉衣子
まいさ,maisa,舞沙,麻衣沙
まいな,maina,真以奈,真衣奈,舞菜,舞奈,舞那,麻衣奈,茉依奈
まいね,maine,舞音
まいの,maino,舞乃,麻依乃,麻衣乃
まいは,maiha,舞羽,舞葉
まいほ,maiho,舞帆,舞穂
まいみ,maimi,真以美,真依美,真衣美,舞美,麻衣美
まいら,maira,万已楽
まえこ,maeko,真栄子,真英子,真絵子,真恵子,真江子,麻衣子,麻絵子,麻恵子,麻枝子,万映子,万絵子,万恵子,眞恵子
まえみ,maemi,真絵美,真恵美,万恵美,眞衣美,眞栄美
まお,mao,真央,真音,真桜,真緒,真生,真帆,真保,真穂,真麻,舞央,舞桜,舞緒,摩緒,麻央,麻桜,麻緒,麻帆,万緒,眞央,眞緒,眞生,眞帆,眞麻,茉央,茉緒,茉生
まおこ,maoko,真央子,真緒子,真生子,真邦子,真和子,麻央子,万央子,茉緒子
まおみ,maomi,真央美,真緒美,麻央美
まおり,maori,真央里,真緒梨,真麻理,真麻里,舞織,麻緒里,麻穂里
まかこ,makako,真佳子
まかな,makana,真佳奈,真加奈
まき,maki,希季,蒔,真希,真稀,真紀,舞紀,舞姫,摩希,摩季,摩紀,摩姫,磨希,磨季,磨紀,磨姫,麻希,麻季,麻紀,麻妃,麻姫,万稀,万紀,茉希,茉季,茉紀,茉姫
まきえ,makie,蒔絵,真喜絵,真喜恵,真喜江,真希衣,真希絵,真希恵,真希江,真希枝,真揮枝,真季恵,真季江,真稀恵,真紀絵,真紀恵,真紀江,真紀枝,真規恵,真記衣,真記絵,真貴絵,真貴恵,真貴枝,真輝恵,真樹恵,真樹江,真樹枝,牧絵,牧恵,牧江,牧枝,摩樹江,磨喜江,麻希絵,麻希江,麻季恵,麻紀絵,麻紀恵,麻記衣,麻貴恵,麻輝江,麻樹枝,万喜恵,万喜江,万岐江,万季恵,万紀恵,万規衣,万貴枝,満喜恵,満季栄,満紀恵,満紀枝,由喜枝,眞希枝,眞紀枝,眞記江,眞木枝
まきこ,makiko,雅季子,雅紀子,雅貴子,雅妃子,巻子,蒔子,昌希子,昌紀子,昌樹子,真葵子,真喜子,真嬉子,真岐子,真希子,真稀子,真紀子,真規子,真記子,真貴子,真起子,真公子,真樹子,真城子,真生子,真妃子,真姫子,真巳子,薪子,正喜子,正希子,正季子,舞希子,舞季子,舞貴子,牧子,摩衣子,摩喜子,摩岐子,摩希子,摩季子,摩紀子,摩貴子,摩樹子,摩妃子,磨幹子,磨岐子,磨希子,磨紀子,磨貴子,磨樹子,麻喜子,麻基子,麻岐子,麻希子,麻季子,麻紀子,麻規子,麻貴子,麻起子,麻輝子,麻己子,麻樹子,麻城子,麻生子,麻妃子,麻姫子,槙希子,槙子,末季子,末紀子,末起子,万喜子,万基子,万岐子,万希子,万幾子,万季子,万紀子,万規子,万記子,万貴子,万起子,万輝子,万樹子,万城子,万姫子,満喜子,満希子,満季子,満紀子,満規子,満記子,満貴子,満起子,孟希子,滿希子,眞喜子,眞基子,眞希子,眞季子,眞紀子,眞規子,眞記子,眞貴子,眞起子,眞欣子,眞己子,眞公子,眞樹子,茉希子,茉紀子,茉記子,茉貴子,茉芸子,茉樹子
まきな,makina,真希奈,真紀奈,真輝奈,麻希奈
まきの,makino,蒔乃,真喜乃,真紀乃,真樹乃,牧乃,槙乃
まきほ,makiho,真希帆,真紀穂,万希帆,満希穂
まきみ,makimi,真希美,真紀美,真貴美,牧美,麻希美,麻季美,麻樹実
まきよ,makiyo,真喜代,真希代,真季代,真紀代,真記代,真貴代,真己代,真樹代,牧代,磨紀代,麻希代,麻季代,麻紀代,麻起代,槙代,万喜代,万希代,万季代,万起代,万輝代,満希代,卷代,眞喜世,眞喜代,眞紀代,眞代
まこ,mako,雅子,昌子,真子,摩湖,摩子,磨子,魔子,眞子,茉子
まこと,makoto,真琴,真古都
まごか,magoka,円香,窓花
まさ,masa,真咲
まさえ,masae,栄恵,栄枝,雅愛,雅依,雅衣,雅映,雅栄,雅永,雅瑛,雅英,雅絵,雅恵,雅江,雅枝,雅苗,雅惠,幹恵,匡衣,匡英,匡絵,匡恵,匡江,匡枝,匡惠,薫恵,公恵,公江,才恵,才江,修恵,純枝,順江,勝江,勝枝,勝惠,将恵,将江,昌愛,昌衣,昌栄,昌英,昌絵,昌恵,昌江,昌咲栄,昌枝,昌重,昌代,昌惠,晶絵,晶恵,晶枝,晶重,祥恵,真愛,真衣,真栄,真絵,真恵,真慧,真江,真佐栄,真佐絵,真佐恵,真佐江,真佐枝,真左江,真沙絵,真沙恵,真沙枝,真砂恵,真砂江,真才惠,真咲慧,真枝,仁恵,仁江,征絵,征恵,征江,成恵,成江,成惠,政衣,政映,政栄,政英,政絵,政恵,政江,政枝,正愛,正衣,正栄,正英,正衛,正絵,正恵,正江,正枝,正重,正惠,聖愛,聖恵,聖江,聖枝,聖惠,誠恵,斉枝,全江,全枝,稚栄,稚枝,暢恵,直絵,直枝,彦枝,舞咲映,方栄,方恵,方江,摩紗衣,磨佐恵,麻恵,麻佐衣,麻佐江,麻左枝,麻沙絵,麻沙江,麻砂江,麻冴江,麻早江,麻早枝,麻貞江,万佐栄,万佐恵,万佐江,万佐枝,万彩恵,満佐枝,優栄,優絵,優恵,優江,優枝,祐恵,裕江,容枝,理絵,理恵,理江,理枝,諒恵,將江,當枝,眞江,眞佐江,眞佐枝,眞沙江,眞砂栄,茉冴
まさき,masaki,真咲
まさこ,masako,維子,允子,温子,賀子,雅子,匡佐子,匡子,均子,薫子,敬子,憲子,絹子,賢子,公子,済子,裁子,守佐子,順子,勝子,匠子,唱子,将子,昌佐子,昌左子,昌子,昭子,晶子,祥子,証子,詔子,慎子,晋子,真幸子,真佐子,真左子,真沙子,真瑳子,真砂子,真彩子,真咲子,真三子,真子,真紗子,真抄子,真粧子,仁子,征子,成子,政子,正佐子,正子,聖子,誠子,斉子,全子,稚子,暢子,直佐子,直子,天子,董子,督子,美佐子,米佐子,方子,摩佐子,磨砂子,麻佐子,麻左子,麻沙子,麻砂子,麻彩子,麻紗子,麻少子,麻早子,柾子,柾早子,万佐子,万左子,万砂子,万咲子,万紗子,満佐子,優子,祐子,容子,理子,和雅子,和子,亞子,將子,應子,當子,眞佐子,眞左子,眞沙子,眞砂子,眞子,眞紗子,眞祥子,眞莎子,茉紗子,萬佐子
まさな,masana,雅奈,昌奈,正奈,優菜,祐奈
まさね,masane,雅音
まさの,masano,雅乃,匡乃,絹乃,昌乃,真佐乃,真彩乃,真乃,政乃,正乃,正律,聖乃,麻左乃,麻彩乃,麻紗乃,理乃
まさほ,masaho,雅帆,雅歩,雅穂,昌穂,真沙穂,真帆,真輔,真穂,正穂,優穂
まさみ,masami,雅海,雅佐美,雅水,雅美,緩美,匡美,薫実,薫美,賢美,公美,済美,滋美,実美,修美,純美,順美,勝美,唱美,将美,尚美,昌佐美,昌沙美,昌水,昌美,晶美,真海,真己,真佐美,真左美,真沙実,真沙美,真砂美,真彩美,真咲美,真三美,真紗美,真抄美,真早美,真妙美,真弥,征美,成美,政美,正美,聖美,誠実,誠美,斉美,全美,多美,舞沙美,舞彩美,方美,摩沙美,摩砂美,磨瑳美,麻佐美,麻左美,麻沙美,麻砂美,麻紗美,麻紗望,麻紗巳,麻早美,麻里美,妹佐美,柾美,万佐美,万左美,万沙美,万咲美,万紗三,満佐美,満粧美,綿美,優海,優美,理美,將美,眞佐美,眞左美,眞沙美,眞砂美,眞粧美,眞生,眞早美,眞美,茉沙美,茉早美
まさよ,masayo,雅佐代,雅世,雅代,匡世,匡代,薫世,薫代,絹代,旬代,順代,勝世,勝代,将世,将代,尚代,昌世,昌代,晶代,祥世,祥代,真佐代,真沙代,真砂代,真咲代,真三代,真紗代,摩佐代,麻佐代,麻左代,麻沙世,麻沙代,万佐代,万左世,万沙世,万紗代,優代,祐代,將代,眞佐代,眞砂代,眞世,眞代,茉紗代
まさり,masari,真砂里,優理
まじゅ,maju,真珠
ますえ,masue,益栄,益恵,益江,益枝,加江,加枝,尚江,真季,真寿栄,真寿恵,真須江,万朱枝,万寿栄,万寿恵,万寿江,万寿枝,満寿恵
ますこ,masuko,益子,益寿子,均子,賢子,升子,真珠子,真寿子,真須子,真崇子,正澄子,増子,倍子,培子,摩須子,磨須子,麻寿子,万珠子,万寿子,万素子,満珠子,満寿子,眞珠子,眞須子,萬珠子
ますず,masuzu,真鈴
ますほ,masuho,益穂,万寿穂
ますみ,masumi,益美,加美,加弥,賀美,圭美,珠美,寿美,潤美,純美,勝美,升美,尚美,晶美,真好美,真守美,真珠美,真寿美,真州美,真住美,真純,真純美,真須実,真須美,真澄,真澄美,真透美,増美,多美,摩寿美,摩周美,摩純,摩澄,磨寿美,磨純,磨須美,磨澄,麻寿美,麻須美,万寿美,万純,万須美,万澄,満寿美,弥美,優美,眞純,眞須美,眞澄,眞澄美,茉寿美,茉澄,萬寿美,萬壽美
ますよ,masuyo,益世,益代,圭世,珠代,真素代,増代,倍代,培世,麻寿代,万珠代,万春代,弥代
まち,machi,真知,真智,町,麻智,万千,万知,万智,満千,満知,満智
まちえ,machie,真千絵,真千恵,真千枝,真知恵,真知江,真知枝,真智恵,真稚枝,町恵,町江,町枝,都恵,磨千恵,麻知絵,麻知江,麻智恵,抹智恵,万知栄,万智江,眞知恵,眞知枝
まちか,machika,街香,真千佳,真千加,真智香,真祐佳,万智香
まちこ,machiko,雅千子,雅知子,街子,真知子,真智子,真稚子,正智江,正智子,町子,摩千子,摩知子,摩智子,磨知子,磨智子,磨稚子,麻千子,麻知子,麻智子,麻稚子,麻致子,槙知子,麿知子,万千子,万知子,万智子,満子,満千子,満知子,満地子,満智子,眞千子,眞知子,眞智子,眞稚子,茉千子,茉智子
まちの,machino,真智乃
まちほ,machiho,真知帆,真知穂
まちみ,machimi,眞知美
まちよ,machiyo,真千代,真知世,真知代,真智代
まつ,matsu,松,茉
まつこ,matsuko,松子,真津子,真通子,真都子,麻津子,万津子,万粒子,満津子,茉子
まつば,matsuba,松葉
まつみ,matsumi,松美,真津美,真都美,麻津美,末美,茉美
まつよ,matsuyo,松代,真津代,眞都代
まとり,matori,真鳥
まど,mado,窓,麻土
まどか,madoka,愛,愛香,円,円佳,円加,円嘉,円夏,円果,円架,円花,円華
まどな,madona,窓菜
まどべ,madobe,窓辺
まどみ,madomi,窓美
まどら,madora,窓良
まどり,madori,窓里
まな,mana,愛菜,愛奈,円奈,昌奈,真愛,真菜,真奈,真那,舞奈,舞那,摩奈,摩那,摩名,磨奈,麻菜,麻奈,麻那,末奈,万菜,万奈,満奈,眞菜,眞奈,眞那,茉菜,茉奈,茉那,茉南
まなえ,manae,愛恵,真奈恵,真奈江,真苗,真名枝,麻奈絵,麻那依
まなか,manaka,学香,真奈佳,真奈香,茉奈加,茉奈花
まなこ,manako,真奈子,真名子,麻菜子,麻奈子,満奈子,眞直子,眞名子
まなつ,manatsu,真夏
まなほ,manaho,愛帆,愛穂,真夏穂,真奈帆,真奈歩,麻菜穂,茉奈歩
まなみ,manami,愛海,愛菜美,愛美,愛望,昌奈美,真菜美,真奈美,真那美,真南美,麻菜美,麻奈美,麻納美,麿奈美,万菜美,万奈美,万波,万名美,満菜美,満奈美,愼奈美,眞奈美,眞名美,茉菜美,茉奈美,茉那美,茉名美
まね,mane,麻音
まの,mano,摩乃
まひろ,mahiro,茉祐
まふみ,mafumi,舞風美
まふゆ,mafuyu,真冬,舞冬
まほ,maho,希帆,真帆,真保,真歩,真穂,真穗,舞帆,舞保,舞歩,摩保,磨帆,磨歩,磨穂,魔穂,麻帆,麻歩,麻甫,麻穂,万帆,万保,万歩,万穂,万穗,満帆,満歩,満穂,眞帆,眞保,眞歩,眞穂,茉帆,茉保,茉甫,茉穂,茉萌
まほか,mahoka,真帆佳,真帆香,真芳香,麻穂果,麻穂香
まほこ,mahoko,雅保子,真秀子,真帆子,真保子,真穂子,真峰子,真方子,麻帆子,麻保子,麻歩子,麻穂子,万帆子,満帆子,眞帆子
まほの,mahono,真帆乃
まほみ,mahomi,真秀美,真帆美,真保美,真穂美,麻帆美,麻穂美,万保美,万穂美
まほり,mahori,真秀里,麻穂里
まみ,mami,実美,真海,真己,真実,真水,真美,真満,真味,真魅,真巳,舞美,摩美,摩巳,磨美,磨魅,魔美,麻海,麻己,麻三,麻実,麻水,麻美,麻未,麻魅,麻巳,眞実,眞美,眞巳,茉己,茉実,茉美,茉巳
まみえ,mamie,真実恵,真実江,真実枝,真美愛,真美栄,真美絵,真美恵,真美江,真美枝,真美惠,磨美絵,磨美恵,麻美恵,麻美江,麻未枝,万見衣,万実恵,万美絵,万美恵,万美江,満美愛,満美恵,満美江,眞美恵,眞美枝
まみお,mamio,真実生,麻実緒,麻未央
まみか,mamika,真湖香,真実花,真美佳,真美加,真美花,真美香,真未香,麻美夏,麻美花,麻美香
まみこ,mamiko,愛美子,雅美子,昌充子,昌美子,慎実子,真愛子,真允子,真海子,真観子,真規子,真見子,真現子,真己子,真三子,真視子,真実香,真充子,真水子,真生子,真聖子,真美子,真望子,真満子,真味子,真未子,真巳子,舞美子,摩実子,摩美子,摩未子,磨実子,磨美子,磨未子,磨巳子,麻海子,麻三子,麻実子,麻珠子,麻水子,麻美子,麻峰子,麻望子,麻味子,麻未子,麻巳子,麻民子,麻弥子,槙美子,末実子,麿巳子,万海子,万見子,万視子,万実子,万美子,万魅子,万弥子,満見子,満実子,満美子,満味子,眞規子,眞見子,眞己子,眞実子,眞美子,眞未子,眞巳子,茉允子,茉実子,茉美子,茉未子,萬美子
まみな,mamina,真実奈,真美菜,真美奈,真未菜,舞美奈,麻実奈,麻美奈,麻未奈
まみみ,mamimi,真美々
まみよ,mamiyo,真美世,真美代,麻美世,麻美代,眞美代
まや,maya,真綾,真夜,真耶,真弥,真矢,舞耶,舞弥,摩矢,磨耶,磨矢,麻夜,麻耶,麻矢,満矢,茉矢
まやか,mayaka,真哉香,真弥華,真矢佳,麻也佳,麻也香,麻耶佳,麻耶香
まやこ,mayako,真綾子,真彩子,真也子,真耶子,真弥子,真矢子,摩哉子,摩夜子,摩耶子,摩弥子,摩矢子,磨也子,麻妥子,麻谷子,麻那子,麻也子,麻耶子,麻弥子,麻矢子,麿也子,万哉子,万野子,万弥子,万矢子,満哉子,満也子,眞也子,眞矢子,眞彌子,茉耶子
まやな,mayana,真也奈
まやの,mayano,真也乃,麻耶乃,麻矢乃
まやみ,mayami,麻矢美,満弥美
まゆ,mayu,真結,真優,真友,真悠,真有,真由,真祐,真裕,真遊,真夕,真侑,真迪,舞優,舞友,舞悠,舞由,舞祐,舞夕,摩祐,麻結,麻唯,麻優,麻友,麻悠,麻由,麻祐,麻裕,麻邑,麻夕,麻侑,末悠,繭,茉結,茉優,茉友,茉悠,茉夕,茉侑,茉迪
まゆう,mayu,真優,真悠,真有,真由,真裕,真夕,麻佑,麻優,麻友,麻悠,麻由,麻祐,麻遊,麻夕,眞優
まゆえ,mayue,真結枝,真由江
まゆか,mayuka,雅有加,実優佳,真郁佳,真優可,真優香,真友加,真友香,真悠華,真有佳,真有香,真由伽,真由佳,真由加,真由夏,真由歌,真由花,真由華,真由圭,真由香,真祐香,真裕佳,真裕香,真夕佳,真侑香,磨有香,麻結花,麻結香,麻優香,麻友佳,麻友夏,麻友果,麻友香,麻悠香,麻有佳,麻有加,麻有果,麻有香,麻由佳,麻由加,麻由果,麻由花,麻由華,麻由賀,麻由桂,麻由香,麻祐香,麻裕佳,麻夕香,末佑佳,繭郁,繭佳,繭加,繭可,繭夏,繭花,繭華,繭菓,繭香,万友佳,万友香,万由佳,万由加,万由花,万由香,眞有香,眞由香,茉佑華,茉由加,茉由香,茉祐花,茉侑佳
まゆき,mayuki,真雪,真由季,真由紀,舞雪
まゆこ,mayuko,真結子,真愉子,真唯子,真佑子,真優子,真友子,真悠子,真有子,真柚子,真由子,真祐子,真裕子,真夕子,真侑子,舞雪子,舞佑子,舞優子,舞由子,舞夕子,摩佑子,摩優子,摩有子,摩由子,摩夕子,磨有子,磨由子,磨祐子,磨裕子,麻結子,麻唯子,麻佑子,麻優子,麻友子,麻悠子,麻有子,麻由子,麻祐子,麻裕子,麻夕子,麻容子,麻侑子,繭子,万結子,万佑子,万優子,万友子,万悠子,万有子,万由子,万祐子,万裕子,万侑子,満佑子,満優子,満有子,満由子,満祐子,満裕子,満侑子,優結子,眞弓子,眞優子,眞友子,眞悠子,眞有子,眞由子,眞裕子,茉結子,茉優子,茉友子,茉悠子,茉有子,茉由子,茉裕子
まゆな,mayuna,真佑奈,真優菜,真由奈,麻唯菜,麻優菜,麻友奈,麻由奈,繭奈,万友奈,万由那,茉由奈
まゆの,mayuno,真由乃,繭乃
まゆほ,mayuho,万友帆
まゆみ,mayumi,昌由美,真弓,真結実,真結美,真佑美,真優美,真友美,真悠美,真有美,真由実,真由美,真祐美,真裕実,真裕美,真夕美,摩弓,摩佑美,摩有美,摩由美,摩裕美,磨依美,磨由美,磨祐美,磨裕美,麻弓,麻弓美,麻結実,麻結美,麻佑実,麻佑美,麻優美,麻友実,麻友美,麻悠美,麻有美,麻柚美,麻由美,麻祐美,麻裕美,麻夕美,繭美,茉佑美,茉友美,茉由実,茉由美,茉裕美,茉侑美
まよ,mayo,万葉
まよこ,mayoko,真代子
まよみ,mayomi,真世巳,真代美,真由美
まり,mari,鞠,真利,真梨,真理,真璃,真里,真莉,摩李,摩梨,摩理,摩里,摩莉,磨利,磨理,磨里,麻利,麻梨,麻理,麻里,麻莉,末利,万梨,万理,万璃,万莉,満梨,満理,満里,茉利,茉吏,茉李,茉梨,茉理,茉里,茉莉
まりあ,maria,鞠亜,真理愛,真理麻,万里愛
まりあん,marian,毬庵
まりい,mari,鞠依
まりえ,marie,真利絵,真利恵,真利江,真利枝,真李江,真梨絵,真梨恵,真梨江,真梨枝,真理愛,真理依,真理映,真理栄,真理英,真理絵,真理恵,真理江,真理枝,真理苗,真璃絵,真里依,真里衣,真里栄,真里絵,真里恵,真里江,真里枝,真莉栄,真莉英,真莉絵,真莉恵,真莉江,真莉惠,舞梨絵,摩利絵,摩利恵,摩利江,摩利枝,摩里恵,磨利依,磨梨枝,磨理絵,磨理恵,磨里恵,磨莉絵,麻杏絵,麻織恵,麻利衣,麻利栄,麻利絵,麻利恵,麻利江,麻利枝,麻吏恵,麻吏江,麻李衣,麻李恵,麻梨依,麻梨衣,麻梨絵,麻梨恵,麻梨江,麻理依,麻理衣,麻理栄,麻理英,麻理絵,麻理恵,麻理江,麻理枝,麻璃絵,麻里瑛,麻里英,麻里絵,麻里恵,麻里江,麻里枝,麻莉恵,麻莉枝,万利絵,万利恵,万吏恵,万吏江,万梨恵,万理絵,万理恵,万理枝,万里恵,万里慧,万里江,万莉恵,万莉枝,満李衣,満理絵,満理恵,満理枝,満里衣,満里絵,満里恵,満里江,満里枝,満里笑,満莉恵,眞利恵,眞梨江,眞理栄,眞理絵,眞理恵,眞理江,眞理枝,眞璃恵,眞里衣,眞里絵,眞里恵,眞里江,眞里枝,眞莉恵,茉利絵,茉利恵,茉利江,茉利枝,茉李枝,茉梨衣,茉梨絵,茉理衣,茉理惠,茉里栄,茉里絵,茉里恵,茉莉依,茉莉衣,茉莉絵,茉莉恵,茉莉江,茉莉枝
まりか,marika,真梨夏,真梨花,真梨華,真梨香,真理佳,真理歌,真理花,真理華,真理香,真里佳,真里加,真里果,真里花,真里香,摩利果,摩梨花,摩梨香,摩理香,摩莉佳,摩莉香,磨利香,磨理香,麻利加,麻利華,麻利香,麻梨夏,麻梨果,麻梨花,麻梨華,麻梨香,麻理佳,麻理加,麻理花,麻理香,麻里佳,麻里加,麻里夏,麻里花,麻里華,麻里香,末利花,末利華,末莉香,万利佳,万里佳,万里加,万里花,万里華,万里香,万莉佳,満理華,満里香,毬花,茉利香,茉梨加,茉梨花,茉梨香,茉理香,茉里佳,茉里香,茉莉佳,茉莉花,茉莉樺,茉莉香
まりこ,mariko,真梨子,真理子,真璃子,真里子,真莉子,摩利子,摩吏子,摩梨子,摩理子,摩里子,摩莉子,磨莉子,麻利子,麻吏子,麻李子,麻梨子,麻理子,麻璃子,麻里子,麻倫子,麻莉子,末利子,末里子,麿利子,麿里子,万埋子,万利子,万吏子,万李子,万梨子,万理子,万璃子,万里子,万律子,万倫子,万麗子,万莉子,満利子,満梨子,満理子,満里子,満倫子,毬子,茉利子,茉梨子,茉理子,茉璃子,茉里子,茉倫子,茉莉子,萬理子,萬里子
まりさ,marisa,真梨紗,真理沙,真理彩,真理紗,真理妙,真里沙,魔理沙,麻利沙,麻梨沙,麻梨紗,麻理沙,麻里沙,麻里紗,万梨紗,万里沙,茉莉沙
まりな,marina,鞠奈,真利菜,真利奈,真利那,真李菜,真李奈,真梨菜,真梨奈,真理菜,真理奈,真理那,真璃菜,真璃奈,真里菜,真里奈,真里那,真伶梨,真莉菜,真莉奈,真莉那,摩利奈,摩梨奈,摩理奈,磨里奈,麻利菜,麻李菜,麻梨菜,麻梨奈,麻理菜,麻理奈,麻璃奈,麻里菜,麻里奈,麻里那,麻莉菜,麻莉奈,麿里奈,万利奈,万梨菜,万理菜,万理奈,万里菜,万里奈,万里那,万莉菜,万莉奈,万莉捺,満梨菜,満梨奈,満理奈,満里菜,満里奈,茉梨菜,茉梨奈,茉理奈,茉里奈,茉莉菜,茉莉奈,茉莉那,萬理奈
まりね,marine,万里音,茉莉音
まりの,marino,鞠乃,真合乃,真梨乃,真理乃,真里乃,真莉乃,舞梨乃,摩里乃,磨里乃,麻梨乃,麻理乃,麻里乃,麻莉乃,万梨乃,万理乃,万里乃,万莉乃,満理乃,茉利乃,茉梨乃,茉里乃,茉莉乃
まりほ,mariho,真里帆,麻利帆,麻里帆,毬帆,毬穂
まりみ,marimi,真理美,麻理美,万理美,万里美,茉莉美
まりも,marimo,真理萌,毬裳
まりよ,mariyo,真利依,真理世,真理代,真里世,真里代,磨利代,麻利代,麻里代,万利代,万里世,万里代,毬代,眞理代,眞里代
まりりん,maririn,毬林
まりん,marin,真凛,舞林
まるえ,marue,丸恵
まるこ,maruko,丸子
まるな,maruna,真瑠奈
まるみ,marumi,円美,丸美,真留美,真瑠美,麻瑠美,満留美,茉留美
まるも,marumo,麻留萌
まれあ,marea,真礼亜
まれい,marei,舞礼
まれみ,maremi,稀美
みあ,mia,未亜
みあい,miai,深愛,美愛
みい,mi,美依
みいく,miku,美郁
みいこ,miko,美以子,美依子,美意子,美衣子
みいな,mina,美衣奈
みう,miu,実羽,美羽,美雨,美卯,美海
みうこ,miuko,美卯子,美有子
みえ,mie,三枝,三重,美愛,美衣,美映,美栄,美永,美瑛,美英,美詠,美絵,美恵,美江,美枝,美笑,美惠,望愛,望恵,望江,未衣,未映,未栄,未瑛,未英,未絵,未恵,未江,未枝,未笑,未惠,巳絵,巳恵,妙栄,妙恵,弥恵,弥江,弥枝
みえい,miei,美影
みえこ,mieko,見栄子,見恵子,見江子,見枝子,己恵子,御恵子,光衣子,光映子,光栄子,光江子,光枝子,三衣子,三映子,三栄子,三永子,三英子,三詠子,三絵子,三恵子,三慧子,三江子,三枝子,三重子,三乃子,三惠子,実映子,実永子,実英子,実絵子,実恵子,実江子,実枝子,実重子,身依子,身衣子,身江子,水映子,水枝子,美愛子,美依子,美衣子,美映子,美栄子,美永子,美瑛子,美英子,美詠子,美画子,美会子,美絵子,美恵呼,美恵子,美慧子,美江子,美枝子,美重子,美笑子,美惠子,巳恵子,巳江子,巳惠子,弥永子,弥恵子,弥江子
みえはる,mieharu,見栄晴
みえる,mieru,美恵留
みお,mio,希緒,三緒,三生,実央,実桜,水緒,美緒,美織,未央,未緒,未織,澪
みおう,miou,美桜,美凰
みおか,mioka,美緒香,澪夏
みおこ,mioko,三緒子,三織子,実緒子,美桜子,美緒子,美織子
みおな,miona,美音奈,未央奈,澪菜,澪奈
みおの,miono,美緒乃,未緒乃
みおり,miori,美央里,美桜里,美緒理,美緒里,美織,美織里,未央里,未織,未尾梨
みおん,mion,海音,美音
みか,mika,三佳,三嘉,三夏,三果,三歌,三花,三華,三香,実加,実花,水夏,美伽,美佳,美加,美嘉,美夏,美歌,美花,美華,美香,未佳,未果,未華
みかえ,mikae,美佳枝,美加恵,美加江,美夏江,美果恵,美香絵,美香恵,美香江,美香枝
みかお,mikao,美香緒
みかげ,mikage,美景
みかこ,mikako,見佳子,三佳子,三夏子,三歌子,三花子,三華子,三香子,実夏子,実果子,実歌子,実花子,美佳子,美嘉子,美夏子,美果子,美歌子,美花子,美華子,美香子
みかさ,mikasa,美笠
みかぜ,mikaze,美風
みかほ,mikaho,三香帆,実香穂,美佳穂,美加穂,美香穂
みかよ,mikayo,三佳代,実佳代,実香代,美佳世,美佳代,美香代
みかり,mikari,三佳里,美佳里,美加里,美加莉,美夏里,美花理,美香梨,美香理,美香里,未佳梨
みかん,mikan,実菅,蜜柑
みき,miki,三希,三季,三稀,三紀,実岐,実希,実季,実樹,実姫,美希,美稀,美紀,美埼,美樹,美妃,美姫,未稀
みきえ,mikie,幹恵,幹江,幹枝,美喜絵,美喜恵,美喜江,美喜枝,美希衣,美希絵,美希恵,美希江,美希枝,美季江,美季枝,美紀絵,美紀恵,美紀江,美紀枝,美貴絵,美貴恵,美貴江
みきこ,mikiko,幹子,己紀子,光希子,光季子,三喜子,三樹子,三生子,実希子,実季子,実貴子,実樹子,実妃子,美喜子,美希子,美季子,美紀子,美樹子,美妃子,美姫子,未希子,未季子,未輝子,未来子,未來子
みきな,mikina,三紀奈,美岐奈,美紀菜,美紀奈,美貴奈
みきの,mikino,美喜乃,美樹乃
みきほ,mikiho,幹穂,美紀穂,未希帆
みきよ,mikiyo,幹世,幹代,三希代,三季代,三紀代,三樹代,美喜代,美希代,美紀代,美規代,美記代,美貴代,美輝代,美樹代
みぎわ,migiwa,汀
みく,miku,実空,美雲,美久,美玖,美紅,美来,美來,未久,未玖,未来,未來
みくも,mikumo,実久萌,美雲
みこ,miko,美湖,美子
みこと,mikoto,美琴,美古都
みさ,misa,海沙,見紗,美佐,美唆,美沙,美瑳,美砂,美彩,美冴,美紗,美抄,未佐,未瑳,未砂,未彩,未咲,未紗
みさえ,misae,三佐枝,三咲絵,三咲江,美佐栄,美佐絵,美佐恵,美佐江,美佐枝,美沙衣,美沙絵,美沙恵,美沙江,美沙枝,美砂絵,美砂恵,美砂江,美砂枝,美冴,美咲絵,美咲江,美咲枝,美作恵,美作江,美紗愛,美紗絵,美紗慧,美紗枝,美小枝,美抄絵,美早恵,美早江
みさお,misao,操,操緒,操生,美沙於,美操,未沙緒
みさき,misaki,三咲,三咲紀,実沙季,実沙樹,実咲,美沙祈,美沙季,美沙稀,美沙紀,美沙記,美沙輝,美沙樹,美沙妃,美沙姫,美砂希,美砂紀,美彩紀,美彩樹,美冴紀,美咲,美紗希,美紗季,美紗稀,美紗紀,美紗貴,美紗樹,美紗姫,未沙樹,未紗希,未紗季,未紗稀,未紗樹
みさぎ,misagi,美鷺
みさこ,misako,三佐子,三沙子,三砂子,三咲子,三紗子,美佐子,美沙子,美砂子,美冴子,美咲子,美紗子
みさと,misato,美慧,美砂登,美聡,美里
みさほ,misaho,実咲穂
みさよ,misayo,三佐代,三沙代,美佐代,美沙代,美砂代,美彩代,美紗代,美小夜
みすず,misuzu,三鈴,美錫,美珠寿,美寿々,美涼,美鈴,未鈴
みずえ,mizue,水絵,瑞絵,瑞恵,瑞江,瑞枝,美津江,美都恵
みずお,mizuo,瑞緒,瑞生
みずか,mizuka,瑞果,瑞華,瑞香
みずき,mizuki,水紀,水輝,瑞妃
みずな,mizuna,瑞奈
みずね,mizune,瑞音
みずの,mizuno,瑞乃
みずほ,mizuho,水穂,瑞穂
みずも,mizumo,水萌
みずり,mizuri,瑞里
みその,misono,美園,美苑
みそら,misora,美空,美宙
みたび,mitabi,美旅
みち,michi,径,迪
みちえ,michie,見智恵,三千絵,三千恵,三千江,三千枝,三知恵,三知江,三智恵,三智江,三智枝,実智恵,充恵,充江,宙恵,通衣,通恵,通江,通枝,典恵,典江,典枝,道絵,道恵,道江,美千恵,美千枝,美千惠,美知恵,美知江,美知枝,美知惠,美智絵,美智恵,美智江,美智枝,峰千恵,満絵,満恵,満江,未智江,路絵,路恵,路江,路枝,迪恵,迪慧
みちか,michika,海愛,見知香,三千佳,三千夏,三千華,三千香,三智香,充加,充香,美愛,美千佳,美千加,美千花,美千香,美千翔,美知佳,美知加,美知香,美地香,美智佳,美智加,美智華,美智香
みちこ,michiko,見知子,見智子,光知子,光智子,三千子,三知子,三智子,美千子,美知子,美智子
みちね,michine,倫音
みちの,michino,径乃,実千乃,美千乃
みちよ,michiyo,三智代,美千代,満知代,倫世,倫代,迪代
みちる,michiru,径留,三千留,美千琉,美知瑠,未千流
みつ,mitsu,三津,美都,蜜
みつえ,mitsue,光絵,光恵,光江,光枝,光重,三津恵,三津江,三津枝,美杖,美津絵,美津恵,美津江,美津枝,美都絵,美都恵,美都江,美都枝,満絵,満恵,満江,満枝
みつか,mitsuka,光佳,光夏,光花,光華,光香,美津佳,美津香,美都香
みつき,mitsuki,光季,深月,美月
みつこ,mitsuko,光子,光虹,三津子,三都子,美津子,美都子,美律子,満子
みつせ,mitsuse,光星
みつの,mitsuno,美津乃,美都乃
みつは,mitsuha,光葉
みつほ,mitsuho,満帆
みつみ,mitsumi,光海,美摘
みつよ,mitsuyo,光世,光代,貢代,三津代,三都代,美津代,美都代,満代
みつる,mitsuru,美鶴
みづえ,mizue,瑞絵,瑞江,瑞枝
みづか,mizuka,瑞佳,瑞花,瑞華,瑞香,美津香
みづき,mizuki,瑞希,瑞季,瑞稀,瑞紀,瑞樹,瑞姫,美津樹,美津姫
みづほ,mizuho,瑞帆,瑞穂
みと,mito,水都,美兎,美斗,美登,美都
みどり,midori,翠,翠里,美鳥,美登利,碧,緑
みどりこ,midoriko,翠子
みな,mina,海菜,海奈,見奈,三奈,実菜,美菜,美奈,美那,未菜,未奈
みなえ,minae,三奈絵,三奈恵,三奈江,三奈枝,美菜恵,美奈愛,美奈栄,美奈絵,美奈恵,美奈江,美奈枝,美奈重,美那恵,美那枝,美波恵,美苗,美名恵
みなお,minao,美奈緒
みなき,minaki,美奈樹
みなこ,minako,海夏子,海菜子,海奈子,海南子,皆子,皆奈子,幹奈子,見菜子,見奈子,三奈子,水菜子,美菜子,美奈子,美那子,美南子,美楠子,美波子,美名子
みなつ,minatsu,美夏
みなと,minato,湊
みなほ,minaho,三奈穂,南帆,南穂,美菜穂,美奈帆,美奈保,美奈穂,美那穂,美苗穂
みなみ,minami,三奈美,南,南美,美南,美南海
みなよ,minayo,美奈代
みにい,mini,美新
みにゅう,minyu,美紐
みね,mine,実音,美峯
みねこ,mineko,美稲子,峰子,峯子
みの,mino,美乃,美埜
みのり,minori,実乃李,実乃里,実乃莉,美憲,美乃利,美乃理,未乃梨,未乃里
みはる,miharu,美春,美晴
みひろ,mihiro,美尋
みふえ,mifue,美笛
みふね,mifune,美舟
みふゆ,mifuyu,深冬,美冬,美風優
みほ,miho,海帆,見帆,三穂,実歩,美帆,美保,美穂,美蓬,美頬,未穂
みほか,mihoka,美帆香,美保加,美穂香,望帆伽
みほこ,mihoko,海帆子,見帆子,三穂子,三邦子,実芳子,水帆子,美保子,美穂子
みほし,mihoshi,美星
みほな,mihona,美保奈,美穂奈
みほよ,mihoyo,美保代,美穂代
みほり,mihori,美歩梨
みほろ,mihoro,美幌
みまり,mimari,美麻里
みみ,mimi,美海,美実,美々
みめい,mimei,未明
みも,mimo,美望,未萌
みもざ,mimoza,美萌沙
みもり,mimori,美森,美萌里
みや,miya,美耶
みやか,miyaka,雅香,美弥香,美矢香
みやこ,miyako,南椰子,美綾子,美弥子,未耶子
みやび,miyabi,雅
みゆ,miyu,三結,三侑,実結,実優,実友,実由,実祐,水優,美結,美夢,美唯,美佑,美優,美友,美悠,美憂,美有,美柚,美由,美祐,美裕,美侑,美瑜,望結,望夢,望有,望由,未緩,未夢,未佑,未優,未悠,未有,未由,未祐,未裕,未侑,弥夢,弥有,弥由,弥侑
みゆう,miyu,実優,実悠,実由,実祐,心優,美結,美優,美友,美悠,美憂,美有,美祐,美夕雨,美侑,未佑,未優,未悠,未憂,未有,未侑
みゆき,miyuki,海弓希,幸,深雪,美幸,美雪,美由紀,美夕紀
みゆこ,miyuko,三愉子,三優子,三祐子,美唯子,美友子,美悠子,美有子,美由子,美裕子,未諭子
みゆな,miyuna,美由奈
みゆり,miyuri,美百合,美由里,美祐里
みよ,miyo,美代,美葉
みよう,miyou,美陽
みよか,miyoka,美世香,美代加
みよこ,miyoko,見依子,見容子,美好子,美代子,美夜子,美庸子,美葉子,美蓉子
みら,mira,美羅
みらい,mirai,未来,未來
みらの,mirano,美良野,未来乃
みらん,miran,未蘭
みり,miri,実梨
みりえ,mirie,美里映
みりか,mirika,美梨香,未莉佳
みりこ,miriko,美利子,美理子,美里子
みりな,mirina,美里奈
みりゅう,miryu,美笠
みる,miru,美留,美瑠
みるい,mirui,美類
みるむ,mirumu,美留夢
みれい,mirei,美怜,美玲
みれな,mirena,実玲奈,美玲奈
みろ,miro,美蕗
みわ,miwa,実和,美羽
みわこ,miwako,美環子
みんと,minto,民都
むうあ,mua,夢宇愛
むえん,muen,夢苑
むぎこ,mugiko,麦子
むぎほ,mugiho,麦帆,麦穂
むく,muku,椋
むくみ,mukumi,椋美
むじか,mujika,夢路花
むつえ,mutsue,睦絵,睦恵,睦江,睦枝
むつき,mutsuki,睦月
むつこ,mutsuko,睦子
むつな,mutsuna,睦奈
むつの,mutsuno,睦乃
むつほ,mutsuho,睦穂
むつみ,mutsumi,睦美,夢津美,陸奥美
むつよ,mutsuyo,睦代
むね,mune,霧寧
むねこ,muneko,宗根子,宗子
むねよ,muneyo,宗代
むみ,mumi,夢見
むゆう,muyu,夢優
めあり,meari,芽亜里
めい,mei,芽依,明衣
めいあ,meia,明愛
めいか,meika,明夏
めいさ,meisa,冥沙
めいな,meina,芽衣南
めいら,meira,明羅
めいらん,meiran,明蘭
めいる,meiru,明瑠
めき,meki,芽紀
めぐ,megu,芽久
めぐみ,megumi,恵
めばえ,mebae,芽生,萌
めぶき,mebuki,芽吹
めみ,memi,芽美
めもり,memori,芽萌里
めゆ,meyu,芽優
めゆる,meyuru,芽佑瑠
めり,meri,芽里
めりい,meri,芽里依
めりさ,merisa,芽莉紗
める,meru,芽留
めるも,merumo,芽留萌
めんか,menka,綿花
もあ,moa,萌亜,望亜
もい,moi,萌意
もえ,moe,萌,萌依
もえか,moeka,萌夏,萌果,萌歌,萌花,萌華,萌霞,萌香
もえぎ,moegi,萌黄
もえこ,moeko,萌衣子,萌絵子,萌恵子,萌子,茂英子,茂恵子
もえな,moena,萌菜,萌奈
もえの,moeno,萌乃
もえみ,moemi,萌美
もえり,moeri,萌里
もか,moka,萌花,萌香
もこ,moko,萌子
もと,moto,望都
もとか,motoka,幹佳,元香
もとこ,motoko,基子,素子
もとの,motono,基乃
もとみ,motomi,基美,求美
もとよ,motoyo,基代,元世,元代
もな,mona,萌奈
もなこ,monako,萌菜子,茂奈子
もなみ,monami,萌菜美,萌那美
もにか,monika,萌仁歌
もね,mone,萌音
もみ,momi,萌美,籾
もみじ,momiji,椛,紅葉,萌美路
もも,momo,桃,萌々
ももえ,momoe,桃恵,桃江,桃枝,百恵,百江,百枝,萌々恵
ももか,momoka,桃佳,桃夏,桃果,桃歌,桃花,桃華,桃香,百佳,百加,百夏,百花,百華,百香,萌々果
ももこ,momoko,桃子
ももな,momona,桃菜,桃奈,百菜,百奈,百那
ももね,momone,桃音,百音
ももの,momono,桃乃,百乃
ももは,momoha,桃羽
ももみ,momomi,桃美,百美
ももよ,momoyo,桃代
もよこ,moyoko,茂代子
もり,mori,萌里
もりえ,morie,萌里絵
もりの,morino,萌里乃
もりみ,morimi,守美,森実,杜美
もわ,mowa,萌和
もんか,monka,紋香
やあや,yaya,耶綾
やいさ,yaisa,弥衣紗
やえ,yae,八愛,八映,八栄,八英,八絵,八恵,八江,八枝,八重,夜永,耶衣,耶絵,耶恵,弥依,弥映,弥栄,弥永,弥英,弥央,弥絵,弥恵,弥江,弥枝,弥重,椰恵
やえか,yaeka,八枝佳,八重佳,八重香,夜絵華,弥恵花
やえこ,yaeko,八依子,八衣子,八栄子,八絵子,八恵子,八江子,八枝子,八重子,八惠子,弥衣子,弥栄子,弥永子,弥英子,弥会子,弥絵子,弥恵子,弥江子,弥重子,矢映子,矢恵子,矢江子,矢枝子,彌惠子
やえな,yaena,八重菜,八重奈
やえの,yaeno,八重乃,弥栄乃,弥絵乃
やえみ,yaemi,八栄美,八恵美,八重美,弥恵美,矢恵美,椰笑
やおね,yaone,八緒音
やおり,yaori,弥織
やこ,yako,弥子
やさ,yasa,椰紗
やすえ,yasue,安映,安恵,安江,安枝,安重,安笑,康絵,康恵,康江,康枝,泰恵,泰江,泰枝,保恵,保江,保枝,靖愛,靖栄,靖絵,靖恵,靖江,靖枝,悠恵,悠江,庸絵,庸恵,庸江
やすか,yasuka,安香,安翔,恭佳,恭加,恭花,恭香,康佳,康夏,康花,康華,康香,泰佳,泰加,泰果,泰花,泰華,泰香,保佳,保夏,保香,靖佳,靖果,靖香
やすこ,yasuko,安子,康子,泰子,八州子,八洲子,耶須子,弥寿子,弥寸子,矢珠子,靖子
やすな,yasuna,安奈,泰菜,泰奈,泰那,保奈,靖菜,靖奈
やすの,yasuno,康乃,泰乃,保乃,靖乃
やすは,yasuha,恭葉,康葉,泰羽,泰巴,泰葉,靖葉
やすほ,yasuho,恭穂,康歩,泰帆,泰歩,泰穂,保帆,保穂
やすみ,yasumi,安美,穏美,恭美,康美,泰海,泰水,泰美,保美,靖美
やすよ,yasuyo,安世,安代,恭世,恭代,康世,康代,康夜,泰世,泰代,保代,靖世,靖代
やちえ,yachie,八千恵,八千江,八千惠,弥千絵,弥千恵,弥智絵,弥智恵
やちお,yachio,八千緒
やちか,yachika,八千花
やちこ,yachiko,八千子,八知子,矢知子
やちほ,yachiho,八千穂
やちみ,yachimi,八千美
やちよ,yachiyo,八千世,八千代,八知代,八智代,也千代,弥千代,弥智代,矢千代,矢知代,矢智代
やつき,yatsuki,耶月
やつこ,yatsuko,谷津子,八津子,也都子,弥津子
やつみ,yatsumi,八津美,八美,耶摘,弥津美
やな,yana,也奈,耶菜,耶奈,矢奈
やなえ,yanae,柳恵
やなぎ,yanagi,楊
やなこ,yanako,弥奈子
やなせ,yanase,耶奈瀬
やなみ,yanami,柳美
やひろ,yahiro,矢尋
やほこ,yahoko,八保子,八穂子
やまね,yamane,弥麻音
やや,yaya,耶々
ややこ,yayako,也耶子
やゆ,yayu,弥結
やゆみ,yayumi,弥由美
やゆり,yayuri,八百合,彌百合
やよい,yayoi,弥生
やより,yayori,耶依
ゆあ,yua,結愛,夢愛,由亜
ゆあい,yuai,結愛
ゆあさ,yuasa,優亜沙
ゆあな,yuana,優亜菜
ゆあん,yuan,唯杏,優杏
ゆい,yui,惟衣,維衣,結以,結依,結惟,結衣,夢衣,唯,唯以,唯伊,唯依,唯衣,唯似,佑依,佑威,佑惟,佑衣,佑唯,優以,優伊,優依,優惟,優維,優衣,優郁,優似,優生,優唯,友以,友依,友惟,友維,友衣,友郁,友唯,悠以,悠依,悠惟,悠衣,憂衣,有以,有依,有衣,有似,有唯,由依,由偉,由委,由惟,由維,由衣,祐以,祐依,祐衣,祐里,裕以,裕伊,裕依,裕惟,裕衣
ゆいえ,yuie,有衣絵
ゆいか,yuika,結衣香,結佳,結加,唯佳,唯加,唯嘉,唯夏,唯歌,唯花,唯華,唯香,優依華,友以佳,由依加,由衣加,由衣香,由比佳,侑依香
ゆいこ,yuiko,結依子,結衣子,結子,唯子,佑依子,佑委子,佑衣子,佑似子,優衣子,友以子,友依子,友惟子,友衣子,友比子,悠依子,悠衣子,有以子,有伊子,有依子,有為子,有衣子,有比子,有唯子,由以子,由依子,由威子,由意子,由維子,由衣子,由壱子,由似子,由比子,由佑子,由倭子,祐以子,祐衣子,裕以子,裕依子,裕衣子,裕比子,夕衣子,侑衣子
ゆいな,yuina,結菜,結奈,結那,唯菜,唯奈,唯那,佑衣奈,優衣奈,友衣菜,友衣奈,有衣奈,由依奈,由衣奈,由菜,由奈,夕衣奈,夕比奈
ゆいね,yuine,結音
ゆいの,yuino,惟乃,結乃,唯乃,悠乃,由乃,由比乃
ゆいほ,yuiho,唯帆,唯歩
ゆいみ,yuimi,結美,唯美
ゆいり,yuiri,結梨,結莉,唯梨,唯里,由比理
ゆう,yu,結羽,佑羽,優,優有,憂,由布,夕雨,侑
ゆうあ,yua,優亜,優愛
ゆうか,yuka,佑夏,佑果,佑華,佑桂,佑香,優伽,優佳,優加,優夏,優果,優歌,優花,優華,優香,友佳,友加,友嘉,友夏,友果,友歌,友花,友華,友香,悠佳,悠加,悠可,悠夏,悠花,悠華,悠香,憂香,有佳,有夏,有歌,有花,有華,有桂,有香,柚香,由卯花,由布佳,由布加,由布香,祐佳,祐加,祐可,祐夏,祐歌,祐花,祐華,祐賀,祐香,祐有香,裕香,遊香,侑加,侑花,侑香
ゆうき,yuki,佑季,悠紀,夕紀
ゆうこ,yuko,結子,佑子,優湖,優子,勇子,友子,悠子,悠生子,憂子,憂佑子,有羽子,有子,有生子,由右子,由有子,由侑子,祐子,裕子,夕羽子,夕子,侑子,侑生子
ゆうな,yuna,結菜,結奈,佑菜,佑奈,佑那,優菜,優奈,優那,優南,友菜,友奈,悠菜,悠奈,悠那,憂奈,有菜,有奈,有那,有梨,由菜,由奈,由那,由布奈,由布那,祐菜,祐奈,祐那,裕菜,裕奈,夕羽奈,夕菜,夕渚,夕奈,夕那,侑菜,侑奈,侑那
ゆうの,yuno,結乃,優乃,悠乃,由乃,夕乃
ゆうは,yuha,優羽,優葉,夕羽,夕葉
ゆうひ,yuhi,優妃,悠妃,夕陽
ゆうほ,yuho,佑穂,優帆,優保,優歩,優穂,勇歩,友穂,悠帆,悠歩,悠甫,悠穂,有歩,有穂,由帆,由歩,由穂,祐歩,祐穂,裕歩,裕甫,裕穂,遊帆,遊歩,遊穂,雄帆,雄保,雄歩,夕帆,夕歩,夕穂
ゆうみ,yumi,結美,佑美,優海,優美,優友美,優有美,悠美,憂美,有美,由宇美,由羽美,祐美,夕実,夕美,侑美
ゆうめ,yume,悠芽
ゆうゆ,yuyu,優唯
ゆうゆう,yuyu,悠々
ゆうら,yura,由楽
ゆうり,yuri,佑理,佑里,佑莉,優利,優梨,優理,優璃,優里,優來,友利,友李,友梨,友理,友里,悠宇理,悠有里,悠理,悠里,悠莉,憂里,有梨,有理,有璃,有里,有莉,由佑吏,由有理,由梨,由理,由里,由莉,祐利,祐吏,祐梨,祐理,祐里,裕梨,裕理,裕璃,裕里,遊理,雄理,夕里,侑李,侑理,侑里,侑莉
ゆえ,yue,夕映
ゆか,yuka,結佳,結加,結夏,結果,結花,結華,唯佳,唯加,唯歌,唯花,唯華,唯香,佑佳,佑加,佑嘉,佑夏,佑果,佑架,佑歌,佑花,佑華,佑香,優佳,優加,優嘉,優夏,優歌,優花,優香,友伽,友佳,友加,友可,友夏,友果,友架,友歌,友花,友華,友香,悠佳,悠加,悠嘉,悠夏,悠果,悠歌,悠花,悠華,悠香,悠楓,悠梨,悠崋,憂佳,憂夏,憂華,憂香,有伽,有佳,有加,有嘉,有夏,有果,有架,有花,有華,有香,柚伽,柚佳,柚花,柚香,由郁,由佳,由加,由嘉,由夏,由果,由架,由歌,由花,由華,由霞,由香,祐佳,祐加,祐可,祐嘉,祐夏,祐果,祐歌,祐花,祐華,祐圭,祐香,裕佳,裕加,裕嘉,裕花,裕香,夕霞,侑伽,侑佳,侑加,侑夏,侑果,侑花,侑華,侑香
ゆかえ,yukae,友佳絵,友佳恵,友香枝,有佳恵,由華恵,由香栄,由香絵,裕加江
ゆかこ,yukako,結佳子,結夏子,結花子,結華子,結香子,唯可子,佑佳子,佑加子,佑可子,佑嘉子,佑果子,佑歌子,佑香子,優佳子,優加子,優嘉子,優歌子,優花子,優華子,優香子,友佳子,友加子,友嘉子,友夏子,友果子,友架子,友歌子,友花子,友華子,友香子,悠佳子,悠夏子,悠果子,悠花子,悠華子,悠香子,憂伽子,有郁子,有佳子,有加子,有可子,有嘉子,有歌子,有華子,由郁子,由伽子,由佳子,由加子,由嘉子,由夏子,由果子,由歌子,由花子,由華子,由霞子,由雅子,由桂子,由香子,祐佳子,祐加子,祐可子,祐夏子,祐花子,祐賀子,祐香子,裕嘉子,裕夏子,裕架子,裕賀子,裕圭子,裕香子,夕佳子,夕加子,夕夏子,夕花子,夕華子,夕香子,侑加子,侑可子,侑嘉子,侑歌子,侑華子,侑圭子,侑香子
ゆかな,yukana,友加奈,由佳菜,由加奈,由香奈,裕香奈
ゆかの,yukano,友加乃,友架乃,悠加乃,由佳乃,由香乃
ゆかほ,yukaho,友加帆,由香穂
ゆかみ,yukami,友華美,由佳美,由加美,由華美,由香美
ゆかよ,yukayo,友佳代,悠佳世,由佳代,由加代
ゆかり,yukari,弓加利,弓加里,結加利,結加里,結花利,結花梨,結花理,結花里,結圭吏,結圭里,結香利,結香理,結香里,幸加里,幸歌里,幸香里,唯香里,佑佳梨,佑佳理,佑佳里,佑加理,佑加莉,佑花里,佑華里,佑香理,佑香里,優佳利,優佳理,優佳里,優佳倫,優佳莉,優加利,優加理,優加里,優嘉理,優果利,優果里,優花梨,優花里,優圭里,優香利,優香李,優香梨,優香理,優香里,友佳利,友佳梨,友佳理,友佳里,友佳莉,友加利,友加吏,友加梨,友加理,友加里,友加莉,友可里,友嘉吏,友嘉里,友夏梨,友夏理,友夏里,友架理,友歌里,友花梨,友花理,友花里,友華梨,友華里,友香利,友香梨,友香理,友香里,友香莉,悠佳梨,悠佳理,悠佳里,悠加里,悠花梨,悠華里,悠香有,悠香利,悠香梨,悠香理,悠香里,憂佳里,憂華理,有佳利,有佳梨,有佳理,有佳里,有佳倫,有加利,有加理,有加里,有加莉,有夏里,有果里,有果莉,有架里,有歌理,有花李,有花梨,有花里,有華李,有華里,有霞里,有賀里,有雅里,有馨吏,有香利,有香吏,有香梨,有香理,有香里,有香莉,柚加梨,柚香里,由仮利,由何理,由伽里,由佳利,由佳吏,由佳李,由佳梨,由佳理,由佳里,由佳莉,由加有,由加利,由加吏,由加梨,由加理,由加里,由加令,由可利,由可吏,由可理,由可里,由嘉利,由嘉理,由嘉里,由嘉莉,由夏利,由夏理,由夏里,由果利,由果梨,由果理,由果里,由架利,由架梨,由架理,由架里,由歌利,由歌里,由禾里,由花利,由花理,由花里,由華利,由華理,由華里,由賀利,由賀理,由賀里,由雅里,由圭梨,由圭里,由桂里,由香季,由香利,由香吏,由香李,由香梨,由香理,由香里,由香莉,祐何里,祐佳利,祐佳李,祐佳理,祐佳里,祐加理,祐加里,祐嘉里,祐夏理,祐花理,祐花里,祐香利,祐香理,祐香璃,祐香里,裕佳梨,裕佳理,裕佳里,裕加利,裕加理,裕加里,裕可利,裕可李,裕可里,裕花理,裕花里,裕華理,裕圭理,裕圭里,裕香利,裕香梨,裕香理,裕香里,裕芳理,夕佳梨,夕佳理,夕佳里,夕加李,夕加里,夕加律,夕可里,夕嘉里,夕夏梨,夕夏里,夕歌里,夕花里,夕華理,夕薫里,夕圭里,夕香利,夕香理,夕香里,夕香莉,容佳里,浴果里,侑加理,侑花里,侑桂里,侑香里
ゆき,yuki,結紀,幸,幸紀,雪,佑希,佑季,佑紀,佑記,佑妃,佑姫,佑綺,優喜,優希,優季,優紀,優貴,優輝,優妃,優姫,勇紀,勇貴,友葵,友喜,友稀,友紀,友規,友妃,友姫,悠希,悠季,悠紀,悠妃,悠姫,憂紀,憂樹,有岐,有希,有季,有稀,有紀,有妃,有姫,由季,由稀,由紀,由姫,祐喜,祐希,祐季,祐紀,祐妃,祐姫,裕喜,裕希,裕季,裕紀,夕希,夕季,夕稀,夕紀,夕記,夕起,侑希,侑季
ゆきえ,yukie,幸絵,幸恵,幸慧,幸江,幸枝,雪映,雪絵,雪恵,雪江,雪枝,優希恵,優希江,優希枝,優季絵,優紀恵,優紀枝,優貴恵,友希江,友季恵,友紀枝,友貴絵,悠喜恵,悠希江,悠紀枝,悠貴恵,有喜恵,有希依,有希衣,有希映,有紀絵,有紀恵,由喜絵,由希恵,由季江,由紀枝,由記重,祐喜恵,祐希江,裕喜依,裕季絵
ゆきお,yukio,幸緒,雪緒
ゆきか,yukika,幸佳,幸果,幸花,幸華,幸香,雪佳,雪加,雪花,雪華,雪香,友紀佳,友紀果,由紀香,祐紀香,夕紀香
ゆきこ,yukiko,幸子,雪子,佑喜子,佑希子,佑季子,優喜子,優希子,優紀子,優樹子,友岐子,友希子,友紀子,悠季子,悠紀子,有喜子,有岐子,有希子,有季子,有紀子,由喜子,由希子,由季子,由紀子,由貴子,由起子,祐喜子,祐希子,祐妃子,裕喜子,裕希子,裕季子,裕貴子,裕輝子,夕季子,夕紀子,侑紀子
ゆきじ,yukiji,雪路
ゆきな,yukina,幸菜,幸奈,幸那,行奈,雪菜,雪奈,雪那,佑季奈,優希菜,優希奈,優輝奈,優妃奈,友希菜,友希那,友紀菜,友紀奈,友貴菜,友己奈,憂季奈,有希奈,有紀奈,有記奈,由希菜,由希奈,由季菜,由季奈,由紀菜,由紀奈,由紀那,由記奈,由貴奈,由貴那,由起奈,由樹菜,由樹奈,由木奈,祐希奈,裕希菜,裕希奈,裕季菜,裕季奈,裕紀奈,裕貴奈,夕希菜,夕紀奈
ゆきね,yukine,雪音
ゆきの,yukino,幸乃,雪乃,友希乃,友紀野,悠紀乃,祐貴乃
ゆきほ,yukiho,往歩,幸帆,幸歩,幸穂,雪穂,友希穂,友季帆,悠希帆,悠来穂,由葵帆,由希帆,由季穂,由紀穂,祐希穂
ゆきみ,yukimi,幸美,行美,征美,雪輝美,雪美,友希美,友紀美,有喜実,有希美,有紀美,由喜美,由季美,由記美,由貴美
ゆきよ,yukiyo,幸世,幸代,行代,雪世,雪代,裕貴代
ゆくみ,yukumi,往美
ゆこ,yuko,由湖
ゆず,yuzu,柚
ゆずか,yuzuka,柚香
ゆずな,yuzuna,柚奈
ゆずは,yuzuha,遜葉,有寿葉,柚羽,柚葉
ゆずほ,yuzuho,柚穂
ゆずみ,yuzumi,柚美
ゆづき,yuzuki,弓月,佑月,悠月
ゆとり,yutori,悠登里
ゆな,yuna,結菜,結奈,優菜,優奈,優那,友菜,友奈,悠菜,悠那,柚奈,由奈,祐菜,祐奈,裕奈
ゆの,yuno,結乃,裕乃
ゆふ,yufu,優峯
ゆほ,yuho,佑穂
ゆま,yuma,結真,結麻,佑麻,佑茉,優麻,悠麻,遊沫
ゆみ,yumi,結美,佑美,優美,悠美,憂美,有美,由美,祐美,裕美,夕海,侑美
ゆみえ,yumie,弓絵,優美絵,優美恵,優美江,祐実江,裕実恵,裕美枝,侑美依
ゆみか,yumika,弓佳,弓加,弓香,結美香,佑美佳,優実夏,悠美香,由美佳,裕美佳
ゆみこ,yumiko,弓子,結実子,夢美子,佑三子,友美子,悠美子,有美子,由実子,由美子,祐見子,祐己子,裕美子
ゆみさ,yumisa,夕海沙
ゆみな,yumina,弓菜,弓奈,結美奈,結美那,佑美奈,友美奈,有己奈,有美奈,由允菜,由見名,由実奈,由美菜,由巳奈,裕美奈,遊美奈,侑美奈
ゆみね,yumine,弓音
ゆみの,yumino,弓乃,佑美乃,優美乃,友美乃,悠美乃,有美乃,由美乃,裕美乃
ゆみは,yumiha,弓葉
ゆみほ,yumiho,弓穂,優美穂,由美穂
ゆみや,yumiya,由美弥
ゆみよ,yumiyo,弓世,弓代,由美代,祐美代,裕美代
ゆめ,yume,結芽,結女,優芽,有芽
ゆめか,yumeka,夢佳,夢加,夢夏,夢花,夢華,夢香
ゆめき,yumeki,夢希,夢姫
ゆめこ,yumeko,夢仔,夢子
ゆめじ,yumeji,夢路
ゆめな,yumena,夢菜,夢奈
ゆめの,yumeno,夢乃
ゆめほ,yumeho,夢帆,夢歩,夢穂
ゆめみ,yumemi,夢見,夢美
ゆら,yura,由良
ゆり,yuri,結梨,結理,結里,結莉,百合,百梨,百莉,佑梨,佑理,佑里,佑莉,優梨,優理,優里,優莉,友李,友梨,友里,友莉,悠利,悠李,悠梨,悠理,悠里,悠莉,祐李,祐梨,祐莉,裕莉,侑梨,侑里,侑莉
ゆりあ,yuria,結莉亜,百合亜,百合愛,百梨亜,佑梨愛,佑里亜,優李亜,優梨亜,優里亜,友梨亜,友理亜,友理愛,友里亜,友里愛,友莉亜,悠梨亜,悠莉亜,有梨亜,有理亜,有璃愛,有里亜,有里愛,有莉亜,由利亜,由梨亜,由理阿,由理亞,由里亜,由莉亜,裕理亜,裕里亜,夕璃安,夕里亜
ゆりえ,yurie,結梨枝,結理恵,結里恵,百合愛,百合衣,百合映,百合英,百合絵,百合恵,百合江,百合枝,百合惠,佑利恵,佑理恵,佑理江,佑里英,佑里絵,佑里恵,優利恵,優利江,優梨恵,優理絵,優理恵,優理江,優里絵,優里恵,優里江,優里枝,友利絵,友利恵,友利江,友梨絵,友梨恵,友梨江,友理絵,友理恵,友理江,友理枝,友理惠,友里衣,友里映,友里絵,友里恵,友里江,友里枝,友莉絵,友莉恵,友莉江,宥莉絵,悠理恵,悠理江,悠里衣,悠里恵,悠里江,悠莉恵,有李絵,有梨依,有梨衣,有梨絵,有梨恵,有梨江,有理栄,有理恵,有理江,有理枝,有里依,有里絵,有里恵,有里江,有里枝,有莉恵,柚利枝,由織絵,由利絵,由利恵,由利江,由利枝,由利惠,由吏江,由吏重,由梨依,由梨絵,由梨恵,由梨江,由梨枝,由理絵,由理恵,由理江,由理枝,由里愛,由里衣,由里栄,由里絵,由里恵,由里江,由里枝,祐利江,祐李枝,祐梨恵,祐理恵,祐理江,祐理枝,祐里恵,祐里江,祐里枝,裕利江,裕梨恵,裕理絵,裕理恵,裕理枝,裕理笑,裕里瑛,裕里絵,裕里恵,裕里江,夕利衣,夕梨恵,夕里江,夕里枝,侑利恵,侑里恵,侑里枝,侑莉江
ゆりか,yurika,弓里香,結理花,結里加,結里花,結里香,結莉花,幸里香,珠理香,百合佳,百合夏,百合架,百合歌,百合花,百合華,百合香,百合鹿,百理香,唯理香,佑里夏,佑里香,優利佳,優利香,優吏佳,優梨佳,優梨加,優梨香,優理花,優理香,優里佳,優里加,優里花,優里香,優莉佳,優莉華,優莉香,友利加,友利華,友利香,友梨佳,友梨加,友梨夏,友梨花,友梨華,友梨香,友梨書,友理佳,友理果,友理香,友里佳,友里加,友里嘉,友里夏,友里果,友里歌,友里花,友里香,友莉佳,友莉香,悠李佳,悠里可,悠里香,憂梨香,有利佳,有利加,有利華,有利香,有梨佳,有梨花,有梨香,有理佳,有理加,有理可,有理歌,有理圭,有理香,有里佳,有里加,有里賀,有里香,有莉花,由合加,由利佳,由利加,由利華,由利香,由吏加,由吏香,由梨佳,由梨加,由梨可,由梨果,由梨花,由梨香,由梨耶,由理佳,由理加,由理花,由理香,由璃香,由里佳,由里加,由里歌,由里花,由里華,由里香,由莉佳,由莉果,由莉華,由莉香,祐利佳,祐梨香,祐理香,祐里佳,祐里加,祐里香,裕理香,裕里佳,裕里加,裕里香,夕利加,夕利花,夕利香,夕李花,夕梨花,夕梨香,夕里佳,夕里加,夕里夏,夕里歌,夕里花,夕里香,侑梨加,侑梨香,侑理加,侑里佳,侑里花,侑里華,侑里香
ゆりき,yuriki,百合樹
ゆりこ,yuriko,弓里子,結里子,幸里子,抽理子,百合子,百利子,百理子,百里子,百莉子,夢里子,愉理子,諭吏子,諭理子,唯理子,佑合子,佑利子,佑吏子,佑梨子,佑理子,佑璃子,佑里子,優利子,優梨子,優理子,優里子,友鯉子,友合子,友利子,友吏子,友梨子,友理子,友璃子,友里子,友怜子,悠利子,悠梨子,悠理子,悠里子,悠倫子,悠莉子,有利子,有吏子,有李子,有梨子,有理子,有璃子,有里子,有輪子,有莉子,柚理子,由合子,由利子,由吏子,由李子,由梨子,由理子,由里子,由律子,由倫子,由侖子,由莉子,祐利子,祐李子,祐梨子,祐理子,祐里子,祐麗子,祐莉子,裕利子,裕吏子,裕李子,裕梨子,裕理子,裕里子,裕莉子,夕利子,夕梨子,夕理子,夕里子,侑利子,侑理子,侑里子,侑林子,侑莉子
ゆりさ,yurisa,由梨紗
ゆりな,yurina,結里菜,百合菜,百合奈,百合那,百合名,百里奈,佑璃那,佑里那,優利奈,優理菜,優理奈,優里菜,優里奈,優里那,友梨菜,友梨奈,友理菜,友理奈,友里菜,友里奈,友里那,友莉菜,友莉奈,悠梨名,悠里奈,悠里名,有利菜,有梨菜,有梨奈,有理菜,有理奈,有里菜,有里奈,有里南,有莉奈,由利菜,由利奈,由梨菜,由梨奈,由理菜,由理奈,由里奈,由莉奈,祐利菜,祐里奈,裕梨奈,裕里奈,夕里菜,夕里奈,侑里奈
ゆりの,yurino,百合乃,百里乃,優理乃,友利乃,友梨乃,友里乃,悠梨乃,有梨乃,有里乃,由合乃,由梨乃,由莉乃,裕莉乃
ゆりは,yuriha,祐里波
ゆりほ,yuriho,友里帆,由里穂
ゆりみ,yurimi,百合美,優理美,友里美,由利美,由里美
ゆりよ,yuriyo,百合世,百合代,由里代,裕里代
ゆわこ,yuwako,優和子,友和子,由和子,祐和子
ゆんな,yunna,潤奈
よう,you,謡
ようか,youka,蓉花
ようこ,youko,躍子,容子,庸子,曜子,洋子,溶子,用子,羊子,耀子,葉子,要子,謡子,陽子,燿子,瑶子
ようね,youne,葉音
ようは,youha,陽葉
ようひ,youhi,陽妃
よしえ,yoshie,愛絵,佳依,佳衣,佳会,佳絵,佳恵,佳慧,佳江,佳枝,佳重,佳代,嘉絵,嘉恵,嘉江,嘉枝,喜衣,喜絵,喜恵,喜江,喜枝,喜重,義絵,義恵,義江,吉絵,吉恵,吉江,吉枝,啓恵,啓江,圭絵,圭恵,圭江,慶恵,慶江,慶枝,好衣,好衛,好絵,好恵,好江,好枝,好重,淑絵,淑恵,淑江,淑枝,祥絵,祥恵,祥枝,祥重,善絵,善恵,善江,善枝,芳恵,芳江,芳枝,良衣,良絵,良恵,良江,良枝
よしか,yoshika,佳加,佳夏,佳果,佳花,佳華,佳香,嘉香,喜香,義果,吉佳,吉華,吉香,好夏,好花,好香,淑佳,淑加,淑夏,淑華,淑香,芳香,良花,良馨
よしこ,yoshiko,佳子,嘉子,喜子,義子,吉子,淑子,祥子,善子,美子,芳子,予至子,余史子,与志子,良子
よしな,yoshina,佳菜,佳奈,吉奈,美奈,芳菜,芳奈
よしね,yoshine,佳音,好音,芳音
よしの,yoshino,佳乃,嘉乃,喜乃,義乃,吉乃,慶乃,好乃,淑乃,祥乃,善乃,美乃,芳乃,与志乃,良乃
よしは,yoshiha,淑葉
よしほ,yoshiho,義穂,吉穂,好穂,淑穂,善穂,芳帆,芳穂,良穂
よしみ,yoshimi,葦実,佳美,嘉海,嘉美,喜美,義美,吉美,慶美,敬美,好美,叔美,淑美,祥美,善美,芳美,由美,与志美,誉志美,良美
よぞら,yozora,夜空
よつば,yotsuba,佳津葉
よづる,yozuru,夜鶴
よど,yodo,淀
よねか,yoneka,米香
よねこ,yoneko,代根子,米子
よねみ,yonemi,米美
よはね,yohane,与羽音
よもぎ,yomogi,蓬
よりえ,yorie,依絵,依恵,依江,依枝,順絵,順恵,順江,頼江
よりか,yorika,依佳,依加,依香,依芳,順果,順香,頼佳,頼香
よりこ,yoriko,依子,依吏子,依理子,順子,与梨子,与理子,与里子,与倫子,頼子
よりな,yorina,依奈
よりほ,yoriho,順帆
よりみ,yorimi,因美,順美,頼美
らいか,raika,来夏,来香
らいな,raina,来奈,頼奈,頼那
らいむ,raimu,来夢
らいら,raira,頼羅
らく,raku,楽
らくみ,rakumi,来久美
らすか,rasuka,羅洲香
らな,rana,羅奈
らぶ,rabu,羅舞
らみ,rami,羅美
らむ,ramu,羅夢
らむね,ramune,羅夢音
らも,ramo,羅萌
らら,rara,楽々,羅々
ららか,raraka,良々歌
らん,ran,藍,蘭
らんか,ranka,蘭歌,蘭花
らんこ,ranko,嵐子
らんな,ranna,蘭奈,藍奈
らんらん,ranran,蘭々
りあ,ria,梨亜,理愛,莉亜
りあす,riasu,梨明日
りあね,riane,璃亜音
りあん,rian,梨杏,莉杏
りい,ri,里衣
りいこ,riko,利伊子,利衣子,理以子,理委子,理意子,理衣子,理井子,里維子,里衣子,里一子
りいさ,risa,浬衣沙
りいな,rina,利維菜,梨衣菜,梨衣奈,理依奈,里衣菜,莉衣菜,莉唯菜
りうる,riuru,莉潤
りえ,rie,利愛,利絵,利恵,利江,利枝,利重,利笑,吏絵,吏恵,吏江,吏彗,吏惠,李絵,李恵,李江,李枝,梨会,梨絵,梨恵,梨慧,梨江,梨枝,理会,理絵,理恵,理慧,理江,理枝,理重,理笑,里絵,里恵,里江,里枝,里重,莉会,莉絵,莉恵,莉慧,莉江
りえか,rieka,利恵香,理恵香,莉絵華
りえこ,rieko,利絵子,利恵子,利江子,利枝子,利重子,李絵子,李江子,梨依子,梨映子,梨栄子,梨英子,梨詠子,梨絵子,梨恵子,梨江子,梨枝子,梨笑子,理愛子,理依子,理映子,理栄子,理永子,理泳子,理英子,理詠子,理絵子,理恵子,理江子,理枝子,理重子,理惠子,里依子,里映子,里栄子,里永子,里泳子,里瑛子,里英子,里絵子,里恵子,里江子,里枝子,律絵子,律恵子,莉依子,莉映子,莉絵子,莉恵子,莉枝子
りえな,riena,利江奈,理恵奈,里衣奈
りえみ,riemi,利恵美,理恵美,理江美,里恵美
りお,rio,利緒,李緒,梨央,梨緒,理緒,璃桜,璃緒,里緒,莉央,莉緒
りおか,rioka,里桜花
りおこ,rioko,梨王子,梨緒子,理央子,理緒子,莉緒子
りおな,riona,梨央奈,梨緒奈,璃緒奈,里緒菜,里織菜
りおね,rione,梨織音
りおん,rion,梨音,璃音,莉音
りか,rika,利佳,利加,利嘉,利夏,利果,利花,利華,利香,李佳,李加,李華,梨佳,梨嘉,梨夏,梨歌,梨花,梨香,梨克,理佳,理嘉,理夏,理果,理歌,理花,理華,理香,璃歌,里佳,里加,里嘉,里夏,里果,里架,里歌,里花,里華,里香,律香,莉佳,莉加,莉果,莉歌,莉花,莉華,莉香,凜香
りかえ,rikae,利佳江,理加恵,理香恵,里加江
りかこ,rikako,利伽子,利佳子,利加子,利可子,利嘉子,利夏子,利果子,利架子,利歌子,利花子,利華子,利香子,吏佳子,吏花子,李佳子,梨佳子,梨加子,梨夏子,梨果子,梨花子,梨華子,梨香子,理佳子,理加子,理可子,理嘉子,理夏子,理果子,理架子,理花子,理華子,理香子,里佳子,里加子,里可子,里嘉子,里夏子,里果子,里歌子,里花子,里圭子,里香子,莉佳子,莉加子,莉可子,莉花子,莉華子,莉香子
りかな,rikana,里奏
りきこ,rikiko,利喜子,梨記子,理喜子,理季子,理紀子,理記子,理起子
りくみ,rikumi,陸未
りこ,riko,李子,梨子,理子,璃子,里子,莉子
りこな,rikona,梨粉,理湖奈
りさ,risa,利佐,利沙,利咲,利紗,吏砂,李沙,李砂,李紗,梨佐,梨沙,梨砂,梨裟,梨彩,梨紗,梨渚,理佐,理沙,理砂,理紗,理抄,璃紗,里佐,里沙,里彩,里咲,里紗,里抄,莉沙,莉彩,莉紗,莉里
りさえ,risae,利咲枝,理沙恵,理沙江,理紗恵,律沙枝
りさこ,risako,利佐子,利沙子,利紗子,利早子,吏佐子,吏紗子,梨沙子,梨彩子,梨咲子,梨紗子,理佐子,理沙子,理彩子,理咲子,理紗子,理抄子,璃沙子,璃紗子,里佐子,里沙子,里砂子,里彩子,里紗子,莉沙子,莉紗子
りさの,risano,梨沙乃,理紗乃
りさほ,risaho,里沙帆
りす,risu,里須
りず,rizu,俐珠
りずむ,rizumu,裡須夢
りせら,risera,里星来
りつ,ritsu,利津,梨都,律
りつえ,ritsue,律絵,律恵,律江
りつき,ritsuki,律月
りつこ,ritsuko,利津子,利都子,吏津子,梨津子,梨都子,理津子,理都子,里津子,里都子,律子,立子
りつの,ritsuno,律乃
りつほ,ritsuho,律穂
りつみ,ritsumi,理津美,律美
りつよ,ritsuyo,律世,律代
りづ,rizu,里鶴
りと,rito,梨都
りな,rina,利菜,利奈,利名,吏菜,吏奈,李菜,李奈,李那,梨菜,梨渚,梨奈,梨那,理菜,理渚,理奈,理那,璃菜,璃奈,里茄,里菜,里奈,里那,律奈,倫奈,麗菜,麗奈,麗乃,凛奈,莉菜,莉渚,莉奈,莉那,莉娜
りなこ,rinako,利菜子,利奈子,李奈子,梨菜子,梨奈子,梨那子,梨南子,理奈子,理那子,理南子,里菜子,里奈子,里那子,莉菜子,莉奈子
りの,rino,李乃,梨乃,梨野,理乃,璃乃,里乃,莉乃
りのか,rinoka,里野香
りぶ,ribu,梨舞
りほ,riho,利穂,吏穂,李帆,梨帆,梨穂,理帆,理穂,璃穂,里帆,里保,里穂,莉帆,莉穂
りほこ,rihoko,利帆子,利保子,利穂子,梨帆子,理保子,理穂子,璃帆子,里帆子,里穂子
りま,rima,璃麻
りまこ,rimako,理磨子,理万子,里摩子,里万子
りみ,rimi,利実,利美,吏美,梨美,理美,璃美,里美,莉美
りみか,rimika,理美香,里美香
りみこ,rimiko,利美子,梨美子,理実子,理美子,里実子,里美子
りもね,rimone,里萌音
りやこ,riyako,利弥子,利矢子,梨弥子,梨矢子,理哉子,理也子,理耶子,理矢子,里弥子,里矢子
りゅうか,ryuka,粒香
りょう,ryou,涼,遼
りょうこ,ryouko,竜子,龍子,了子,亮子,僚子,両子,凌子,寮子,涼子,瞭子,稜子,糧子,良子,諒子,遼子,量子,陵子,領子,嶺子,凉子
りよ,riyo,莉代
りよこ,riyoko,利佳子,利世子,利代子,利予子,利容子,吏世子,吏予子,吏要子,理依子,理世子,理代子,理予子,理与子,理容子,理陽子,理良子,里世子,里代子,里予子,里容子
りら,rira,莉羅
りり,riri,浬々,莉々
りりい,riri,莉里依
りりえ,ririe,里々枝
りりか,ririka,梨々花,梨々香,梨里花,璃々香,里利佳,凛々花,莉李花
りりこ,ririko,梨々子,梨里子,理里子,璃梨子,璃々子,璃莉子,里吏子,里梨子,律々子,倫理子,凛々子,莉里子,莉々子,凜莉子
りりな,ririna,利里奈
りる,riru,理留
りん,rin,綸,凜
りんか,rinka,梨花,梨香,凛歌,凛華,凛香
りんこ,rinko,倫子,琳子,臨子,輪子,麟子,鈴子,凛子,凜子
りんご,ringo,林檎
りんす,rinsu,稟珠
りんだ,rinda,鈴那
りんな,rinna,梨奈,鈴奈,凛菜,凛奈
りんね,rinne,鈴音,凛音
りんりん,rinrin,林凛
るあ,rua,琉愛
るい,rui,流威,流衣,琉依,留以,留依,留衣,瑠以,瑠依,瑠偉,瑠威,瑠惟,瑠維,瑠衣,瑠似,類
るいか,ruika,塁可
るいこ,ruiko,流衣子,留以子,留依子,留衣子,瑠以子,瑠依子,瑠衣子,瑠糸子,累子
るいさ,ruisa,瑠依紗
るいな,ruina,留衣奈
るいね,ruine,流唯寧
るうし,rushi,瑠卯詩
るか,ruka,流佳,流夏,流香,流風,琉架,留佳,留加,留花,留華,留香,瑠伽,瑠佳,瑠加,瑠夏,瑠果,瑠歌,瑠花,瑠華,瑠香
るかこ,rukako,留加子,瑠華子
るく,ruku,瑠玖
るこ,ruko,瑠子
るさ,rusa,瑠紗
るしあ,rushia,琉詩亜
るちあ,ruchia,流知愛
るな,runa,瑠奈
るね,rune,流寧
るのあ,runoa,瑠乃亜
るび,rubi,瑠美
るみ,rumi,流美,琉美,留美,瑠光,瑠美
るみえ,rumie,留美絵,留美江,留美枝,瑠美絵,瑠美恵
るみか,rumika,留美香,瑠美佳,瑠美香
るみこ,rumiko,流海子,流美子,留海子,留美子,瑠海子,瑠美子
るみな,rumina,留美奈,瑠美奈
るみね,rumine,留美根
るり,ruri,琉璃,留梨,瑠梨,瑠理,瑠璃,瑠里,瑠莉
るりあ,ruria,瑠里有
るりえ,rurie,留利江,留理恵,瑠理恵,瑠璃絵,瑠璃恵,瑠莉恵
るりか,rurika,留梨香,留理佳,留理香,留里佳,留里果,瑠璃夏,瑠玲香,瑠莉佳
るりこ,ruriko,流利子,琉理子,留梨子,留理子,留璃子,留里子,留莉子,瑠利子,瑠李子,瑠梨子,瑠理子,瑠璃子,瑠里子,榴里子
るりな,rurina,瑠里菜
るりは,ruriha,留莉巴
るる,ruru,流留,留々
るるな,ruruna,琉々菜
れあ,rea,玲亜
れい,rei,令依,令衣,伶,怜,怜依,怜衣,玲,玲依,玲衣,礼依,礼衣,麗,麗以,麗偉,麗衣,澪
れいあ,reia,怜亜,玲亜,麗亜,麗愛
れいえ,reie,麗衛
れいか,reika,令佳,令果,令花,令華,令香,伶佳,伶夏,伶花,伶圭,伶香,嶺花,嶺華,嶺香,怜夏,怜果,怜花,怜華,怜香,玲衣香,玲伽,玲佳,玲加,玲嘉,玲夏,玲果,玲架,玲歌,玲花,玲華,玲香,礼佳,礼加,礼夏,礼果,礼花,礼華,礼香,零華,麗佳,麗加,麗可,麗嘉,麗夏,麗果,麗歌,麗花,麗華,麗香,麗鹿,澪伽,澪佳,澪夏
れいこ,reiko,令以子,令依子,令委子,令意子,令維子,令郁子,令英子,令子,伶衣子,伶子,嶺子,怜湖,怜子,玲以子,玲伊子,玲偉子,玲惟子,玲衣子,玲英子,玲恵子,玲子,礼以子,礼位子,礼依子,礼緯子,礼衣子,礼己子,礼子,零子,麗依子,麗子,黎子
れいさ,reisa,玲沙
れいす,reisu,澪澄
れいな,reina,令菜,令奈,伶菜,伶奈,伶那,励奈,嶺那,怜以奈,怜依奈,怜衣菜,怜菜,怜奈,怜那,怜南,玲以奈,玲衣奈,玲菜,玲奈,玲那,玲南,礼以奈,礼伊那,礼衣奈,礼菜,礼奈,礼那,鈴菜,鈴奈,零菜,零奈,零那,麗衣奈,麗衣名,麗菜,麗奈,麗那,麗捺,麗名,麗娜,澪菜,澪奈,澪那,黎奈
れいね,reine,怜音,礼音,鈴音,麗音
れいの,reino,令乃,玲乃,麗乃
れいほ,reiho,玲穂
れいみ,reimi,令美,伶美,怜美,玲実,玲美,玲弥,礼実,礼美,鈴美,麗実,麗美
れいら,reira,鈴良,麗羅
れいり,reiri,澪李
れいりん,reirin,麗鈴
れおな,reona,怜央奈,怜緒奈,玲於奈,玲央奈,玲欧奈,玲桜奈,玲緒菜,玲緒奈,玲緒那,玲雄奈,礼央那,礼緒奈,鈴央菜,麗王奈,麗緒奈,澪央奈
れな,rena,令菜,令奈,令那,伶菜,伶奈,冷奈,怜菜,怜奈,怜那,玲菜,玲奈,玲那,玲名,礼菜,礼奈,礼那,礼名,麗菜,麗奈,麗那,麗名,恋奈,練奈,莉奈
れの,reno,麗乃
れみ,remi,令美,伶実,伶美,怜実,怜美,玲美,礼美,零美,麗海,麗実,麗水,麗美
れみか,remika,玲美香,礼美香,麗美花
れみな,remina,怜美那,玲美奈,麗美那
れもん,remon,麗紋
れらん,reran,恋蘭
れん,ren,恋,簾,蓮
れんか,renka,蓮花
れんり,renri,蓮李
ろあな,roana,露阿奈
ろおさ,rosa,露央沙
ろか,roka,路花
ろこ,roko,蕗子
ろさ,rosa,蕗沙
ろな,rona,路奈
ろみ,romi,呂美,路美,露美
ろみか,romika,路美花
ろみこ,romiko,路美子
ろわ,rowa,路和
わえ,wae,和愛
わえみ,waemi,羽絵未,和笑
わお,wao,羽央
わおん,waon,羽音
わか,waka,倭香,和佳,和加,和可,和夏,和果,和歌,和花,和華,和香
わかえ,wakae,若恵,若江,若枝,和佳恵,和加恵,和加江,和加枝,和加重,和可恵,和可枝,和歌絵,和歌枝,和香恵,和香江,和香枝
わかこ,wakako,羽香子,環香子,若薫子,若子,稚佳子,輪佳子,輪加子,輪香子,倭可子,和佳子,和加子,和可子,和嘉子,和夏子,和果子,和歌子,和花子,和華子,和雅子,和圭子,和桂子,和香子
わかさ,wakasa,和華彩,和香佐,和香沙
わかな,wakana,若加奈,若夏菜,若菜,若奈,若那,和佳菜,和佳奈,和佳那,和加奈,和可菜,和可奈,和嘉奈,和歌菜,和歌奈,和花菜,和花奈,和華奈,和華那,和圭菜,和圭那,和香菜,和香奈,和香那,和奏
わかね,wakane,羽架音,若音
わかの,wakano,若乃,和佳乃,和加乃
わかば,wakaba,若葉,和歌葉,和香葉
わかほ,wakaho,若穂,和歌穂
わかみ,wakami,若美,和佳美,和加美,和香美
わかめ,wakame,若芽
わかよ,wakayo,和佳代,和加代,和歌代,和香代
わきこ,wakiko,和喜子,和希子,和規子,和貴子
わくみ,wakumi,湧水
わくり,wakuri,和久里
わこ,wako,環子,輪子,倭子,和湖,和子
わさ,wasa,和沙
わたこ,watako,綿子
わたみ,watami,綿美
わつ,watsu,和津
わつき,watsuki,琶月
わゆう,wayu,和憂
わらび,warabi,笑美,蕨
